record_path,session,participant,gesture,class,y,trial
..\data\raw\grabmyo\1.1.0\Session1\session1_participant1\session1_participant1_gesture11_trial1,1,1,11,WF,0,1
..\data\raw\grabmyo\1.1.0\Session1\session1_participant1\session1_participant1_gesture11_trial2,1,1,11,WF,0,2
..\data\raw\grabmyo\1.1.0\Session1\session1_participant1\session1_participant1_gesture11_trial3,1,1,11,WF,0,3
..\data\raw\grabmyo\1.1.0\Session1\session1_participant1\session1_participant1_gesture11_trial4,1,1,11,WF,0,4
..\data\raw\grabmyo\1.1.0\Session1\session1_participant1\session1_participant1_gesture11_trial5,1,1,11,WF,0,5
..\data\raw\grabmyo\1.1.0\Session1\session1_participant1\session1_participant1_gesture11_trial6,1,1,11,WF,0,6
..\data\raw\grabmyo\1.1.0\Session1\session1_participant1\session1_participant1_gesture11_trial7,1,1,11,WF,0,7
..\data\raw\grabmyo\1.1.0\Session1\session1_participant1\session1_participant1_gesture12_trial1,1,1,12,WE,1,1
..\data\raw\grabmyo\1.1.0\Session1\session1_participant1\session1_participant1_gesture12_trial2,1,1,12,WE,1,2
..\data\raw\grabmyo\1.1.0\Session1\session1_participant1\session1_participant1_gesture12_trial3,1,1,12,WE,1,3
..\data\raw\grabmyo\1.1.0\Session1\session1_participant1\session1_participant1_gesture12_trial4,1,1,12,WE,1,4
..\data\raw\grabmyo\1.1.0\Session1\session1_participant1\session1_participant1_gesture12_trial5,1,1,12,WE,1,5
..\data\raw\grabmyo\1.1.0\Session1\session1_participant1\session1_participant1_gesture12_trial6,1,1,12,WE,1,6
..\data\raw\grabmyo\1.1.0\Session1\session1_participant1\session1_participant1_gesture12_trial7,1,1,12,WE,1,7
..\data\raw\grabmyo\1.1.0\Session1\session1_participant1\session1_participant1_gesture15_trial1,1,1,15,HO,2,1
..\data\raw\grabmyo\1.1.0\Session1\session1_participant1\session1_participant1_gesture15_trial2,1,1,15,HO,2,2
..\data\raw\grabmyo\1.1.0\Session1\session1_participant1\session1_participant1_gesture15_trial3,1,1,15,HO,2,3
..\data\raw\grabmyo\1.1.0\Session1\session1_participant1\session1_participant1_gesture15_trial4,1,1,15,HO,2,4
..\data\raw\grabmyo\1.1.0\Session1\session1_participant1\session1_participant1_gesture15_trial5,1,1,15,HO,2,5
..\data\raw\grabmyo\1.1.0\Session1\session1_participant1\session1_participant1_gesture15_trial6,1,1,15,HO,2,6
..\data\raw\grabmyo\1.1.0\Session1\session1_participant1\session1_participant1_gesture15_trial7,1,1,15,HO,2,7
..\data\raw\grabmyo\1.1.0\Session1\session1_participant1\session1_participant1_gesture16_trial1,1,1,16,HC,3,1
..\data\raw\grabmyo\1.1.0\Session1\session1_participant1\session1_participant1_gesture16_trial2,1,1,16,HC,3,2
..\data\raw\grabmyo\1.1.0\Session1\session1_participant1\session1_participant1_gesture16_trial3,1,1,16,HC,3,3
..\data\raw\grabmyo\1.1.0\Session1\session1_participant1\session1_participant1_gesture16_trial4,1,1,16,HC,3,4
..\data\raw\grabmyo\1.1.0\Session1\session1_participant1\session1_participant1_gesture16_trial5,1,1,16,HC,3,5
..\data\raw\grabmyo\1.1.0\Session1\session1_participant1\session1_participant1_gesture16_trial6,1,1,16,HC,3,6
..\data\raw\grabmyo\1.1.0\Session1\session1_participant1\session1_participant1_gesture16_trial7,1,1,16,HC,3,7
..\data\raw\grabmyo\1.1.0\Session2\session2_participant1\session2_participant1_gesture11_trial1,2,1,11,WF,0,1
..\data\raw\grabmyo\1.1.0\Session2\session2_participant1\session2_participant1_gesture11_trial2,2,1,11,WF,0,2
..\data\raw\grabmyo\1.1.0\Session2\session2_participant1\session2_participant1_gesture11_trial3,2,1,11,WF,0,3
..\data\raw\grabmyo\1.1.0\Session2\session2_participant1\session2_participant1_gesture11_trial4,2,1,11,WF,0,4
..\data\raw\grabmyo\1.1.0\Session2\session2_participant1\session2_participant1_gesture11_trial5,2,1,11,WF,0,5
..\data\raw\grabmyo\1.1.0\Session2\session2_participant1\session2_participant1_gesture11_trial6,2,1,11,WF,0,6
..\data\raw\grabmyo\1.1.0\Session2\session2_participant1\session2_participant1_gesture11_trial7,2,1,11,WF,0,7
..\data\raw\grabmyo\1.1.0\Session2\session2_participant1\session2_participant1_gesture12_trial1,2,1,12,WE,1,1
..\data\raw\grabmyo\1.1.0\Session2\session2_participant1\session2_participant1_gesture12_trial2,2,1,12,WE,1,2
..\data\raw\grabmyo\1.1.0\Session2\session2_participant1\session2_participant1_gesture12_trial3,2,1,12,WE,1,3
..\data\raw\grabmyo\1.1.0\Session2\session2_participant1\session2_participant1_gesture12_trial4,2,1,12,WE,1,4
..\data\raw\grabmyo\1.1.0\Session2\session2_participant1\session2_participant1_gesture12_trial5,2,1,12,WE,1,5
..\data\raw\grabmyo\1.1.0\Session2\session2_participant1\session2_participant1_gesture12_trial6,2,1,12,WE,1,6
..\data\raw\grabmyo\1.1.0\Session2\session2_participant1\session2_participant1_gesture12_trial7,2,1,12,WE,1,7
..\data\raw\grabmyo\1.1.0\Session2\session2_participant1\session2_participant1_gesture15_trial1,2,1,15,HO,2,1
..\data\raw\grabmyo\1.1.0\Session2\session2_participant1\session2_participant1_gesture15_trial2,2,1,15,HO,2,2
..\data\raw\grabmyo\1.1.0\Session2\session2_participant1\session2_participant1_gesture15_trial3,2,1,15,HO,2,3
..\data\raw\grabmyo\1.1.0\Session2\session2_participant1\session2_participant1_gesture15_trial4,2,1,15,HO,2,4
..\data\raw\grabmyo\1.1.0\Session2\session2_participant1\session2_participant1_gesture15_trial5,2,1,15,HO,2,5
..\data\raw\grabmyo\1.1.0\Session2\session2_participant1\session2_participant1_gesture15_trial6,2,1,15,HO,2,6
..\data\raw\grabmyo\1.1.0\Session2\session2_participant1\session2_participant1_gesture15_trial7,2,1,15,HO,2,7
..\data\raw\grabmyo\1.1.0\Session2\session2_participant1\session2_participant1_gesture16_trial1,2,1,16,HC,3,1
..\data\raw\grabmyo\1.1.0\Session2\session2_participant1\session2_participant1_gesture16_trial2,2,1,16,HC,3,2
..\data\raw\grabmyo\1.1.0\Session2\session2_participant1\session2_participant1_gesture16_trial3,2,1,16,HC,3,3
..\data\raw\grabmyo\1.1.0\Session2\session2_participant1\session2_participant1_gesture16_trial4,2,1,16,HC,3,4
..\data\raw\grabmyo\1.1.0\Session2\session2_participant1\session2_participant1_gesture16_trial5,2,1,16,HC,3,5
..\data\raw\grabmyo\1.1.0\Session2\session2_participant1\session2_participant1_gesture16_trial6,2,1,16,HC,3,6
..\data\raw\grabmyo\1.1.0\Session2\session2_participant1\session2_participant1_gesture16_trial7,2,1,16,HC,3,7
..\data\raw\grabmyo\1.1.0\Session3\session3_participant1\session3_participant1_gesture11_trial1,3,1,11,WF,0,1
..\data\raw\grabmyo\1.1.0\Session3\session3_participant1\session3_participant1_gesture11_trial2,3,1,11,WF,0,2
..\data\raw\grabmyo\1.1.0\Session3\session3_participant1\session3_participant1_gesture11_trial3,3,1,11,WF,0,3
..\data\raw\grabmyo\1.1.0\Session3\session3_participant1\session3_participant1_gesture11_trial4,3,1,11,WF,0,4
..\data\raw\grabmyo\1.1.0\Session3\session3_participant1\session3_participant1_gesture11_trial5,3,1,11,WF,0,5
..\data\raw\grabmyo\1.1.0\Session3\session3_participant1\session3_participant1_gesture11_trial6,3,1,11,WF,0,6
..\data\raw\grabmyo\1.1.0\Session3\session3_participant1\session3_participant1_gesture11_trial7,3,1,11,WF,0,7
..\data\raw\grabmyo\1.1.0\Session3\session3_participant1\session3_participant1_gesture12_trial1,3,1,12,WE,1,1
..\data\raw\grabmyo\1.1.0\Session3\session3_participant1\session3_participant1_gesture12_trial2,3,1,12,WE,1,2
..\data\raw\grabmyo\1.1.0\Session3\session3_participant1\session3_participant1_gesture12_trial3,3,1,12,WE,1,3
..\data\raw\grabmyo\1.1.0\Session3\session3_participant1\session3_participant1_gesture12_trial4,3,1,12,WE,1,4
..\data\raw\grabmyo\1.1.0\Session3\session3_participant1\session3_participant1_gesture12_trial5,3,1,12,WE,1,5
..\data\raw\grabmyo\1.1.0\Session3\session3_participant1\session3_participant1_gesture12_trial6,3,1,12,WE,1,6
..\data\raw\grabmyo\1.1.0\Session3\session3_participant1\session3_participant1_gesture12_trial7,3,1,12,WE,1,7
..\data\raw\grabmyo\1.1.0\Session3\session3_participant1\session3_participant1_gesture15_trial1,3,1,15,HO,2,1
..\data\raw\grabmyo\1.1.0\Session3\session3_participant1\session3_participant1_gesture15_trial2,3,1,15,HO,2,2
..\data\raw\grabmyo\1.1.0\Session3\session3_participant1\session3_participant1_gesture15_trial3,3,1,15,HO,2,3
..\data\raw\grabmyo\1.1.0\Session3\session3_participant1\session3_participant1_gesture15_trial4,3,1,15,HO,2,4
..\data\raw\grabmyo\1.1.0\Session3\session3_participant1\session3_participant1_gesture15_trial5,3,1,15,HO,2,5
..\data\raw\grabmyo\1.1.0\Session3\session3_participant1\session3_participant1_gesture15_trial6,3,1,15,HO,2,6
..\data\raw\grabmyo\1.1.0\Session3\session3_participant1\session3_participant1_gesture15_trial7,3,1,15,HO,2,7
..\data\raw\grabmyo\1.1.0\Session3\session3_participant1\session3_participant1_gesture16_trial1,3,1,16,HC,3,1
..\data\raw\grabmyo\1.1.0\Session3\session3_participant1\session3_participant1_gesture16_trial2,3,1,16,HC,3,2
..\data\raw\grabmyo\1.1.0\Session3\session3_participant1\session3_participant1_gesture16_trial3,3,1,16,HC,3,3
..\data\raw\grabmyo\1.1.0\Session3\session3_participant1\session3_participant1_gesture16_trial4,3,1,16,HC,3,4
..\data\raw\grabmyo\1.1.0\Session3\session3_participant1\session3_participant1_gesture16_trial5,3,1,16,HC,3,5
..\data\raw\grabmyo\1.1.0\Session3\session3_participant1\session3_participant1_gesture16_trial6,3,1,16,HC,3,6
..\data\raw\grabmyo\1.1.0\Session3\session3_participant1\session3_participant1_gesture16_trial7,3,1,16,HC,3,7
..\data\raw\grabmyo\1.1.0\Session1\session1_participant2\session1_participant2_gesture11_trial1,1,2,11,WF,0,1
..\data\raw\grabmyo\1.1.0\Session1\session1_participant2\session1_participant2_gesture11_trial2,1,2,11,WF,0,2
..\data\raw\grabmyo\1.1.0\Session1\session1_participant2\session1_participant2_gesture11_trial3,1,2,11,WF,0,3
..\data\raw\grabmyo\1.1.0\Session1\session1_participant2\session1_participant2_gesture11_trial4,1,2,11,WF,0,4
..\data\raw\grabmyo\1.1.0\Session1\session1_participant2\session1_participant2_gesture11_trial5,1,2,11,WF,0,5
..\data\raw\grabmyo\1.1.0\Session1\session1_participant2\session1_participant2_gesture11_trial6,1,2,11,WF,0,6
..\data\raw\grabmyo\1.1.0\Session1\session1_participant2\session1_participant2_gesture11_trial7,1,2,11,WF,0,7
..\data\raw\grabmyo\1.1.0\Session1\session1_participant2\session1_participant2_gesture12_trial1,1,2,12,WE,1,1
..\data\raw\grabmyo\1.1.0\Session1\session1_participant2\session1_participant2_gesture12_trial2,1,2,12,WE,1,2
..\data\raw\grabmyo\1.1.0\Session1\session1_participant2\session1_participant2_gesture12_trial3,1,2,12,WE,1,3
..\data\raw\grabmyo\1.1.0\Session1\session1_participant2\session1_participant2_gesture12_trial4,1,2,12,WE,1,4
..\data\raw\grabmyo\1.1.0\Session1\session1_participant2\session1_participant2_gesture12_trial5,1,2,12,WE,1,5
..\data\raw\grabmyo\1.1.0\Session1\session1_participant2\session1_participant2_gesture12_trial6,1,2,12,WE,1,6
..\data\raw\grabmyo\1.1.0\Session1\session1_participant2\session1_participant2_gesture12_trial7,1,2,12,WE,1,7
..\data\raw\grabmyo\1.1.0\Session1\session1_participant2\session1_participant2_gesture15_trial1,1,2,15,HO,2,1
..\data\raw\grabmyo\1.1.0\Session1\session1_participant2\session1_participant2_gesture15_trial2,1,2,15,HO,2,2
..\data\raw\grabmyo\1.1.0\Session1\session1_participant2\session1_participant2_gesture15_trial3,1,2,15,HO,2,3
..\data\raw\grabmyo\1.1.0\Session1\session1_participant2\session1_participant2_gesture15_trial4,1,2,15,HO,2,4
..\data\raw\grabmyo\1.1.0\Session1\session1_participant2\session1_participant2_gesture15_trial5,1,2,15,HO,2,5
..\data\raw\grabmyo\1.1.0\Session1\session1_participant2\session1_participant2_gesture15_trial6,1,2,15,HO,2,6
..\data\raw\grabmyo\1.1.0\Session1\session1_participant2\session1_participant2_gesture15_trial7,1,2,15,HO,2,7
..\data\raw\grabmyo\1.1.0\Session1\session1_participant2\session1_participant2_gesture16_trial1,1,2,16,HC,3,1
..\data\raw\grabmyo\1.1.0\Session1\session1_participant2\session1_participant2_gesture16_trial2,1,2,16,HC,3,2
..\data\raw\grabmyo\1.1.0\Session1\session1_participant2\session1_participant2_gesture16_trial3,1,2,16,HC,3,3
..\data\raw\grabmyo\1.1.0\Session1\session1_participant2\session1_participant2_gesture16_trial4,1,2,16,HC,3,4
..\data\raw\grabmyo\1.1.0\Session1\session1_participant2\session1_participant2_gesture16_trial5,1,2,16,HC,3,5
..\data\raw\grabmyo\1.1.0\Session1\session1_participant2\session1_participant2_gesture16_trial6,1,2,16,HC,3,6
..\data\raw\grabmyo\1.1.0\Session1\session1_participant2\session1_participant2_gesture16_trial7,1,2,16,HC,3,7
..\data\raw\grabmyo\1.1.0\Session2\session2_participant2\session2_participant2_gesture11_trial1,2,2,11,WF,0,1
..\data\raw\grabmyo\1.1.0\Session2\session2_participant2\session2_participant2_gesture11_trial2,2,2,11,WF,0,2
..\data\raw\grabmyo\1.1.0\Session2\session2_participant2\session2_participant2_gesture11_trial3,2,2,11,WF,0,3
..\data\raw\grabmyo\1.1.0\Session2\session2_participant2\session2_participant2_gesture11_trial4,2,2,11,WF,0,4
..\data\raw\grabmyo\1.1.0\Session2\session2_participant2\session2_participant2_gesture11_trial5,2,2,11,WF,0,5
..\data\raw\grabmyo\1.1.0\Session2\session2_participant2\session2_participant2_gesture11_trial6,2,2,11,WF,0,6
..\data\raw\grabmyo\1.1.0\Session2\session2_participant2\session2_participant2_gesture11_trial7,2,2,11,WF,0,7
..\data\raw\grabmyo\1.1.0\Session2\session2_participant2\session2_participant2_gesture12_trial1,2,2,12,WE,1,1
..\data\raw\grabmyo\1.1.0\Session2\session2_participant2\session2_participant2_gesture12_trial2,2,2,12,WE,1,2
..\data\raw\grabmyo\1.1.0\Session2\session2_participant2\session2_participant2_gesture12_trial3,2,2,12,WE,1,3
..\data\raw\grabmyo\1.1.0\Session2\session2_participant2\session2_participant2_gesture12_trial4,2,2,12,WE,1,4
..\data\raw\grabmyo\1.1.0\Session2\session2_participant2\session2_participant2_gesture12_trial5,2,2,12,WE,1,5
..\data\raw\grabmyo\1.1.0\Session2\session2_participant2\session2_participant2_gesture12_trial6,2,2,12,WE,1,6
..\data\raw\grabmyo\1.1.0\Session2\session2_participant2\session2_participant2_gesture12_trial7,2,2,12,WE,1,7
..\data\raw\grabmyo\1.1.0\Session2\session2_participant2\session2_participant2_gesture15_trial1,2,2,15,HO,2,1
..\data\raw\grabmyo\1.1.0\Session2\session2_participant2\session2_participant2_gesture15_trial2,2,2,15,HO,2,2
..\data\raw\grabmyo\1.1.0\Session2\session2_participant2\session2_participant2_gesture15_trial3,2,2,15,HO,2,3
..\data\raw\grabmyo\1.1.0\Session2\session2_participant2\session2_participant2_gesture15_trial4,2,2,15,HO,2,4
..\data\raw\grabmyo\1.1.0\Session2\session2_participant2\session2_participant2_gesture15_trial5,2,2,15,HO,2,5
..\data\raw\grabmyo\1.1.0\Session2\session2_participant2\session2_participant2_gesture15_trial6,2,2,15,HO,2,6
..\data\raw\grabmyo\1.1.0\Session2\session2_participant2\session2_participant2_gesture15_trial7,2,2,15,HO,2,7
..\data\raw\grabmyo\1.1.0\Session2\session2_participant2\session2_participant2_gesture16_trial1,2,2,16,HC,3,1
..\data\raw\grabmyo\1.1.0\Session2\session2_participant2\session2_participant2_gesture16_trial2,2,2,16,HC,3,2
..\data\raw\grabmyo\1.1.0\Session2\session2_participant2\session2_participant2_gesture16_trial3,2,2,16,HC,3,3
..\data\raw\grabmyo\1.1.0\Session2\session2_participant2\session2_participant2_gesture16_trial4,2,2,16,HC,3,4
..\data\raw\grabmyo\1.1.0\Session2\session2_participant2\session2_participant2_gesture16_trial5,2,2,16,HC,3,5
..\data\raw\grabmyo\1.1.0\Session2\session2_participant2\session2_participant2_gesture16_trial6,2,2,16,HC,3,6
..\data\raw\grabmyo\1.1.0\Session2\session2_participant2\session2_participant2_gesture16_trial7,2,2,16,HC,3,7
..\data\raw\grabmyo\1.1.0\Session3\session3_participant2\session3_participant2_gesture11_trial1,3,2,11,WF,0,1
..\data\raw\grabmyo\1.1.0\Session3\session3_participant2\session3_participant2_gesture11_trial2,3,2,11,WF,0,2
..\data\raw\grabmyo\1.1.0\Session3\session3_participant2\session3_participant2_gesture11_trial3,3,2,11,WF,0,3
..\data\raw\grabmyo\1.1.0\Session3\session3_participant2\session3_participant2_gesture11_trial4,3,2,11,WF,0,4
..\data\raw\grabmyo\1.1.0\Session3\session3_participant2\session3_participant2_gesture11_trial5,3,2,11,WF,0,5
..\data\raw\grabmyo\1.1.0\Session3\session3_participant2\session3_participant2_gesture11_trial6,3,2,11,WF,0,6
..\data\raw\grabmyo\1.1.0\Session3\session3_participant2\session3_participant2_gesture11_trial7,3,2,11,WF,0,7
..\data\raw\grabmyo\1.1.0\Session3\session3_participant2\session3_participant2_gesture12_trial1,3,2,12,WE,1,1
..\data\raw\grabmyo\1.1.0\Session3\session3_participant2\session3_participant2_gesture12_trial2,3,2,12,WE,1,2
..\data\raw\grabmyo\1.1.0\Session3\session3_participant2\session3_participant2_gesture12_trial3,3,2,12,WE,1,3
..\data\raw\grabmyo\1.1.0\Session3\session3_participant2\session3_participant2_gesture12_trial4,3,2,12,WE,1,4
..\data\raw\grabmyo\1.1.0\Session3\session3_participant2\session3_participant2_gesture12_trial5,3,2,12,WE,1,5
..\data\raw\grabmyo\1.1.0\Session3\session3_participant2\session3_participant2_gesture12_trial6,3,2,12,WE,1,6
..\data\raw\grabmyo\1.1.0\Session3\session3_participant2\session3_participant2_gesture12_trial7,3,2,12,WE,1,7
..\data\raw\grabmyo\1.1.0\Session3\session3_participant2\session3_participant2_gesture15_trial1,3,2,15,HO,2,1
..\data\raw\grabmyo\1.1.0\Session3\session3_participant2\session3_participant2_gesture15_trial2,3,2,15,HO,2,2
..\data\raw\grabmyo\1.1.0\Session3\session3_participant2\session3_participant2_gesture15_trial3,3,2,15,HO,2,3
..\data\raw\grabmyo\1.1.0\Session3\session3_participant2\session3_participant2_gesture15_trial4,3,2,15,HO,2,4
..\data\raw\grabmyo\1.1.0\Session3\session3_participant2\session3_participant2_gesture15_trial5,3,2,15,HO,2,5
..\data\raw\grabmyo\1.1.0\Session3\session3_participant2\session3_participant2_gesture15_trial6,3,2,15,HO,2,6
..\data\raw\grabmyo\1.1.0\Session3\session3_participant2\session3_participant2_gesture15_trial7,3,2,15,HO,2,7
..\data\raw\grabmyo\1.1.0\Session3\session3_participant2\session3_participant2_gesture16_trial1,3,2,16,HC,3,1
..\data\raw\grabmyo\1.1.0\Session3\session3_participant2\session3_participant2_gesture16_trial2,3,2,16,HC,3,2
..\data\raw\grabmyo\1.1.0\Session3\session3_participant2\session3_participant2_gesture16_trial3,3,2,16,HC,3,3
..\data\raw\grabmyo\1.1.0\Session3\session3_participant2\session3_participant2_gesture16_trial4,3,2,16,HC,3,4
..\data\raw\grabmyo\1.1.0\Session3\session3_participant2\session3_participant2_gesture16_trial5,3,2,16,HC,3,5
..\data\raw\grabmyo\1.1.0\Session3\session3_participant2\session3_participant2_gesture16_trial6,3,2,16,HC,3,6
..\data\raw\grabmyo\1.1.0\Session3\session3_participant2\session3_participant2_gesture16_trial7,3,2,16,HC,3,7
..\data\raw\grabmyo\1.1.0\Session1\session1_participant3\session1_participant3_gesture11_trial1,1,3,11,WF,0,1
..\data\raw\grabmyo\1.1.0\Session1\session1_participant3\session1_participant3_gesture11_trial2,1,3,11,WF,0,2
..\data\raw\grabmyo\1.1.0\Session1\session1_participant3\session1_participant3_gesture11_trial3,1,3,11,WF,0,3
..\data\raw\grabmyo\1.1.0\Session1\session1_participant3\session1_participant3_gesture11_trial4,1,3,11,WF,0,4
..\data\raw\grabmyo\1.1.0\Session1\session1_participant3\session1_participant3_gesture11_trial5,1,3,11,WF,0,5
..\data\raw\grabmyo\1.1.0\Session1\session1_participant3\session1_participant3_gesture11_trial6,1,3,11,WF,0,6
..\data\raw\grabmyo\1.1.0\Session1\session1_participant3\session1_participant3_gesture11_trial7,1,3,11,WF,0,7
..\data\raw\grabmyo\1.1.0\Session1\session1_participant3\session1_participant3_gesture12_trial1,1,3,12,WE,1,1
..\data\raw\grabmyo\1.1.0\Session1\session1_participant3\session1_participant3_gesture12_trial2,1,3,12,WE,1,2
..\data\raw\grabmyo\1.1.0\Session1\session1_participant3\session1_participant3_gesture12_trial3,1,3,12,WE,1,3
..\data\raw\grabmyo\1.1.0\Session1\session1_participant3\session1_participant3_gesture12_trial4,1,3,12,WE,1,4
..\data\raw\grabmyo\1.1.0\Session1\session1_participant3\session1_participant3_gesture12_trial5,1,3,12,WE,1,5
..\data\raw\grabmyo\1.1.0\Session1\session1_participant3\session1_participant3_gesture12_trial6,1,3,12,WE,1,6
..\data\raw\grabmyo\1.1.0\Session1\session1_participant3\session1_participant3_gesture12_trial7,1,3,12,WE,1,7
..\data\raw\grabmyo\1.1.0\Session1\session1_participant3\session1_participant3_gesture15_trial1,1,3,15,HO,2,1
..\data\raw\grabmyo\1.1.0\Session1\session1_participant3\session1_participant3_gesture15_trial2,1,3,15,HO,2,2
..\data\raw\grabmyo\1.1.0\Session1\session1_participant3\session1_participant3_gesture15_trial3,1,3,15,HO,2,3
..\data\raw\grabmyo\1.1.0\Session1\session1_participant3\session1_participant3_gesture15_trial4,1,3,15,HO,2,4
..\data\raw\grabmyo\1.1.0\Session1\session1_participant3\session1_participant3_gesture15_trial5,1,3,15,HO,2,5
..\data\raw\grabmyo\1.1.0\Session1\session1_participant3\session1_participant3_gesture15_trial6,1,3,15,HO,2,6
..\data\raw\grabmyo\1.1.0\Session1\session1_participant3\session1_participant3_gesture15_trial7,1,3,15,HO,2,7
..\data\raw\grabmyo\1.1.0\Session1\session1_participant3\session1_participant3_gesture16_trial1,1,3,16,HC,3,1
..\data\raw\grabmyo\1.1.0\Session1\session1_participant3\session1_participant3_gesture16_trial2,1,3,16,HC,3,2
..\data\raw\grabmyo\1.1.0\Session1\session1_participant3\session1_participant3_gesture16_trial3,1,3,16,HC,3,3
..\data\raw\grabmyo\1.1.0\Session1\session1_participant3\session1_participant3_gesture16_trial4,1,3,16,HC,3,4
..\data\raw\grabmyo\1.1.0\Session1\session1_participant3\session1_participant3_gesture16_trial5,1,3,16,HC,3,5
..\data\raw\grabmyo\1.1.0\Session1\session1_participant3\session1_participant3_gesture16_trial6,1,3,16,HC,3,6
..\data\raw\grabmyo\1.1.0\Session1\session1_participant3\session1_participant3_gesture16_trial7,1,3,16,HC,3,7
..\data\raw\grabmyo\1.1.0\Session2\session2_participant3\session2_participant3_gesture11_trial1,2,3,11,WF,0,1
..\data\raw\grabmyo\1.1.0\Session2\session2_participant3\session2_participant3_gesture11_trial2,2,3,11,WF,0,2
..\data\raw\grabmyo\1.1.0\Session2\session2_participant3\session2_participant3_gesture11_trial3,2,3,11,WF,0,3
..\data\raw\grabmyo\1.1.0\Session2\session2_participant3\session2_participant3_gesture11_trial4,2,3,11,WF,0,4
..\data\raw\grabmyo\1.1.0\Session2\session2_participant3\session2_participant3_gesture11_trial5,2,3,11,WF,0,5
..\data\raw\grabmyo\1.1.0\Session2\session2_participant3\session2_participant3_gesture11_trial6,2,3,11,WF,0,6
..\data\raw\grabmyo\1.1.0\Session2\session2_participant3\session2_participant3_gesture11_trial7,2,3,11,WF,0,7
..\data\raw\grabmyo\1.1.0\Session2\session2_participant3\session2_participant3_gesture12_trial1,2,3,12,WE,1,1
..\data\raw\grabmyo\1.1.0\Session2\session2_participant3\session2_participant3_gesture12_trial2,2,3,12,WE,1,2
..\data\raw\grabmyo\1.1.0\Session2\session2_participant3\session2_participant3_gesture12_trial3,2,3,12,WE,1,3
..\data\raw\grabmyo\1.1.0\Session2\session2_participant3\session2_participant3_gesture12_trial4,2,3,12,WE,1,4
..\data\raw\grabmyo\1.1.0\Session2\session2_participant3\session2_participant3_gesture12_trial5,2,3,12,WE,1,5
..\data\raw\grabmyo\1.1.0\Session2\session2_participant3\session2_participant3_gesture12_trial6,2,3,12,WE,1,6
..\data\raw\grabmyo\1.1.0\Session2\session2_participant3\session2_participant3_gesture12_trial7,2,3,12,WE,1,7
..\data\raw\grabmyo\1.1.0\Session2\session2_participant3\session2_participant3_gesture15_trial1,2,3,15,HO,2,1
..\data\raw\grabmyo\1.1.0\Session2\session2_participant3\session2_participant3_gesture15_trial2,2,3,15,HO,2,2
..\data\raw\grabmyo\1.1.0\Session2\session2_participant3\session2_participant3_gesture15_trial3,2,3,15,HO,2,3
..\data\raw\grabmyo\1.1.0\Session2\session2_participant3\session2_participant3_gesture15_trial4,2,3,15,HO,2,4
..\data\raw\grabmyo\1.1.0\Session2\session2_participant3\session2_participant3_gesture15_trial5,2,3,15,HO,2,5
..\data\raw\grabmyo\1.1.0\Session2\session2_participant3\session2_participant3_gesture15_trial6,2,3,15,HO,2,6
..\data\raw\grabmyo\1.1.0\Session2\session2_participant3\session2_participant3_gesture15_trial7,2,3,15,HO,2,7
..\data\raw\grabmyo\1.1.0\Session2\session2_participant3\session2_participant3_gesture16_trial1,2,3,16,HC,3,1
..\data\raw\grabmyo\1.1.0\Session2\session2_participant3\session2_participant3_gesture16_trial2,2,3,16,HC,3,2
..\data\raw\grabmyo\1.1.0\Session2\session2_participant3\session2_participant3_gesture16_trial3,2,3,16,HC,3,3
..\data\raw\grabmyo\1.1.0\Session2\session2_participant3\session2_participant3_gesture16_trial4,2,3,16,HC,3,4
..\data\raw\grabmyo\1.1.0\Session2\session2_participant3\session2_participant3_gesture16_trial5,2,3,16,HC,3,5
..\data\raw\grabmyo\1.1.0\Session2\session2_participant3\session2_participant3_gesture16_trial6,2,3,16,HC,3,6
..\data\raw\grabmyo\1.1.0\Session2\session2_participant3\session2_participant3_gesture16_trial7,2,3,16,HC,3,7
..\data\raw\grabmyo\1.1.0\Session3\session3_participant3\session3_participant3_gesture11_trial1,3,3,11,WF,0,1
..\data\raw\grabmyo\1.1.0\Session3\session3_participant3\session3_participant3_gesture11_trial2,3,3,11,WF,0,2
..\data\raw\grabmyo\1.1.0\Session3\session3_participant3\session3_participant3_gesture11_trial3,3,3,11,WF,0,3
..\data\raw\grabmyo\1.1.0\Session3\session3_participant3\session3_participant3_gesture11_trial4,3,3,11,WF,0,4
..\data\raw\grabmyo\1.1.0\Session3\session3_participant3\session3_participant3_gesture11_trial5,3,3,11,WF,0,5
..\data\raw\grabmyo\1.1.0\Session3\session3_participant3\session3_participant3_gesture11_trial6,3,3,11,WF,0,6
..\data\raw\grabmyo\1.1.0\Session3\session3_participant3\session3_participant3_gesture11_trial7,3,3,11,WF,0,7
..\data\raw\grabmyo\1.1.0\Session3\session3_participant3\session3_participant3_gesture12_trial1,3,3,12,WE,1,1
..\data\raw\grabmyo\1.1.0\Session3\session3_participant3\session3_participant3_gesture12_trial2,3,3,12,WE,1,2
..\data\raw\grabmyo\1.1.0\Session3\session3_participant3\session3_participant3_gesture12_trial3,3,3,12,WE,1,3
..\data\raw\grabmyo\1.1.0\Session3\session3_participant3\session3_participant3_gesture12_trial4,3,3,12,WE,1,4
..\data\raw\grabmyo\1.1.0\Session3\session3_participant3\session3_participant3_gesture12_trial5,3,3,12,WE,1,5
..\data\raw\grabmyo\1.1.0\Session3\session3_participant3\session3_participant3_gesture12_trial6,3,3,12,WE,1,6
..\data\raw\grabmyo\1.1.0\Session3\session3_participant3\session3_participant3_gesture12_trial7,3,3,12,WE,1,7
..\data\raw\grabmyo\1.1.0\Session3\session3_participant3\session3_participant3_gesture15_trial1,3,3,15,HO,2,1
..\data\raw\grabmyo\1.1.0\Session3\session3_participant3\session3_participant3_gesture15_trial2,3,3,15,HO,2,2
..\data\raw\grabmyo\1.1.0\Session3\session3_participant3\session3_participant3_gesture15_trial3,3,3,15,HO,2,3
..\data\raw\grabmyo\1.1.0\Session3\session3_participant3\session3_participant3_gesture15_trial4,3,3,15,HO,2,4
..\data\raw\grabmyo\1.1.0\Session3\session3_participant3\session3_participant3_gesture15_trial5,3,3,15,HO,2,5
..\data\raw\grabmyo\1.1.0\Session3\session3_participant3\session3_participant3_gesture15_trial6,3,3,15,HO,2,6
..\data\raw\grabmyo\1.1.0\Session3\session3_participant3\session3_participant3_gesture15_trial7,3,3,15,HO,2,7
..\data\raw\grabmyo\1.1.0\Session3\session3_participant3\session3_participant3_gesture16_trial1,3,3,16,HC,3,1
..\data\raw\grabmyo\1.1.0\Session3\session3_participant3\session3_participant3_gesture16_trial2,3,3,16,HC,3,2
..\data\raw\grabmyo\1.1.0\Session3\session3_participant3\session3_participant3_gesture16_trial3,3,3,16,HC,3,3
..\data\raw\grabmyo\1.1.0\Session3\session3_participant3\session3_participant3_gesture16_trial4,3,3,16,HC,3,4
..\data\raw\grabmyo\1.1.0\Session3\session3_participant3\session3_participant3_gesture16_trial5,3,3,16,HC,3,5
..\data\raw\grabmyo\1.1.0\Session3\session3_participant3\session3_participant3_gesture16_trial6,3,3,16,HC,3,6
..\data\raw\grabmyo\1.1.0\Session3\session3_participant3\session3_participant3_gesture16_trial7,3,3,16,HC,3,7
..\data\raw\grabmyo\1.1.0\Session1\session1_participant4\session1_participant4_gesture11_trial1,1,4,11,WF,0,1
..\data\raw\grabmyo\1.1.0\Session1\session1_participant4\session1_participant4_gesture11_trial2,1,4,11,WF,0,2
..\data\raw\grabmyo\1.1.0\Session1\session1_participant4\session1_participant4_gesture11_trial3,1,4,11,WF,0,3
..\data\raw\grabmyo\1.1.0\Session1\session1_participant4\session1_participant4_gesture11_trial4,1,4,11,WF,0,4
..\data\raw\grabmyo\1.1.0\Session1\session1_participant4\session1_participant4_gesture11_trial5,1,4,11,WF,0,5
..\data\raw\grabmyo\1.1.0\Session1\session1_participant4\session1_participant4_gesture11_trial6,1,4,11,WF,0,6
..\data\raw\grabmyo\1.1.0\Session1\session1_participant4\session1_participant4_gesture11_trial7,1,4,11,WF,0,7
..\data\raw\grabmyo\1.1.0\Session1\session1_participant4\session1_participant4_gesture12_trial1,1,4,12,WE,1,1
..\data\raw\grabmyo\1.1.0\Session1\session1_participant4\session1_participant4_gesture12_trial2,1,4,12,WE,1,2
..\data\raw\grabmyo\1.1.0\Session1\session1_participant4\session1_participant4_gesture12_trial3,1,4,12,WE,1,3
..\data\raw\grabmyo\1.1.0\Session1\session1_participant4\session1_participant4_gesture12_trial4,1,4,12,WE,1,4
..\data\raw\grabmyo\1.1.0\Session1\session1_participant4\session1_participant4_gesture12_trial5,1,4,12,WE,1,5
..\data\raw\grabmyo\1.1.0\Session1\session1_participant4\session1_participant4_gesture12_trial6,1,4,12,WE,1,6
..\data\raw\grabmyo\1.1.0\Session1\session1_participant4\session1_participant4_gesture12_trial7,1,4,12,WE,1,7
..\data\raw\grabmyo\1.1.0\Session1\session1_participant4\session1_participant4_gesture15_trial1,1,4,15,HO,2,1
..\data\raw\grabmyo\1.1.0\Session1\session1_participant4\session1_participant4_gesture15_trial2,1,4,15,HO,2,2
..\data\raw\grabmyo\1.1.0\Session1\session1_participant4\session1_participant4_gesture15_trial3,1,4,15,HO,2,3
..\data\raw\grabmyo\1.1.0\Session1\session1_participant4\session1_participant4_gesture15_trial4,1,4,15,HO,2,4
..\data\raw\grabmyo\1.1.0\Session1\session1_participant4\session1_participant4_gesture15_trial5,1,4,15,HO,2,5
..\data\raw\grabmyo\1.1.0\Session1\session1_participant4\session1_participant4_gesture15_trial6,1,4,15,HO,2,6
..\data\raw\grabmyo\1.1.0\Session1\session1_participant4\session1_participant4_gesture15_trial7,1,4,15,HO,2,7
..\data\raw\grabmyo\1.1.0\Session1\session1_participant4\session1_participant4_gesture16_trial1,1,4,16,HC,3,1
..\data\raw\grabmyo\1.1.0\Session1\session1_participant4\session1_participant4_gesture16_trial2,1,4,16,HC,3,2
..\data\raw\grabmyo\1.1.0\Session1\session1_participant4\session1_participant4_gesture16_trial3,1,4,16,HC,3,3
..\data\raw\grabmyo\1.1.0\Session1\session1_participant4\session1_participant4_gesture16_trial4,1,4,16,HC,3,4
..\data\raw\grabmyo\1.1.0\Session1\session1_participant4\session1_participant4_gesture16_trial5,1,4,16,HC,3,5
..\data\raw\grabmyo\1.1.0\Session1\session1_participant4\session1_participant4_gesture16_trial6,1,4,16,HC,3,6
..\data\raw\grabmyo\1.1.0\Session1\session1_participant4\session1_participant4_gesture16_trial7,1,4,16,HC,3,7
..\data\raw\grabmyo\1.1.0\Session2\session2_participant4\session2_participant4_gesture11_trial1,2,4,11,WF,0,1
..\data\raw\grabmyo\1.1.0\Session2\session2_participant4\session2_participant4_gesture11_trial2,2,4,11,WF,0,2
..\data\raw\grabmyo\1.1.0\Session2\session2_participant4\session2_participant4_gesture11_trial3,2,4,11,WF,0,3
..\data\raw\grabmyo\1.1.0\Session2\session2_participant4\session2_participant4_gesture11_trial4,2,4,11,WF,0,4
..\data\raw\grabmyo\1.1.0\Session2\session2_participant4\session2_participant4_gesture11_trial5,2,4,11,WF,0,5
..\data\raw\grabmyo\1.1.0\Session2\session2_participant4\session2_participant4_gesture11_trial6,2,4,11,WF,0,6
..\data\raw\grabmyo\1.1.0\Session2\session2_participant4\session2_participant4_gesture11_trial7,2,4,11,WF,0,7
..\data\raw\grabmyo\1.1.0\Session2\session2_participant4\session2_participant4_gesture12_trial1,2,4,12,WE,1,1
..\data\raw\grabmyo\1.1.0\Session2\session2_participant4\session2_participant4_gesture12_trial2,2,4,12,WE,1,2
..\data\raw\grabmyo\1.1.0\Session2\session2_participant4\session2_participant4_gesture12_trial3,2,4,12,WE,1,3
..\data\raw\grabmyo\1.1.0\Session2\session2_participant4\session2_participant4_gesture12_trial4,2,4,12,WE,1,4
..\data\raw\grabmyo\1.1.0\Session2\session2_participant4\session2_participant4_gesture12_trial5,2,4,12,WE,1,5
..\data\raw\grabmyo\1.1.0\Session2\session2_participant4\session2_participant4_gesture12_trial6,2,4,12,WE,1,6
..\data\raw\grabmyo\1.1.0\Session2\session2_participant4\session2_participant4_gesture12_trial7,2,4,12,WE,1,7
..\data\raw\grabmyo\1.1.0\Session2\session2_participant4\session2_participant4_gesture15_trial1,2,4,15,HO,2,1
..\data\raw\grabmyo\1.1.0\Session2\session2_participant4\session2_participant4_gesture15_trial2,2,4,15,HO,2,2
..\data\raw\grabmyo\1.1.0\Session2\session2_participant4\session2_participant4_gesture15_trial3,2,4,15,HO,2,3
..\data\raw\grabmyo\1.1.0\Session2\session2_participant4\session2_participant4_gesture15_trial4,2,4,15,HO,2,4
..\data\raw\grabmyo\1.1.0\Session2\session2_participant4\session2_participant4_gesture15_trial5,2,4,15,HO,2,5
..\data\raw\grabmyo\1.1.0\Session2\session2_participant4\session2_participant4_gesture15_trial6,2,4,15,HO,2,6
..\data\raw\grabmyo\1.1.0\Session2\session2_participant4\session2_participant4_gesture15_trial7,2,4,15,HO,2,7
..\data\raw\grabmyo\1.1.0\Session2\session2_participant4\session2_participant4_gesture16_trial1,2,4,16,HC,3,1
..\data\raw\grabmyo\1.1.0\Session2\session2_participant4\session2_participant4_gesture16_trial2,2,4,16,HC,3,2
..\data\raw\grabmyo\1.1.0\Session2\session2_participant4\session2_participant4_gesture16_trial3,2,4,16,HC,3,3
..\data\raw\grabmyo\1.1.0\Session2\session2_participant4\session2_participant4_gesture16_trial4,2,4,16,HC,3,4
..\data\raw\grabmyo\1.1.0\Session2\session2_participant4\session2_participant4_gesture16_trial5,2,4,16,HC,3,5
..\data\raw\grabmyo\1.1.0\Session2\session2_participant4\session2_participant4_gesture16_trial6,2,4,16,HC,3,6
..\data\raw\grabmyo\1.1.0\Session2\session2_participant4\session2_participant4_gesture16_trial7,2,4,16,HC,3,7
..\data\raw\grabmyo\1.1.0\Session3\session3_participant4\session3_participant4_gesture11_trial1,3,4,11,WF,0,1
..\data\raw\grabmyo\1.1.0\Session3\session3_participant4\session3_participant4_gesture11_trial2,3,4,11,WF,0,2
..\data\raw\grabmyo\1.1.0\Session3\session3_participant4\session3_participant4_gesture11_trial3,3,4,11,WF,0,3
..\data\raw\grabmyo\1.1.0\Session3\session3_participant4\session3_participant4_gesture11_trial4,3,4,11,WF,0,4
..\data\raw\grabmyo\1.1.0\Session3\session3_participant4\session3_participant4_gesture11_trial5,3,4,11,WF,0,5
..\data\raw\grabmyo\1.1.0\Session3\session3_participant4\session3_participant4_gesture11_trial6,3,4,11,WF,0,6
..\data\raw\grabmyo\1.1.0\Session3\session3_participant4\session3_participant4_gesture11_trial7,3,4,11,WF,0,7
..\data\raw\grabmyo\1.1.0\Session3\session3_participant4\session3_participant4_gesture12_trial1,3,4,12,WE,1,1
..\data\raw\grabmyo\1.1.0\Session3\session3_participant4\session3_participant4_gesture12_trial2,3,4,12,WE,1,2
..\data\raw\grabmyo\1.1.0\Session3\session3_participant4\session3_participant4_gesture12_trial3,3,4,12,WE,1,3
..\data\raw\grabmyo\1.1.0\Session3\session3_participant4\session3_participant4_gesture12_trial4,3,4,12,WE,1,4
..\data\raw\grabmyo\1.1.0\Session3\session3_participant4\session3_participant4_gesture12_trial5,3,4,12,WE,1,5
..\data\raw\grabmyo\1.1.0\Session3\session3_participant4\session3_participant4_gesture12_trial6,3,4,12,WE,1,6
..\data\raw\grabmyo\1.1.0\Session3\session3_participant4\session3_participant4_gesture12_trial7,3,4,12,WE,1,7
..\data\raw\grabmyo\1.1.0\Session3\session3_participant4\session3_participant4_gesture15_trial1,3,4,15,HO,2,1
..\data\raw\grabmyo\1.1.0\Session3\session3_participant4\session3_participant4_gesture15_trial2,3,4,15,HO,2,2
..\data\raw\grabmyo\1.1.0\Session3\session3_participant4\session3_participant4_gesture15_trial3,3,4,15,HO,2,3
..\data\raw\grabmyo\1.1.0\Session3\session3_participant4\session3_participant4_gesture15_trial4,3,4,15,HO,2,4
..\data\raw\grabmyo\1.1.0\Session3\session3_participant4\session3_participant4_gesture15_trial5,3,4,15,HO,2,5
..\data\raw\grabmyo\1.1.0\Session3\session3_participant4\session3_participant4_gesture15_trial6,3,4,15,HO,2,6
..\data\raw\grabmyo\1.1.0\Session3\session3_participant4\session3_participant4_gesture15_trial7,3,4,15,HO,2,7
..\data\raw\grabmyo\1.1.0\Session3\session3_participant4\session3_participant4_gesture16_trial1,3,4,16,HC,3,1
..\data\raw\grabmyo\1.1.0\Session3\session3_participant4\session3_participant4_gesture16_trial2,3,4,16,HC,3,2
..\data\raw\grabmyo\1.1.0\Session3\session3_participant4\session3_participant4_gesture16_trial3,3,4,16,HC,3,3
..\data\raw\grabmyo\1.1.0\Session3\session3_participant4\session3_participant4_gesture16_trial4,3,4,16,HC,3,4
..\data\raw\grabmyo\1.1.0\Session3\session3_participant4\session3_participant4_gesture16_trial5,3,4,16,HC,3,5
..\data\raw\grabmyo\1.1.0\Session3\session3_participant4\session3_participant4_gesture16_trial6,3,4,16,HC,3,6
..\data\raw\grabmyo\1.1.0\Session3\session3_participant4\session3_participant4_gesture16_trial7,3,4,16,HC,3,7
..\data\raw\grabmyo\1.1.0\Session1\session1_participant5\session1_participant5_gesture11_trial1,1,5,11,WF,0,1
..\data\raw\grabmyo\1.1.0\Session1\session1_participant5\session1_participant5_gesture11_trial2,1,5,11,WF,0,2
..\data\raw\grabmyo\1.1.0\Session1\session1_participant5\session1_participant5_gesture11_trial3,1,5,11,WF,0,3
..\data\raw\grabmyo\1.1.0\Session1\session1_participant5\session1_participant5_gesture11_trial4,1,5,11,WF,0,4
..\data\raw\grabmyo\1.1.0\Session1\session1_participant5\session1_participant5_gesture11_trial5,1,5,11,WF,0,5
..\data\raw\grabmyo\1.1.0\Session1\session1_participant5\session1_participant5_gesture11_trial6,1,5,11,WF,0,6
..\data\raw\grabmyo\1.1.0\Session1\session1_participant5\session1_participant5_gesture11_trial7,1,5,11,WF,0,7
..\data\raw\grabmyo\1.1.0\Session1\session1_participant5\session1_participant5_gesture12_trial1,1,5,12,WE,1,1
..\data\raw\grabmyo\1.1.0\Session1\session1_participant5\session1_participant5_gesture12_trial2,1,5,12,WE,1,2
..\data\raw\grabmyo\1.1.0\Session1\session1_participant5\session1_participant5_gesture12_trial3,1,5,12,WE,1,3
..\data\raw\grabmyo\1.1.0\Session1\session1_participant5\session1_participant5_gesture12_trial4,1,5,12,WE,1,4
..\data\raw\grabmyo\1.1.0\Session1\session1_participant5\session1_participant5_gesture12_trial5,1,5,12,WE,1,5
..\data\raw\grabmyo\1.1.0\Session1\session1_participant5\session1_participant5_gesture12_trial6,1,5,12,WE,1,6
..\data\raw\grabmyo\1.1.0\Session1\session1_participant5\session1_participant5_gesture12_trial7,1,5,12,WE,1,7
..\data\raw\grabmyo\1.1.0\Session1\session1_participant5\session1_participant5_gesture15_trial1,1,5,15,HO,2,1
..\data\raw\grabmyo\1.1.0\Session1\session1_participant5\session1_participant5_gesture15_trial2,1,5,15,HO,2,2
..\data\raw\grabmyo\1.1.0\Session1\session1_participant5\session1_participant5_gesture15_trial3,1,5,15,HO,2,3
..\data\raw\grabmyo\1.1.0\Session1\session1_participant5\session1_participant5_gesture15_trial4,1,5,15,HO,2,4
..\data\raw\grabmyo\1.1.0\Session1\session1_participant5\session1_participant5_gesture15_trial5,1,5,15,HO,2,5
..\data\raw\grabmyo\1.1.0\Session1\session1_participant5\session1_participant5_gesture15_trial6,1,5,15,HO,2,6
..\data\raw\grabmyo\1.1.0\Session1\session1_participant5\session1_participant5_gesture15_trial7,1,5,15,HO,2,7
..\data\raw\grabmyo\1.1.0\Session1\session1_participant5\session1_participant5_gesture16_trial1,1,5,16,HC,3,1
..\data\raw\grabmyo\1.1.0\Session1\session1_participant5\session1_participant5_gesture16_trial2,1,5,16,HC,3,2
..\data\raw\grabmyo\1.1.0\Session1\session1_participant5\session1_participant5_gesture16_trial3,1,5,16,HC,3,3
..\data\raw\grabmyo\1.1.0\Session1\session1_participant5\session1_participant5_gesture16_trial4,1,5,16,HC,3,4
..\data\raw\grabmyo\1.1.0\Session1\session1_participant5\session1_participant5_gesture16_trial5,1,5,16,HC,3,5
..\data\raw\grabmyo\1.1.0\Session1\session1_participant5\session1_participant5_gesture16_trial6,1,5,16,HC,3,6
..\data\raw\grabmyo\1.1.0\Session1\session1_participant5\session1_participant5_gesture16_trial7,1,5,16,HC,3,7
..\data\raw\grabmyo\1.1.0\Session2\session2_participant5\session2_participant5_gesture11_trial1,2,5,11,WF,0,1
..\data\raw\grabmyo\1.1.0\Session2\session2_participant5\session2_participant5_gesture11_trial2,2,5,11,WF,0,2
..\data\raw\grabmyo\1.1.0\Session2\session2_participant5\session2_participant5_gesture11_trial3,2,5,11,WF,0,3
..\data\raw\grabmyo\1.1.0\Session2\session2_participant5\session2_participant5_gesture11_trial4,2,5,11,WF,0,4
..\data\raw\grabmyo\1.1.0\Session2\session2_participant5\session2_participant5_gesture11_trial5,2,5,11,WF,0,5
..\data\raw\grabmyo\1.1.0\Session2\session2_participant5\session2_participant5_gesture11_trial6,2,5,11,WF,0,6
..\data\raw\grabmyo\1.1.0\Session2\session2_participant5\session2_participant5_gesture11_trial7,2,5,11,WF,0,7
..\data\raw\grabmyo\1.1.0\Session2\session2_participant5\session2_participant5_gesture12_trial1,2,5,12,WE,1,1
..\data\raw\grabmyo\1.1.0\Session2\session2_participant5\session2_participant5_gesture12_trial2,2,5,12,WE,1,2
..\data\raw\grabmyo\1.1.0\Session2\session2_participant5\session2_participant5_gesture12_trial3,2,5,12,WE,1,3
..\data\raw\grabmyo\1.1.0\Session2\session2_participant5\session2_participant5_gesture12_trial4,2,5,12,WE,1,4
..\data\raw\grabmyo\1.1.0\Session2\session2_participant5\session2_participant5_gesture12_trial5,2,5,12,WE,1,5
..\data\raw\grabmyo\1.1.0\Session2\session2_participant5\session2_participant5_gesture12_trial6,2,5,12,WE,1,6
..\data\raw\grabmyo\1.1.0\Session2\session2_participant5\session2_participant5_gesture12_trial7,2,5,12,WE,1,7
..\data\raw\grabmyo\1.1.0\Session2\session2_participant5\session2_participant5_gesture15_trial1,2,5,15,HO,2,1
..\data\raw\grabmyo\1.1.0\Session2\session2_participant5\session2_participant5_gesture15_trial2,2,5,15,HO,2,2
..\data\raw\grabmyo\1.1.0\Session2\session2_participant5\session2_participant5_gesture15_trial3,2,5,15,HO,2,3
..\data\raw\grabmyo\1.1.0\Session2\session2_participant5\session2_participant5_gesture15_trial4,2,5,15,HO,2,4
..\data\raw\grabmyo\1.1.0\Session2\session2_participant5\session2_participant5_gesture15_trial5,2,5,15,HO,2,5
..\data\raw\grabmyo\1.1.0\Session2\session2_participant5\session2_participant5_gesture15_trial6,2,5,15,HO,2,6
..\data\raw\grabmyo\1.1.0\Session2\session2_participant5\session2_participant5_gesture15_trial7,2,5,15,HO,2,7
..\data\raw\grabmyo\1.1.0\Session2\session2_participant5\session2_participant5_gesture16_trial1,2,5,16,HC,3,1
..\data\raw\grabmyo\1.1.0\Session2\session2_participant5\session2_participant5_gesture16_trial2,2,5,16,HC,3,2
..\data\raw\grabmyo\1.1.0\Session2\session2_participant5\session2_participant5_gesture16_trial3,2,5,16,HC,3,3
..\data\raw\grabmyo\1.1.0\Session2\session2_participant5\session2_participant5_gesture16_trial4,2,5,16,HC,3,4
..\data\raw\grabmyo\1.1.0\Session2\session2_participant5\session2_participant5_gesture16_trial5,2,5,16,HC,3,5
..\data\raw\grabmyo\1.1.0\Session2\session2_participant5\session2_participant5_gesture16_trial6,2,5,16,HC,3,6
..\data\raw\grabmyo\1.1.0\Session2\session2_participant5\session2_participant5_gesture16_trial7,2,5,16,HC,3,7
..\data\raw\grabmyo\1.1.0\Session3\session3_participant5\session3_participant5_gesture11_trial1,3,5,11,WF,0,1
..\data\raw\grabmyo\1.1.0\Session3\session3_participant5\session3_participant5_gesture11_trial2,3,5,11,WF,0,2
..\data\raw\grabmyo\1.1.0\Session3\session3_participant5\session3_participant5_gesture11_trial3,3,5,11,WF,0,3
..\data\raw\grabmyo\1.1.0\Session3\session3_participant5\session3_participant5_gesture11_trial4,3,5,11,WF,0,4
..\data\raw\grabmyo\1.1.0\Session3\session3_participant5\session3_participant5_gesture11_trial5,3,5,11,WF,0,5
..\data\raw\grabmyo\1.1.0\Session3\session3_participant5\session3_participant5_gesture11_trial6,3,5,11,WF,0,6
..\data\raw\grabmyo\1.1.0\Session3\session3_participant5\session3_participant5_gesture11_trial7,3,5,11,WF,0,7
..\data\raw\grabmyo\1.1.0\Session3\session3_participant5\session3_participant5_gesture12_trial1,3,5,12,WE,1,1
..\data\raw\grabmyo\1.1.0\Session3\session3_participant5\session3_participant5_gesture12_trial2,3,5,12,WE,1,2
..\data\raw\grabmyo\1.1.0\Session3\session3_participant5\session3_participant5_gesture12_trial3,3,5,12,WE,1,3
..\data\raw\grabmyo\1.1.0\Session3\session3_participant5\session3_participant5_gesture12_trial4,3,5,12,WE,1,4
..\data\raw\grabmyo\1.1.0\Session3\session3_participant5\session3_participant5_gesture12_trial5,3,5,12,WE,1,5
..\data\raw\grabmyo\1.1.0\Session3\session3_participant5\session3_participant5_gesture12_trial6,3,5,12,WE,1,6
..\data\raw\grabmyo\1.1.0\Session3\session3_participant5\session3_participant5_gesture12_trial7,3,5,12,WE,1,7
..\data\raw\grabmyo\1.1.0\Session3\session3_participant5\session3_participant5_gesture15_trial1,3,5,15,HO,2,1
..\data\raw\grabmyo\1.1.0\Session3\session3_participant5\session3_participant5_gesture15_trial2,3,5,15,HO,2,2
..\data\raw\grabmyo\1.1.0\Session3\session3_participant5\session3_participant5_gesture15_trial3,3,5,15,HO,2,3
..\data\raw\grabmyo\1.1.0\Session3\session3_participant5\session3_participant5_gesture15_trial4,3,5,15,HO,2,4
..\data\raw\grabmyo\1.1.0\Session3\session3_participant5\session3_participant5_gesture15_trial5,3,5,15,HO,2,5
..\data\raw\grabmyo\1.1.0\Session3\session3_participant5\session3_participant5_gesture15_trial6,3,5,15,HO,2,6
..\data\raw\grabmyo\1.1.0\Session3\session3_participant5\session3_participant5_gesture15_trial7,3,5,15,HO,2,7
..\data\raw\grabmyo\1.1.0\Session3\session3_participant5\session3_participant5_gesture16_trial1,3,5,16,HC,3,1
..\data\raw\grabmyo\1.1.0\Session3\session3_participant5\session3_participant5_gesture16_trial2,3,5,16,HC,3,2
..\data\raw\grabmyo\1.1.0\Session3\session3_participant5\session3_participant5_gesture16_trial3,3,5,16,HC,3,3
..\data\raw\grabmyo\1.1.0\Session3\session3_participant5\session3_participant5_gesture16_trial4,3,5,16,HC,3,4
..\data\raw\grabmyo\1.1.0\Session3\session3_participant5\session3_participant5_gesture16_trial5,3,5,16,HC,3,5
..\data\raw\grabmyo\1.1.0\Session3\session3_participant5\session3_participant5_gesture16_trial6,3,5,16,HC,3,6
..\data\raw\grabmyo\1.1.0\Session3\session3_participant5\session3_participant5_gesture16_trial7,3,5,16,HC,3,7
..\data\raw\grabmyo\1.1.0\Session1\session1_participant6\session1_participant6_gesture11_trial1,1,6,11,WF,0,1
..\data\raw\grabmyo\1.1.0\Session1\session1_participant6\session1_participant6_gesture11_trial2,1,6,11,WF,0,2
..\data\raw\grabmyo\1.1.0\Session1\session1_participant6\session1_participant6_gesture11_trial3,1,6,11,WF,0,3
..\data\raw\grabmyo\1.1.0\Session1\session1_participant6\session1_participant6_gesture11_trial4,1,6,11,WF,0,4
..\data\raw\grabmyo\1.1.0\Session1\session1_participant6\session1_participant6_gesture11_trial5,1,6,11,WF,0,5
..\data\raw\grabmyo\1.1.0\Session1\session1_participant6\session1_participant6_gesture11_trial6,1,6,11,WF,0,6
..\data\raw\grabmyo\1.1.0\Session1\session1_participant6\session1_participant6_gesture11_trial7,1,6,11,WF,0,7
..\data\raw\grabmyo\1.1.0\Session1\session1_participant6\session1_participant6_gesture12_trial1,1,6,12,WE,1,1
..\data\raw\grabmyo\1.1.0\Session1\session1_participant6\session1_participant6_gesture12_trial2,1,6,12,WE,1,2
..\data\raw\grabmyo\1.1.0\Session1\session1_participant6\session1_participant6_gesture12_trial3,1,6,12,WE,1,3
..\data\raw\grabmyo\1.1.0\Session1\session1_participant6\session1_participant6_gesture12_trial4,1,6,12,WE,1,4
..\data\raw\grabmyo\1.1.0\Session1\session1_participant6\session1_participant6_gesture12_trial5,1,6,12,WE,1,5
..\data\raw\grabmyo\1.1.0\Session1\session1_participant6\session1_participant6_gesture12_trial6,1,6,12,WE,1,6
..\data\raw\grabmyo\1.1.0\Session1\session1_participant6\session1_participant6_gesture12_trial7,1,6,12,WE,1,7
..\data\raw\grabmyo\1.1.0\Session1\session1_participant6\session1_participant6_gesture15_trial1,1,6,15,HO,2,1
..\data\raw\grabmyo\1.1.0\Session1\session1_participant6\session1_participant6_gesture15_trial2,1,6,15,HO,2,2
..\data\raw\grabmyo\1.1.0\Session1\session1_participant6\session1_participant6_gesture15_trial3,1,6,15,HO,2,3
..\data\raw\grabmyo\1.1.0\Session1\session1_participant6\session1_participant6_gesture15_trial4,1,6,15,HO,2,4
..\data\raw\grabmyo\1.1.0\Session1\session1_participant6\session1_participant6_gesture15_trial5,1,6,15,HO,2,5
..\data\raw\grabmyo\1.1.0\Session1\session1_participant6\session1_participant6_gesture15_trial6,1,6,15,HO,2,6
..\data\raw\grabmyo\1.1.0\Session1\session1_participant6\session1_participant6_gesture15_trial7,1,6,15,HO,2,7
..\data\raw\grabmyo\1.1.0\Session1\session1_participant6\session1_participant6_gesture16_trial1,1,6,16,HC,3,1
..\data\raw\grabmyo\1.1.0\Session1\session1_participant6\session1_participant6_gesture16_trial2,1,6,16,HC,3,2
..\data\raw\grabmyo\1.1.0\Session1\session1_participant6\session1_participant6_gesture16_trial3,1,6,16,HC,3,3
..\data\raw\grabmyo\1.1.0\Session1\session1_participant6\session1_participant6_gesture16_trial4,1,6,16,HC,3,4
..\data\raw\grabmyo\1.1.0\Session1\session1_participant6\session1_participant6_gesture16_trial5,1,6,16,HC,3,5
..\data\raw\grabmyo\1.1.0\Session1\session1_participant6\session1_participant6_gesture16_trial6,1,6,16,HC,3,6
..\data\raw\grabmyo\1.1.0\Session1\session1_participant6\session1_participant6_gesture16_trial7,1,6,16,HC,3,7
..\data\raw\grabmyo\1.1.0\Session2\session2_participant6\session2_participant6_gesture11_trial1,2,6,11,WF,0,1
..\data\raw\grabmyo\1.1.0\Session2\session2_participant6\session2_participant6_gesture11_trial2,2,6,11,WF,0,2
..\data\raw\grabmyo\1.1.0\Session2\session2_participant6\session2_participant6_gesture11_trial3,2,6,11,WF,0,3
..\data\raw\grabmyo\1.1.0\Session2\session2_participant6\session2_participant6_gesture11_trial4,2,6,11,WF,0,4
..\data\raw\grabmyo\1.1.0\Session2\session2_participant6\session2_participant6_gesture11_trial5,2,6,11,WF,0,5
..\data\raw\grabmyo\1.1.0\Session2\session2_participant6\session2_participant6_gesture11_trial6,2,6,11,WF,0,6
..\data\raw\grabmyo\1.1.0\Session2\session2_participant6\session2_participant6_gesture11_trial7,2,6,11,WF,0,7
..\data\raw\grabmyo\1.1.0\Session2\session2_participant6\session2_participant6_gesture12_trial1,2,6,12,WE,1,1
..\data\raw\grabmyo\1.1.0\Session2\session2_participant6\session2_participant6_gesture12_trial2,2,6,12,WE,1,2
..\data\raw\grabmyo\1.1.0\Session2\session2_participant6\session2_participant6_gesture12_trial3,2,6,12,WE,1,3
..\data\raw\grabmyo\1.1.0\Session2\session2_participant6\session2_participant6_gesture12_trial4,2,6,12,WE,1,4
..\data\raw\grabmyo\1.1.0\Session2\session2_participant6\session2_participant6_gesture12_trial5,2,6,12,WE,1,5
..\data\raw\grabmyo\1.1.0\Session2\session2_participant6\session2_participant6_gesture12_trial6,2,6,12,WE,1,6
..\data\raw\grabmyo\1.1.0\Session2\session2_participant6\session2_participant6_gesture12_trial7,2,6,12,WE,1,7
..\data\raw\grabmyo\1.1.0\Session2\session2_participant6\session2_participant6_gesture15_trial1,2,6,15,HO,2,1
..\data\raw\grabmyo\1.1.0\Session2\session2_participant6\session2_participant6_gesture15_trial2,2,6,15,HO,2,2
..\data\raw\grabmyo\1.1.0\Session2\session2_participant6\session2_participant6_gesture15_trial3,2,6,15,HO,2,3
..\data\raw\grabmyo\1.1.0\Session2\session2_participant6\session2_participant6_gesture15_trial4,2,6,15,HO,2,4
..\data\raw\grabmyo\1.1.0\Session2\session2_participant6\session2_participant6_gesture15_trial5,2,6,15,HO,2,5
..\data\raw\grabmyo\1.1.0\Session2\session2_participant6\session2_participant6_gesture15_trial6,2,6,15,HO,2,6
..\data\raw\grabmyo\1.1.0\Session2\session2_participant6\session2_participant6_gesture15_trial7,2,6,15,HO,2,7
..\data\raw\grabmyo\1.1.0\Session2\session2_participant6\session2_participant6_gesture16_trial1,2,6,16,HC,3,1
..\data\raw\grabmyo\1.1.0\Session2\session2_participant6\session2_participant6_gesture16_trial2,2,6,16,HC,3,2
..\data\raw\grabmyo\1.1.0\Session2\session2_participant6\session2_participant6_gesture16_trial3,2,6,16,HC,3,3
..\data\raw\grabmyo\1.1.0\Session2\session2_participant6\session2_participant6_gesture16_trial4,2,6,16,HC,3,4
..\data\raw\grabmyo\1.1.0\Session2\session2_participant6\session2_participant6_gesture16_trial5,2,6,16,HC,3,5
..\data\raw\grabmyo\1.1.0\Session2\session2_participant6\session2_participant6_gesture16_trial6,2,6,16,HC,3,6
..\data\raw\grabmyo\1.1.0\Session2\session2_participant6\session2_participant6_gesture16_trial7,2,6,16,HC,3,7
..\data\raw\grabmyo\1.1.0\Session3\session3_participant6\session3_participant6_gesture11_trial1,3,6,11,WF,0,1
..\data\raw\grabmyo\1.1.0\Session3\session3_participant6\session3_participant6_gesture11_trial2,3,6,11,WF,0,2
..\data\raw\grabmyo\1.1.0\Session3\session3_participant6\session3_participant6_gesture11_trial3,3,6,11,WF,0,3
..\data\raw\grabmyo\1.1.0\Session3\session3_participant6\session3_participant6_gesture11_trial4,3,6,11,WF,0,4
..\data\raw\grabmyo\1.1.0\Session3\session3_participant6\session3_participant6_gesture11_trial5,3,6,11,WF,0,5
..\data\raw\grabmyo\1.1.0\Session3\session3_participant6\session3_participant6_gesture11_trial6,3,6,11,WF,0,6
..\data\raw\grabmyo\1.1.0\Session3\session3_participant6\session3_participant6_gesture11_trial7,3,6,11,WF,0,7
..\data\raw\grabmyo\1.1.0\Session3\session3_participant6\session3_participant6_gesture12_trial1,3,6,12,WE,1,1
..\data\raw\grabmyo\1.1.0\Session3\session3_participant6\session3_participant6_gesture12_trial2,3,6,12,WE,1,2
..\data\raw\grabmyo\1.1.0\Session3\session3_participant6\session3_participant6_gesture12_trial3,3,6,12,WE,1,3
..\data\raw\grabmyo\1.1.0\Session3\session3_participant6\session3_participant6_gesture12_trial4,3,6,12,WE,1,4
..\data\raw\grabmyo\1.1.0\Session3\session3_participant6\session3_participant6_gesture12_trial5,3,6,12,WE,1,5
..\data\raw\grabmyo\1.1.0\Session3\session3_participant6\session3_participant6_gesture12_trial6,3,6,12,WE,1,6
..\data\raw\grabmyo\1.1.0\Session3\session3_participant6\session3_participant6_gesture12_trial7,3,6,12,WE,1,7
..\data\raw\grabmyo\1.1.0\Session3\session3_participant6\session3_participant6_gesture15_trial1,3,6,15,HO,2,1
..\data\raw\grabmyo\1.1.0\Session3\session3_participant6\session3_participant6_gesture15_trial2,3,6,15,HO,2,2
..\data\raw\grabmyo\1.1.0\Session3\session3_participant6\session3_participant6_gesture15_trial3,3,6,15,HO,2,3
..\data\raw\grabmyo\1.1.0\Session3\session3_participant6\session3_participant6_gesture15_trial4,3,6,15,HO,2,4
..\data\raw\grabmyo\1.1.0\Session3\session3_participant6\session3_participant6_gesture15_trial5,3,6,15,HO,2,5
..\data\raw\grabmyo\1.1.0\Session3\session3_participant6\session3_participant6_gesture15_trial6,3,6,15,HO,2,6
..\data\raw\grabmyo\1.1.0\Session3\session3_participant6\session3_participant6_gesture15_trial7,3,6,15,HO,2,7
..\data\raw\grabmyo\1.1.0\Session3\session3_participant6\session3_participant6_gesture16_trial1,3,6,16,HC,3,1
..\data\raw\grabmyo\1.1.0\Session3\session3_participant6\session3_participant6_gesture16_trial2,3,6,16,HC,3,2
..\data\raw\grabmyo\1.1.0\Session3\session3_participant6\session3_participant6_gesture16_trial3,3,6,16,HC,3,3
..\data\raw\grabmyo\1.1.0\Session3\session3_participant6\session3_participant6_gesture16_trial4,3,6,16,HC,3,4
..\data\raw\grabmyo\1.1.0\Session3\session3_participant6\session3_participant6_gesture16_trial5,3,6,16,HC,3,5
..\data\raw\grabmyo\1.1.0\Session3\session3_participant6\session3_participant6_gesture16_trial6,3,6,16,HC,3,6
..\data\raw\grabmyo\1.1.0\Session3\session3_participant6\session3_participant6_gesture16_trial7,3,6,16,HC,3,7
..\data\raw\grabmyo\1.1.0\Session1\session1_participant7\session1_participant7_gesture11_trial1,1,7,11,WF,0,1
..\data\raw\grabmyo\1.1.0\Session1\session1_participant7\session1_participant7_gesture11_trial2,1,7,11,WF,0,2
..\data\raw\grabmyo\1.1.0\Session1\session1_participant7\session1_participant7_gesture11_trial3,1,7,11,WF,0,3
..\data\raw\grabmyo\1.1.0\Session1\session1_participant7\session1_participant7_gesture11_trial4,1,7,11,WF,0,4
..\data\raw\grabmyo\1.1.0\Session1\session1_participant7\session1_participant7_gesture11_trial5,1,7,11,WF,0,5
..\data\raw\grabmyo\1.1.0\Session1\session1_participant7\session1_participant7_gesture11_trial6,1,7,11,WF,0,6
..\data\raw\grabmyo\1.1.0\Session1\session1_participant7\session1_participant7_gesture11_trial7,1,7,11,WF,0,7
..\data\raw\grabmyo\1.1.0\Session1\session1_participant7\session1_participant7_gesture12_trial1,1,7,12,WE,1,1
..\data\raw\grabmyo\1.1.0\Session1\session1_participant7\session1_participant7_gesture12_trial2,1,7,12,WE,1,2
..\data\raw\grabmyo\1.1.0\Session1\session1_participant7\session1_participant7_gesture12_trial3,1,7,12,WE,1,3
..\data\raw\grabmyo\1.1.0\Session1\session1_participant7\session1_participant7_gesture12_trial4,1,7,12,WE,1,4
..\data\raw\grabmyo\1.1.0\Session1\session1_participant7\session1_participant7_gesture12_trial5,1,7,12,WE,1,5
..\data\raw\grabmyo\1.1.0\Session1\session1_participant7\session1_participant7_gesture12_trial6,1,7,12,WE,1,6
..\data\raw\grabmyo\1.1.0\Session1\session1_participant7\session1_participant7_gesture12_trial7,1,7,12,WE,1,7
..\data\raw\grabmyo\1.1.0\Session1\session1_participant7\session1_participant7_gesture15_trial1,1,7,15,HO,2,1
..\data\raw\grabmyo\1.1.0\Session1\session1_participant7\session1_participant7_gesture15_trial2,1,7,15,HO,2,2
..\data\raw\grabmyo\1.1.0\Session1\session1_participant7\session1_participant7_gesture15_trial3,1,7,15,HO,2,3
..\data\raw\grabmyo\1.1.0\Session1\session1_participant7\session1_participant7_gesture15_trial4,1,7,15,HO,2,4
..\data\raw\grabmyo\1.1.0\Session1\session1_participant7\session1_participant7_gesture15_trial5,1,7,15,HO,2,5
..\data\raw\grabmyo\1.1.0\Session1\session1_participant7\session1_participant7_gesture15_trial6,1,7,15,HO,2,6
..\data\raw\grabmyo\1.1.0\Session1\session1_participant7\session1_participant7_gesture15_trial7,1,7,15,HO,2,7
..\data\raw\grabmyo\1.1.0\Session1\session1_participant7\session1_participant7_gesture16_trial1,1,7,16,HC,3,1
..\data\raw\grabmyo\1.1.0\Session1\session1_participant7\session1_participant7_gesture16_trial2,1,7,16,HC,3,2
..\data\raw\grabmyo\1.1.0\Session1\session1_participant7\session1_participant7_gesture16_trial3,1,7,16,HC,3,3
..\data\raw\grabmyo\1.1.0\Session1\session1_participant7\session1_participant7_gesture16_trial4,1,7,16,HC,3,4
..\data\raw\grabmyo\1.1.0\Session1\session1_participant7\session1_participant7_gesture16_trial5,1,7,16,HC,3,5
..\data\raw\grabmyo\1.1.0\Session1\session1_participant7\session1_participant7_gesture16_trial6,1,7,16,HC,3,6
..\data\raw\grabmyo\1.1.0\Session1\session1_participant7\session1_participant7_gesture16_trial7,1,7,16,HC,3,7
..\data\raw\grabmyo\1.1.0\Session2\session2_participant7\session2_participant7_gesture11_trial1,2,7,11,WF,0,1
..\data\raw\grabmyo\1.1.0\Session2\session2_participant7\session2_participant7_gesture11_trial2,2,7,11,WF,0,2
..\data\raw\grabmyo\1.1.0\Session2\session2_participant7\session2_participant7_gesture11_trial3,2,7,11,WF,0,3
..\data\raw\grabmyo\1.1.0\Session2\session2_participant7\session2_participant7_gesture11_trial4,2,7,11,WF,0,4
..\data\raw\grabmyo\1.1.0\Session2\session2_participant7\session2_participant7_gesture11_trial5,2,7,11,WF,0,5
..\data\raw\grabmyo\1.1.0\Session2\session2_participant7\session2_participant7_gesture11_trial6,2,7,11,WF,0,6
..\data\raw\grabmyo\1.1.0\Session2\session2_participant7\session2_participant7_gesture11_trial7,2,7,11,WF,0,7
..\data\raw\grabmyo\1.1.0\Session2\session2_participant7\session2_participant7_gesture12_trial1,2,7,12,WE,1,1
..\data\raw\grabmyo\1.1.0\Session2\session2_participant7\session2_participant7_gesture12_trial2,2,7,12,WE,1,2
..\data\raw\grabmyo\1.1.0\Session2\session2_participant7\session2_participant7_gesture12_trial3,2,7,12,WE,1,3
..\data\raw\grabmyo\1.1.0\Session2\session2_participant7\session2_participant7_gesture12_trial4,2,7,12,WE,1,4
..\data\raw\grabmyo\1.1.0\Session2\session2_participant7\session2_participant7_gesture12_trial5,2,7,12,WE,1,5
..\data\raw\grabmyo\1.1.0\Session2\session2_participant7\session2_participant7_gesture12_trial6,2,7,12,WE,1,6
..\data\raw\grabmyo\1.1.0\Session2\session2_participant7\session2_participant7_gesture12_trial7,2,7,12,WE,1,7
..\data\raw\grabmyo\1.1.0\Session2\session2_participant7\session2_participant7_gesture15_trial1,2,7,15,HO,2,1
..\data\raw\grabmyo\1.1.0\Session2\session2_participant7\session2_participant7_gesture15_trial2,2,7,15,HO,2,2
..\data\raw\grabmyo\1.1.0\Session2\session2_participant7\session2_participant7_gesture15_trial3,2,7,15,HO,2,3
..\data\raw\grabmyo\1.1.0\Session2\session2_participant7\session2_participant7_gesture15_trial4,2,7,15,HO,2,4
..\data\raw\grabmyo\1.1.0\Session2\session2_participant7\session2_participant7_gesture15_trial5,2,7,15,HO,2,5
..\data\raw\grabmyo\1.1.0\Session2\session2_participant7\session2_participant7_gesture15_trial6,2,7,15,HO,2,6
..\data\raw\grabmyo\1.1.0\Session2\session2_participant7\session2_participant7_gesture15_trial7,2,7,15,HO,2,7
..\data\raw\grabmyo\1.1.0\Session2\session2_participant7\session2_participant7_gesture16_trial1,2,7,16,HC,3,1
..\data\raw\grabmyo\1.1.0\Session2\session2_participant7\session2_participant7_gesture16_trial2,2,7,16,HC,3,2
..\data\raw\grabmyo\1.1.0\Session2\session2_participant7\session2_participant7_gesture16_trial3,2,7,16,HC,3,3
..\data\raw\grabmyo\1.1.0\Session2\session2_participant7\session2_participant7_gesture16_trial4,2,7,16,HC,3,4
..\data\raw\grabmyo\1.1.0\Session2\session2_participant7\session2_participant7_gesture16_trial5,2,7,16,HC,3,5
..\data\raw\grabmyo\1.1.0\Session2\session2_participant7\session2_participant7_gesture16_trial6,2,7,16,HC,3,6
..\data\raw\grabmyo\1.1.0\Session2\session2_participant7\session2_participant7_gesture16_trial7,2,7,16,HC,3,7
..\data\raw\grabmyo\1.1.0\Session3\session3_participant7\session3_participant7_gesture11_trial1,3,7,11,WF,0,1
..\data\raw\grabmyo\1.1.0\Session3\session3_participant7\session3_participant7_gesture11_trial2,3,7,11,WF,0,2
..\data\raw\grabmyo\1.1.0\Session3\session3_participant7\session3_participant7_gesture11_trial3,3,7,11,WF,0,3
..\data\raw\grabmyo\1.1.0\Session3\session3_participant7\session3_participant7_gesture11_trial4,3,7,11,WF,0,4
..\data\raw\grabmyo\1.1.0\Session3\session3_participant7\session3_participant7_gesture11_trial5,3,7,11,WF,0,5
..\data\raw\grabmyo\1.1.0\Session3\session3_participant7\session3_participant7_gesture11_trial6,3,7,11,WF,0,6
..\data\raw\grabmyo\1.1.0\Session3\session3_participant7\session3_participant7_gesture11_trial7,3,7,11,WF,0,7
..\data\raw\grabmyo\1.1.0\Session3\session3_participant7\session3_participant7_gesture12_trial1,3,7,12,WE,1,1
..\data\raw\grabmyo\1.1.0\Session3\session3_participant7\session3_participant7_gesture12_trial2,3,7,12,WE,1,2
..\data\raw\grabmyo\1.1.0\Session3\session3_participant7\session3_participant7_gesture12_trial3,3,7,12,WE,1,3
..\data\raw\grabmyo\1.1.0\Session3\session3_participant7\session3_participant7_gesture12_trial4,3,7,12,WE,1,4
..\data\raw\grabmyo\1.1.0\Session3\session3_participant7\session3_participant7_gesture12_trial5,3,7,12,WE,1,5
..\data\raw\grabmyo\1.1.0\Session3\session3_participant7\session3_participant7_gesture12_trial6,3,7,12,WE,1,6
..\data\raw\grabmyo\1.1.0\Session3\session3_participant7\session3_participant7_gesture12_trial7,3,7,12,WE,1,7
..\data\raw\grabmyo\1.1.0\Session3\session3_participant7\session3_participant7_gesture15_trial1,3,7,15,HO,2,1
..\data\raw\grabmyo\1.1.0\Session3\session3_participant7\session3_participant7_gesture15_trial2,3,7,15,HO,2,2
..\data\raw\grabmyo\1.1.0\Session3\session3_participant7\session3_participant7_gesture15_trial3,3,7,15,HO,2,3
..\data\raw\grabmyo\1.1.0\Session3\session3_participant7\session3_participant7_gesture15_trial4,3,7,15,HO,2,4
..\data\raw\grabmyo\1.1.0\Session3\session3_participant7\session3_participant7_gesture15_trial5,3,7,15,HO,2,5
..\data\raw\grabmyo\1.1.0\Session3\session3_participant7\session3_participant7_gesture15_trial6,3,7,15,HO,2,6
..\data\raw\grabmyo\1.1.0\Session3\session3_participant7\session3_participant7_gesture15_trial7,3,7,15,HO,2,7
..\data\raw\grabmyo\1.1.0\Session3\session3_participant7\session3_participant7_gesture16_trial1,3,7,16,HC,3,1
..\data\raw\grabmyo\1.1.0\Session3\session3_participant7\session3_participant7_gesture16_trial2,3,7,16,HC,3,2
..\data\raw\grabmyo\1.1.0\Session3\session3_participant7\session3_participant7_gesture16_trial3,3,7,16,HC,3,3
..\data\raw\grabmyo\1.1.0\Session3\session3_participant7\session3_participant7_gesture16_trial4,3,7,16,HC,3,4
..\data\raw\grabmyo\1.1.0\Session3\session3_participant7\session3_participant7_gesture16_trial5,3,7,16,HC,3,5
..\data\raw\grabmyo\1.1.0\Session3\session3_participant7\session3_participant7_gesture16_trial6,3,7,16,HC,3,6
..\data\raw\grabmyo\1.1.0\Session3\session3_participant7\session3_participant7_gesture16_trial7,3,7,16,HC,3,7
..\data\raw\grabmyo\1.1.0\Session1\session1_participant8\session1_participant8_gesture11_trial1,1,8,11,WF,0,1
..\data\raw\grabmyo\1.1.0\Session1\session1_participant8\session1_participant8_gesture11_trial2,1,8,11,WF,0,2
..\data\raw\grabmyo\1.1.0\Session1\session1_participant8\session1_participant8_gesture11_trial3,1,8,11,WF,0,3
..\data\raw\grabmyo\1.1.0\Session1\session1_participant8\session1_participant8_gesture11_trial4,1,8,11,WF,0,4
..\data\raw\grabmyo\1.1.0\Session1\session1_participant8\session1_participant8_gesture11_trial5,1,8,11,WF,0,5
..\data\raw\grabmyo\1.1.0\Session1\session1_participant8\session1_participant8_gesture11_trial6,1,8,11,WF,0,6
..\data\raw\grabmyo\1.1.0\Session1\session1_participant8\session1_participant8_gesture11_trial7,1,8,11,WF,0,7
..\data\raw\grabmyo\1.1.0\Session1\session1_participant8\session1_participant8_gesture12_trial1,1,8,12,WE,1,1
..\data\raw\grabmyo\1.1.0\Session1\session1_participant8\session1_participant8_gesture12_trial2,1,8,12,WE,1,2
..\data\raw\grabmyo\1.1.0\Session1\session1_participant8\session1_participant8_gesture12_trial3,1,8,12,WE,1,3
..\data\raw\grabmyo\1.1.0\Session1\session1_participant8\session1_participant8_gesture12_trial4,1,8,12,WE,1,4
..\data\raw\grabmyo\1.1.0\Session1\session1_participant8\session1_participant8_gesture12_trial5,1,8,12,WE,1,5
..\data\raw\grabmyo\1.1.0\Session1\session1_participant8\session1_participant8_gesture12_trial6,1,8,12,WE,1,6
..\data\raw\grabmyo\1.1.0\Session1\session1_participant8\session1_participant8_gesture12_trial7,1,8,12,WE,1,7
..\data\raw\grabmyo\1.1.0\Session1\session1_participant8\session1_participant8_gesture15_trial1,1,8,15,HO,2,1
..\data\raw\grabmyo\1.1.0\Session1\session1_participant8\session1_participant8_gesture15_trial2,1,8,15,HO,2,2
..\data\raw\grabmyo\1.1.0\Session1\session1_participant8\session1_participant8_gesture15_trial3,1,8,15,HO,2,3
..\data\raw\grabmyo\1.1.0\Session1\session1_participant8\session1_participant8_gesture15_trial4,1,8,15,HO,2,4
..\data\raw\grabmyo\1.1.0\Session1\session1_participant8\session1_participant8_gesture15_trial5,1,8,15,HO,2,5
..\data\raw\grabmyo\1.1.0\Session1\session1_participant8\session1_participant8_gesture15_trial6,1,8,15,HO,2,6
..\data\raw\grabmyo\1.1.0\Session1\session1_participant8\session1_participant8_gesture15_trial7,1,8,15,HO,2,7
..\data\raw\grabmyo\1.1.0\Session1\session1_participant8\session1_participant8_gesture16_trial1,1,8,16,HC,3,1
..\data\raw\grabmyo\1.1.0\Session1\session1_participant8\session1_participant8_gesture16_trial2,1,8,16,HC,3,2
..\data\raw\grabmyo\1.1.0\Session1\session1_participant8\session1_participant8_gesture16_trial3,1,8,16,HC,3,3
..\data\raw\grabmyo\1.1.0\Session1\session1_participant8\session1_participant8_gesture16_trial4,1,8,16,HC,3,4
..\data\raw\grabmyo\1.1.0\Session1\session1_participant8\session1_participant8_gesture16_trial5,1,8,16,HC,3,5
..\data\raw\grabmyo\1.1.0\Session1\session1_participant8\session1_participant8_gesture16_trial6,1,8,16,HC,3,6
..\data\raw\grabmyo\1.1.0\Session1\session1_participant8\session1_participant8_gesture16_trial7,1,8,16,HC,3,7
..\data\raw\grabmyo\1.1.0\Session2\session2_participant8\session2_participant8_gesture11_trial1,2,8,11,WF,0,1
..\data\raw\grabmyo\1.1.0\Session2\session2_participant8\session2_participant8_gesture11_trial2,2,8,11,WF,0,2
..\data\raw\grabmyo\1.1.0\Session2\session2_participant8\session2_participant8_gesture11_trial3,2,8,11,WF,0,3
..\data\raw\grabmyo\1.1.0\Session2\session2_participant8\session2_participant8_gesture11_trial4,2,8,11,WF,0,4
..\data\raw\grabmyo\1.1.0\Session2\session2_participant8\session2_participant8_gesture11_trial5,2,8,11,WF,0,5
..\data\raw\grabmyo\1.1.0\Session2\session2_participant8\session2_participant8_gesture11_trial6,2,8,11,WF,0,6
..\data\raw\grabmyo\1.1.0\Session2\session2_participant8\session2_participant8_gesture11_trial7,2,8,11,WF,0,7
..\data\raw\grabmyo\1.1.0\Session2\session2_participant8\session2_participant8_gesture12_trial1,2,8,12,WE,1,1
..\data\raw\grabmyo\1.1.0\Session2\session2_participant8\session2_participant8_gesture12_trial2,2,8,12,WE,1,2
..\data\raw\grabmyo\1.1.0\Session2\session2_participant8\session2_participant8_gesture12_trial3,2,8,12,WE,1,3
..\data\raw\grabmyo\1.1.0\Session2\session2_participant8\session2_participant8_gesture12_trial4,2,8,12,WE,1,4
..\data\raw\grabmyo\1.1.0\Session2\session2_participant8\session2_participant8_gesture12_trial5,2,8,12,WE,1,5
..\data\raw\grabmyo\1.1.0\Session2\session2_participant8\session2_participant8_gesture12_trial6,2,8,12,WE,1,6
..\data\raw\grabmyo\1.1.0\Session2\session2_participant8\session2_participant8_gesture12_trial7,2,8,12,WE,1,7
..\data\raw\grabmyo\1.1.0\Session2\session2_participant8\session2_participant8_gesture15_trial1,2,8,15,HO,2,1
..\data\raw\grabmyo\1.1.0\Session2\session2_participant8\session2_participant8_gesture15_trial2,2,8,15,HO,2,2
..\data\raw\grabmyo\1.1.0\Session2\session2_participant8\session2_participant8_gesture15_trial3,2,8,15,HO,2,3
..\data\raw\grabmyo\1.1.0\Session2\session2_participant8\session2_participant8_gesture15_trial4,2,8,15,HO,2,4
..\data\raw\grabmyo\1.1.0\Session2\session2_participant8\session2_participant8_gesture15_trial5,2,8,15,HO,2,5
..\data\raw\grabmyo\1.1.0\Session2\session2_participant8\session2_participant8_gesture15_trial6,2,8,15,HO,2,6
..\data\raw\grabmyo\1.1.0\Session2\session2_participant8\session2_participant8_gesture15_trial7,2,8,15,HO,2,7
..\data\raw\grabmyo\1.1.0\Session2\session2_participant8\session2_participant8_gesture16_trial1,2,8,16,HC,3,1
..\data\raw\grabmyo\1.1.0\Session2\session2_participant8\session2_participant8_gesture16_trial2,2,8,16,HC,3,2
..\data\raw\grabmyo\1.1.0\Session2\session2_participant8\session2_participant8_gesture16_trial3,2,8,16,HC,3,3
..\data\raw\grabmyo\1.1.0\Session2\session2_participant8\session2_participant8_gesture16_trial4,2,8,16,HC,3,4
..\data\raw\grabmyo\1.1.0\Session2\session2_participant8\session2_participant8_gesture16_trial5,2,8,16,HC,3,5
..\data\raw\grabmyo\1.1.0\Session2\session2_participant8\session2_participant8_gesture16_trial6,2,8,16,HC,3,6
..\data\raw\grabmyo\1.1.0\Session2\session2_participant8\session2_participant8_gesture16_trial7,2,8,16,HC,3,7
..\data\raw\grabmyo\1.1.0\Session1\session1_participant9\session1_participant9_gesture11_trial1,1,9,11,WF,0,1
..\data\raw\grabmyo\1.1.0\Session1\session1_participant9\session1_participant9_gesture11_trial2,1,9,11,WF,0,2
..\data\raw\grabmyo\1.1.0\Session1\session1_participant9\session1_participant9_gesture11_trial3,1,9,11,WF,0,3
..\data\raw\grabmyo\1.1.0\Session1\session1_participant9\session1_participant9_gesture11_trial4,1,9,11,WF,0,4
..\data\raw\grabmyo\1.1.0\Session1\session1_participant9\session1_participant9_gesture11_trial5,1,9,11,WF,0,5
..\data\raw\grabmyo\1.1.0\Session1\session1_participant9\session1_participant9_gesture11_trial6,1,9,11,WF,0,6
..\data\raw\grabmyo\1.1.0\Session1\session1_participant9\session1_participant9_gesture11_trial7,1,9,11,WF,0,7
..\data\raw\grabmyo\1.1.0\Session1\session1_participant9\session1_participant9_gesture12_trial1,1,9,12,WE,1,1
..\data\raw\grabmyo\1.1.0\Session1\session1_participant9\session1_participant9_gesture12_trial2,1,9,12,WE,1,2
..\data\raw\grabmyo\1.1.0\Session1\session1_participant9\session1_participant9_gesture12_trial3,1,9,12,WE,1,3
..\data\raw\grabmyo\1.1.0\Session1\session1_participant9\session1_participant9_gesture12_trial4,1,9,12,WE,1,4
..\data\raw\grabmyo\1.1.0\Session1\session1_participant9\session1_participant9_gesture12_trial5,1,9,12,WE,1,5
..\data\raw\grabmyo\1.1.0\Session1\session1_participant9\session1_participant9_gesture12_trial6,1,9,12,WE,1,6
..\data\raw\grabmyo\1.1.0\Session1\session1_participant9\session1_participant9_gesture12_trial7,1,9,12,WE,1,7
..\data\raw\grabmyo\1.1.0\Session1\session1_participant9\session1_participant9_gesture15_trial1,1,9,15,HO,2,1
..\data\raw\grabmyo\1.1.0\Session1\session1_participant9\session1_participant9_gesture15_trial2,1,9,15,HO,2,2
..\data\raw\grabmyo\1.1.0\Session1\session1_participant9\session1_participant9_gesture15_trial3,1,9,15,HO,2,3
..\data\raw\grabmyo\1.1.0\Session1\session1_participant9\session1_participant9_gesture15_trial4,1,9,15,HO,2,4
..\data\raw\grabmyo\1.1.0\Session1\session1_participant9\session1_participant9_gesture15_trial5,1,9,15,HO,2,5
..\data\raw\grabmyo\1.1.0\Session1\session1_participant9\session1_participant9_gesture15_trial6,1,9,15,HO,2,6
..\data\raw\grabmyo\1.1.0\Session1\session1_participant9\session1_participant9_gesture15_trial7,1,9,15,HO,2,7
..\data\raw\grabmyo\1.1.0\Session1\session1_participant9\session1_participant9_gesture16_trial1,1,9,16,HC,3,1
..\data\raw\grabmyo\1.1.0\Session1\session1_participant9\session1_participant9_gesture16_trial2,1,9,16,HC,3,2
..\data\raw\grabmyo\1.1.0\Session1\session1_participant9\session1_participant9_gesture16_trial3,1,9,16,HC,3,3
..\data\raw\grabmyo\1.1.0\Session1\session1_participant9\session1_participant9_gesture16_trial4,1,9,16,HC,3,4
..\data\raw\grabmyo\1.1.0\Session1\session1_participant9\session1_participant9_gesture16_trial5,1,9,16,HC,3,5
..\data\raw\grabmyo\1.1.0\Session1\session1_participant9\session1_participant9_gesture16_trial6,1,9,16,HC,3,6
..\data\raw\grabmyo\1.1.0\Session1\session1_participant9\session1_participant9_gesture16_trial7,1,9,16,HC,3,7
..\data\raw\grabmyo\1.1.0\Session2\session2_participant9\session2_participant9_gesture11_trial1,2,9,11,WF,0,1
..\data\raw\grabmyo\1.1.0\Session2\session2_participant9\session2_participant9_gesture11_trial2,2,9,11,WF,0,2
..\data\raw\grabmyo\1.1.0\Session2\session2_participant9\session2_participant9_gesture11_trial3,2,9,11,WF,0,3
..\data\raw\grabmyo\1.1.0\Session2\session2_participant9\session2_participant9_gesture11_trial4,2,9,11,WF,0,4
..\data\raw\grabmyo\1.1.0\Session2\session2_participant9\session2_participant9_gesture11_trial5,2,9,11,WF,0,5
..\data\raw\grabmyo\1.1.0\Session2\session2_participant9\session2_participant9_gesture11_trial6,2,9,11,WF,0,6
..\data\raw\grabmyo\1.1.0\Session2\session2_participant9\session2_participant9_gesture11_trial7,2,9,11,WF,0,7
..\data\raw\grabmyo\1.1.0\Session2\session2_participant9\session2_participant9_gesture12_trial1,2,9,12,WE,1,1
..\data\raw\grabmyo\1.1.0\Session2\session2_participant9\session2_participant9_gesture12_trial2,2,9,12,WE,1,2
..\data\raw\grabmyo\1.1.0\Session2\session2_participant9\session2_participant9_gesture12_trial3,2,9,12,WE,1,3
..\data\raw\grabmyo\1.1.0\Session2\session2_participant9\session2_participant9_gesture12_trial4,2,9,12,WE,1,4
..\data\raw\grabmyo\1.1.0\Session2\session2_participant9\session2_participant9_gesture12_trial5,2,9,12,WE,1,5
..\data\raw\grabmyo\1.1.0\Session2\session2_participant9\session2_participant9_gesture12_trial6,2,9,12,WE,1,6
..\data\raw\grabmyo\1.1.0\Session2\session2_participant9\session2_participant9_gesture12_trial7,2,9,12,WE,1,7
..\data\raw\grabmyo\1.1.0\Session2\session2_participant9\session2_participant9_gesture15_trial1,2,9,15,HO,2,1
..\data\raw\grabmyo\1.1.0\Session2\session2_participant9\session2_participant9_gesture15_trial2,2,9,15,HO,2,2
..\data\raw\grabmyo\1.1.0\Session2\session2_participant9\session2_participant9_gesture15_trial3,2,9,15,HO,2,3
..\data\raw\grabmyo\1.1.0\Session2\session2_participant9\session2_participant9_gesture15_trial4,2,9,15,HO,2,4
..\data\raw\grabmyo\1.1.0\Session2\session2_participant9\session2_participant9_gesture15_trial5,2,9,15,HO,2,5
..\data\raw\grabmyo\1.1.0\Session2\session2_participant9\session2_participant9_gesture15_trial6,2,9,15,HO,2,6
..\data\raw\grabmyo\1.1.0\Session2\session2_participant9\session2_participant9_gesture15_trial7,2,9,15,HO,2,7
..\data\raw\grabmyo\1.1.0\Session2\session2_participant9\session2_participant9_gesture16_trial1,2,9,16,HC,3,1
..\data\raw\grabmyo\1.1.0\Session2\session2_participant9\session2_participant9_gesture16_trial2,2,9,16,HC,3,2
..\data\raw\grabmyo\1.1.0\Session2\session2_participant9\session2_participant9_gesture16_trial3,2,9,16,HC,3,3
..\data\raw\grabmyo\1.1.0\Session2\session2_participant9\session2_participant9_gesture16_trial4,2,9,16,HC,3,4
..\data\raw\grabmyo\1.1.0\Session2\session2_participant9\session2_participant9_gesture16_trial5,2,9,16,HC,3,5
..\data\raw\grabmyo\1.1.0\Session2\session2_participant9\session2_participant9_gesture16_trial6,2,9,16,HC,3,6
..\data\raw\grabmyo\1.1.0\Session2\session2_participant9\session2_participant9_gesture16_trial7,2,9,16,HC,3,7
..\data\raw\grabmyo\1.1.0\Session1\session1_participant10\session1_participant10_gesture11_trial1,1,10,11,WF,0,1
..\data\raw\grabmyo\1.1.0\Session1\session1_participant10\session1_participant10_gesture11_trial2,1,10,11,WF,0,2
..\data\raw\grabmyo\1.1.0\Session1\session1_participant10\session1_participant10_gesture11_trial3,1,10,11,WF,0,3
..\data\raw\grabmyo\1.1.0\Session1\session1_participant10\session1_participant10_gesture11_trial4,1,10,11,WF,0,4
..\data\raw\grabmyo\1.1.0\Session1\session1_participant10\session1_participant10_gesture11_trial5,1,10,11,WF,0,5
..\data\raw\grabmyo\1.1.0\Session1\session1_participant10\session1_participant10_gesture11_trial6,1,10,11,WF,0,6
..\data\raw\grabmyo\1.1.0\Session1\session1_participant10\session1_participant10_gesture11_trial7,1,10,11,WF,0,7
..\data\raw\grabmyo\1.1.0\Session1\session1_participant10\session1_participant10_gesture12_trial1,1,10,12,WE,1,1
..\data\raw\grabmyo\1.1.0\Session1\session1_participant10\session1_participant10_gesture12_trial2,1,10,12,WE,1,2
..\data\raw\grabmyo\1.1.0\Session1\session1_participant10\session1_participant10_gesture12_trial3,1,10,12,WE,1,3
..\data\raw\grabmyo\1.1.0\Session1\session1_participant10\session1_participant10_gesture12_trial4,1,10,12,WE,1,4
..\data\raw\grabmyo\1.1.0\Session1\session1_participant10\session1_participant10_gesture12_trial5,1,10,12,WE,1,5
..\data\raw\grabmyo\1.1.0\Session1\session1_participant10\session1_participant10_gesture12_trial6,1,10,12,WE,1,6
..\data\raw\grabmyo\1.1.0\Session1\session1_participant10\session1_participant10_gesture12_trial7,1,10,12,WE,1,7
..\data\raw\grabmyo\1.1.0\Session1\session1_participant10\session1_participant10_gesture15_trial1,1,10,15,HO,2,1
..\data\raw\grabmyo\1.1.0\Session1\session1_participant10\session1_participant10_gesture15_trial2,1,10,15,HO,2,2
..\data\raw\grabmyo\1.1.0\Session1\session1_participant10\session1_participant10_gesture15_trial3,1,10,15,HO,2,3
..\data\raw\grabmyo\1.1.0\Session1\session1_participant10\session1_participant10_gesture15_trial4,1,10,15,HO,2,4
..\data\raw\grabmyo\1.1.0\Session1\session1_participant10\session1_participant10_gesture15_trial5,1,10,15,HO,2,5
..\data\raw\grabmyo\1.1.0\Session1\session1_participant10\session1_participant10_gesture15_trial6,1,10,15,HO,2,6
..\data\raw\grabmyo\1.1.0\Session1\session1_participant10\session1_participant10_gesture15_trial7,1,10,15,HO,2,7
..\data\raw\grabmyo\1.1.0\Session1\session1_participant10\session1_participant10_gesture16_trial1,1,10,16,HC,3,1
..\data\raw\grabmyo\1.1.0\Session1\session1_participant10\session1_participant10_gesture16_trial2,1,10,16,HC,3,2
..\data\raw\grabmyo\1.1.0\Session1\session1_participant10\session1_participant10_gesture16_trial3,1,10,16,HC,3,3
..\data\raw\grabmyo\1.1.0\Session1\session1_participant10\session1_participant10_gesture16_trial4,1,10,16,HC,3,4
..\data\raw\grabmyo\1.1.0\Session1\session1_participant10\session1_participant10_gesture16_trial5,1,10,16,HC,3,5
..\data\raw\grabmyo\1.1.0\Session1\session1_participant10\session1_participant10_gesture16_trial6,1,10,16,HC,3,6
..\data\raw\grabmyo\1.1.0\Session1\session1_participant10\session1_participant10_gesture16_trial7,1,10,16,HC,3,7
..\data\raw\grabmyo\1.1.0\Session2\session2_participant10\session2_participant10_gesture11_trial1,2,10,11,WF,0,1
..\data\raw\grabmyo\1.1.0\Session2\session2_participant10\session2_participant10_gesture11_trial2,2,10,11,WF,0,2
..\data\raw\grabmyo\1.1.0\Session2\session2_participant10\session2_participant10_gesture11_trial3,2,10,11,WF,0,3
..\data\raw\grabmyo\1.1.0\Session2\session2_participant10\session2_participant10_gesture11_trial4,2,10,11,WF,0,4
..\data\raw\grabmyo\1.1.0\Session2\session2_participant10\session2_participant10_gesture11_trial5,2,10,11,WF,0,5
..\data\raw\grabmyo\1.1.0\Session2\session2_participant10\session2_participant10_gesture11_trial6,2,10,11,WF,0,6
..\data\raw\grabmyo\1.1.0\Session2\session2_participant10\session2_participant10_gesture11_trial7,2,10,11,WF,0,7
..\data\raw\grabmyo\1.1.0\Session2\session2_participant10\session2_participant10_gesture12_trial1,2,10,12,WE,1,1
..\data\raw\grabmyo\1.1.0\Session2\session2_participant10\session2_participant10_gesture12_trial2,2,10,12,WE,1,2
..\data\raw\grabmyo\1.1.0\Session2\session2_participant10\session2_participant10_gesture12_trial3,2,10,12,WE,1,3
..\data\raw\grabmyo\1.1.0\Session2\session2_participant10\session2_participant10_gesture12_trial4,2,10,12,WE,1,4
..\data\raw\grabmyo\1.1.0\Session2\session2_participant10\session2_participant10_gesture12_trial5,2,10,12,WE,1,5
..\data\raw\grabmyo\1.1.0\Session2\session2_participant10\session2_participant10_gesture12_trial6,2,10,12,WE,1,6
..\data\raw\grabmyo\1.1.0\Session2\session2_participant10\session2_participant10_gesture12_trial7,2,10,12,WE,1,7
..\data\raw\grabmyo\1.1.0\Session2\session2_participant10\session2_participant10_gesture15_trial1,2,10,15,HO,2,1
..\data\raw\grabmyo\1.1.0\Session2\session2_participant10\session2_participant10_gesture15_trial2,2,10,15,HO,2,2
..\data\raw\grabmyo\1.1.0\Session2\session2_participant10\session2_participant10_gesture15_trial3,2,10,15,HO,2,3
..\data\raw\grabmyo\1.1.0\Session2\session2_participant10\session2_participant10_gesture15_trial4,2,10,15,HO,2,4
..\data\raw\grabmyo\1.1.0\Session2\session2_participant10\session2_participant10_gesture15_trial5,2,10,15,HO,2,5
..\data\raw\grabmyo\1.1.0\Session2\session2_participant10\session2_participant10_gesture15_trial6,2,10,15,HO,2,6
..\data\raw\grabmyo\1.1.0\Session2\session2_participant10\session2_participant10_gesture15_trial7,2,10,15,HO,2,7
..\data\raw\grabmyo\1.1.0\Session2\session2_participant10\session2_participant10_gesture16_trial1,2,10,16,HC,3,1
..\data\raw\grabmyo\1.1.0\Session2\session2_participant10\session2_participant10_gesture16_trial2,2,10,16,HC,3,2
..\data\raw\grabmyo\1.1.0\Session2\session2_participant10\session2_participant10_gesture16_trial3,2,10,16,HC,3,3
..\data\raw\grabmyo\1.1.0\Session2\session2_participant10\session2_participant10_gesture16_trial4,2,10,16,HC,3,4
..\data\raw\grabmyo\1.1.0\Session2\session2_participant10\session2_participant10_gesture16_trial5,2,10,16,HC,3,5
..\data\raw\grabmyo\1.1.0\Session2\session2_participant10\session2_participant10_gesture16_trial6,2,10,16,HC,3,6
..\data\raw\grabmyo\1.1.0\Session2\session2_participant10\session2_participant10_gesture16_trial7,2,10,16,HC,3,7
..\data\raw\grabmyo\1.1.0\Session3\session3_participant10\session3_participant10_gesture11_trial1,3,10,11,WF,0,1
..\data\raw\grabmyo\1.1.0\Session3\session3_participant10\session3_participant10_gesture11_trial2,3,10,11,WF,0,2
..\data\raw\grabmyo\1.1.0\Session3\session3_participant10\session3_participant10_gesture11_trial3,3,10,11,WF,0,3
..\data\raw\grabmyo\1.1.0\Session3\session3_participant10\session3_participant10_gesture11_trial4,3,10,11,WF,0,4
..\data\raw\grabmyo\1.1.0\Session3\session3_participant10\session3_participant10_gesture11_trial5,3,10,11,WF,0,5
..\data\raw\grabmyo\1.1.0\Session3\session3_participant10\session3_participant10_gesture11_trial6,3,10,11,WF,0,6
..\data\raw\grabmyo\1.1.0\Session3\session3_participant10\session3_participant10_gesture11_trial7,3,10,11,WF,0,7
..\data\raw\grabmyo\1.1.0\Session3\session3_participant10\session3_participant10_gesture12_trial1,3,10,12,WE,1,1
..\data\raw\grabmyo\1.1.0\Session3\session3_participant10\session3_participant10_gesture12_trial2,3,10,12,WE,1,2
..\data\raw\grabmyo\1.1.0\Session3\session3_participant10\session3_participant10_gesture12_trial3,3,10,12,WE,1,3
..\data\raw\grabmyo\1.1.0\Session3\session3_participant10\session3_participant10_gesture12_trial4,3,10,12,WE,1,4
..\data\raw\grabmyo\1.1.0\Session3\session3_participant10\session3_participant10_gesture12_trial5,3,10,12,WE,1,5
..\data\raw\grabmyo\1.1.0\Session3\session3_participant10\session3_participant10_gesture12_trial6,3,10,12,WE,1,6
..\data\raw\grabmyo\1.1.0\Session3\session3_participant10\session3_participant10_gesture12_trial7,3,10,12,WE,1,7
..\data\raw\grabmyo\1.1.0\Session3\session3_participant10\session3_participant10_gesture15_trial1,3,10,15,HO,2,1
..\data\raw\grabmyo\1.1.0\Session3\session3_participant10\session3_participant10_gesture15_trial2,3,10,15,HO,2,2
..\data\raw\grabmyo\1.1.0\Session3\session3_participant10\session3_participant10_gesture15_trial3,3,10,15,HO,2,3
..\data\raw\grabmyo\1.1.0\Session3\session3_participant10\session3_participant10_gesture15_trial4,3,10,15,HO,2,4
..\data\raw\grabmyo\1.1.0\Session3\session3_participant10\session3_participant10_gesture15_trial5,3,10,15,HO,2,5
..\data\raw\grabmyo\1.1.0\Session3\session3_participant10\session3_participant10_gesture15_trial6,3,10,15,HO,2,6
..\data\raw\grabmyo\1.1.0\Session3\session3_participant10\session3_participant10_gesture15_trial7,3,10,15,HO,2,7
..\data\raw\grabmyo\1.1.0\Session3\session3_participant10\session3_participant10_gesture16_trial1,3,10,16,HC,3,1
..\data\raw\grabmyo\1.1.0\Session3\session3_participant10\session3_participant10_gesture16_trial2,3,10,16,HC,3,2
..\data\raw\grabmyo\1.1.0\Session3\session3_participant10\session3_participant10_gesture16_trial3,3,10,16,HC,3,3
..\data\raw\grabmyo\1.1.0\Session3\session3_participant10\session3_participant10_gesture16_trial4,3,10,16,HC,3,4
..\data\raw\grabmyo\1.1.0\Session3\session3_participant10\session3_participant10_gesture16_trial5,3,10,16,HC,3,5
..\data\raw\grabmyo\1.1.0\Session3\session3_participant10\session3_participant10_gesture16_trial6,3,10,16,HC,3,6
..\data\raw\grabmyo\1.1.0\Session3\session3_participant10\session3_participant10_gesture16_trial7,3,10,16,HC,3,7
..\data\raw\grabmyo\1.1.0\Session1\session1_participant11\session1_participant11_gesture11_trial1,1,11,11,WF,0,1
..\data\raw\grabmyo\1.1.0\Session1\session1_participant11\session1_participant11_gesture11_trial2,1,11,11,WF,0,2
..\data\raw\grabmyo\1.1.0\Session1\session1_participant11\session1_participant11_gesture11_trial3,1,11,11,WF,0,3
..\data\raw\grabmyo\1.1.0\Session1\session1_participant11\session1_participant11_gesture11_trial4,1,11,11,WF,0,4
..\data\raw\grabmyo\1.1.0\Session1\session1_participant11\session1_participant11_gesture11_trial5,1,11,11,WF,0,5
..\data\raw\grabmyo\1.1.0\Session1\session1_participant11\session1_participant11_gesture11_trial6,1,11,11,WF,0,6
..\data\raw\grabmyo\1.1.0\Session1\session1_participant11\session1_participant11_gesture11_trial7,1,11,11,WF,0,7
..\data\raw\grabmyo\1.1.0\Session1\session1_participant11\session1_participant11_gesture12_trial1,1,11,12,WE,1,1
..\data\raw\grabmyo\1.1.0\Session1\session1_participant11\session1_participant11_gesture12_trial2,1,11,12,WE,1,2
..\data\raw\grabmyo\1.1.0\Session1\session1_participant11\session1_participant11_gesture12_trial3,1,11,12,WE,1,3
..\data\raw\grabmyo\1.1.0\Session1\session1_participant11\session1_participant11_gesture12_trial4,1,11,12,WE,1,4
..\data\raw\grabmyo\1.1.0\Session1\session1_participant11\session1_participant11_gesture12_trial5,1,11,12,WE,1,5
..\data\raw\grabmyo\1.1.0\Session1\session1_participant11\session1_participant11_gesture12_trial6,1,11,12,WE,1,6
..\data\raw\grabmyo\1.1.0\Session1\session1_participant11\session1_participant11_gesture12_trial7,1,11,12,WE,1,7
..\data\raw\grabmyo\1.1.0\Session1\session1_participant11\session1_participant11_gesture15_trial1,1,11,15,HO,2,1
..\data\raw\grabmyo\1.1.0\Session1\session1_participant11\session1_participant11_gesture15_trial2,1,11,15,HO,2,2
..\data\raw\grabmyo\1.1.0\Session1\session1_participant11\session1_participant11_gesture15_trial3,1,11,15,HO,2,3
..\data\raw\grabmyo\1.1.0\Session1\session1_participant11\session1_participant11_gesture15_trial4,1,11,15,HO,2,4
..\data\raw\grabmyo\1.1.0\Session1\session1_participant11\session1_participant11_gesture15_trial5,1,11,15,HO,2,5
..\data\raw\grabmyo\1.1.0\Session1\session1_participant11\session1_participant11_gesture15_trial6,1,11,15,HO,2,6
..\data\raw\grabmyo\1.1.0\Session1\session1_participant11\session1_participant11_gesture15_trial7,1,11,15,HO,2,7
..\data\raw\grabmyo\1.1.0\Session1\session1_participant11\session1_participant11_gesture16_trial1,1,11,16,HC,3,1
..\data\raw\grabmyo\1.1.0\Session1\session1_participant11\session1_participant11_gesture16_trial2,1,11,16,HC,3,2
..\data\raw\grabmyo\1.1.0\Session1\session1_participant11\session1_participant11_gesture16_trial3,1,11,16,HC,3,3
..\data\raw\grabmyo\1.1.0\Session1\session1_participant11\session1_participant11_gesture16_trial4,1,11,16,HC,3,4
..\data\raw\grabmyo\1.1.0\Session1\session1_participant11\session1_participant11_gesture16_trial5,1,11,16,HC,3,5
..\data\raw\grabmyo\1.1.0\Session1\session1_participant11\session1_participant11_gesture16_trial6,1,11,16,HC,3,6
..\data\raw\grabmyo\1.1.0\Session1\session1_participant11\session1_participant11_gesture16_trial7,1,11,16,HC,3,7
..\data\raw\grabmyo\1.1.0\Session2\session2_participant11\session2_participant11_gesture11_trial1,2,11,11,WF,0,1
..\data\raw\grabmyo\1.1.0\Session2\session2_participant11\session2_participant11_gesture11_trial2,2,11,11,WF,0,2
..\data\raw\grabmyo\1.1.0\Session2\session2_participant11\session2_participant11_gesture11_trial3,2,11,11,WF,0,3
..\data\raw\grabmyo\1.1.0\Session2\session2_participant11\session2_participant11_gesture11_trial4,2,11,11,WF,0,4
..\data\raw\grabmyo\1.1.0\Session2\session2_participant11\session2_participant11_gesture11_trial5,2,11,11,WF,0,5
..\data\raw\grabmyo\1.1.0\Session2\session2_participant11\session2_participant11_gesture11_trial6,2,11,11,WF,0,6
..\data\raw\grabmyo\1.1.0\Session2\session2_participant11\session2_participant11_gesture11_trial7,2,11,11,WF,0,7
..\data\raw\grabmyo\1.1.0\Session2\session2_participant11\session2_participant11_gesture12_trial1,2,11,12,WE,1,1
..\data\raw\grabmyo\1.1.0\Session2\session2_participant11\session2_participant11_gesture12_trial2,2,11,12,WE,1,2
..\data\raw\grabmyo\1.1.0\Session2\session2_participant11\session2_participant11_gesture12_trial3,2,11,12,WE,1,3
..\data\raw\grabmyo\1.1.0\Session2\session2_participant11\session2_participant11_gesture12_trial4,2,11,12,WE,1,4
..\data\raw\grabmyo\1.1.0\Session2\session2_participant11\session2_participant11_gesture12_trial5,2,11,12,WE,1,5
..\data\raw\grabmyo\1.1.0\Session2\session2_participant11\session2_participant11_gesture12_trial6,2,11,12,WE,1,6
..\data\raw\grabmyo\1.1.0\Session2\session2_participant11\session2_participant11_gesture12_trial7,2,11,12,WE,1,7
..\data\raw\grabmyo\1.1.0\Session2\session2_participant11\session2_participant11_gesture15_trial1,2,11,15,HO,2,1
..\data\raw\grabmyo\1.1.0\Session2\session2_participant11\session2_participant11_gesture15_trial2,2,11,15,HO,2,2
..\data\raw\grabmyo\1.1.0\Session2\session2_participant11\session2_participant11_gesture15_trial3,2,11,15,HO,2,3
..\data\raw\grabmyo\1.1.0\Session2\session2_participant11\session2_participant11_gesture15_trial4,2,11,15,HO,2,4
..\data\raw\grabmyo\1.1.0\Session2\session2_participant11\session2_participant11_gesture15_trial5,2,11,15,HO,2,5
..\data\raw\grabmyo\1.1.0\Session2\session2_participant11\session2_participant11_gesture15_trial6,2,11,15,HO,2,6
..\data\raw\grabmyo\1.1.0\Session2\session2_participant11\session2_participant11_gesture15_trial7,2,11,15,HO,2,7
..\data\raw\grabmyo\1.1.0\Session2\session2_participant11\session2_participant11_gesture16_trial1,2,11,16,HC,3,1
..\data\raw\grabmyo\1.1.0\Session2\session2_participant11\session2_participant11_gesture16_trial2,2,11,16,HC,3,2
..\data\raw\grabmyo\1.1.0\Session2\session2_participant11\session2_participant11_gesture16_trial3,2,11,16,HC,3,3
..\data\raw\grabmyo\1.1.0\Session2\session2_participant11\session2_participant11_gesture16_trial4,2,11,16,HC,3,4
..\data\raw\grabmyo\1.1.0\Session2\session2_participant11\session2_participant11_gesture16_trial5,2,11,16,HC,3,5
..\data\raw\grabmyo\1.1.0\Session2\session2_participant11\session2_participant11_gesture16_trial6,2,11,16,HC,3,6
..\data\raw\grabmyo\1.1.0\Session2\session2_participant11\session2_participant11_gesture16_trial7,2,11,16,HC,3,7
..\data\raw\grabmyo\1.1.0\Session3\session3_participant11\session3_participant11_gesture11_trial1,3,11,11,WF,0,1
..\data\raw\grabmyo\1.1.0\Session3\session3_participant11\session3_participant11_gesture11_trial2,3,11,11,WF,0,2
..\data\raw\grabmyo\1.1.0\Session3\session3_participant11\session3_participant11_gesture11_trial3,3,11,11,WF,0,3
..\data\raw\grabmyo\1.1.0\Session3\session3_participant11\session3_participant11_gesture11_trial4,3,11,11,WF,0,4
..\data\raw\grabmyo\1.1.0\Session3\session3_participant11\session3_participant11_gesture11_trial5,3,11,11,WF,0,5
..\data\raw\grabmyo\1.1.0\Session3\session3_participant11\session3_participant11_gesture11_trial6,3,11,11,WF,0,6
..\data\raw\grabmyo\1.1.0\Session3\session3_participant11\session3_participant11_gesture11_trial7,3,11,11,WF,0,7
..\data\raw\grabmyo\1.1.0\Session3\session3_participant11\session3_participant11_gesture12_trial1,3,11,12,WE,1,1
..\data\raw\grabmyo\1.1.0\Session3\session3_participant11\session3_participant11_gesture12_trial2,3,11,12,WE,1,2
..\data\raw\grabmyo\1.1.0\Session3\session3_participant11\session3_participant11_gesture12_trial3,3,11,12,WE,1,3
..\data\raw\grabmyo\1.1.0\Session3\session3_participant11\session3_participant11_gesture12_trial4,3,11,12,WE,1,4
..\data\raw\grabmyo\1.1.0\Session3\session3_participant11\session3_participant11_gesture12_trial5,3,11,12,WE,1,5
..\data\raw\grabmyo\1.1.0\Session3\session3_participant11\session3_participant11_gesture12_trial6,3,11,12,WE,1,6
..\data\raw\grabmyo\1.1.0\Session3\session3_participant11\session3_participant11_gesture12_trial7,3,11,12,WE,1,7
..\data\raw\grabmyo\1.1.0\Session3\session3_participant11\session3_participant11_gesture15_trial1,3,11,15,HO,2,1
..\data\raw\grabmyo\1.1.0\Session3\session3_participant11\session3_participant11_gesture15_trial2,3,11,15,HO,2,2
..\data\raw\grabmyo\1.1.0\Session3\session3_participant11\session3_participant11_gesture15_trial3,3,11,15,HO,2,3
..\data\raw\grabmyo\1.1.0\Session3\session3_participant11\session3_participant11_gesture15_trial4,3,11,15,HO,2,4
..\data\raw\grabmyo\1.1.0\Session3\session3_participant11\session3_participant11_gesture15_trial5,3,11,15,HO,2,5
..\data\raw\grabmyo\1.1.0\Session3\session3_participant11\session3_participant11_gesture15_trial6,3,11,15,HO,2,6
..\data\raw\grabmyo\1.1.0\Session3\session3_participant11\session3_participant11_gesture15_trial7,3,11,15,HO,2,7
..\data\raw\grabmyo\1.1.0\Session3\session3_participant11\session3_participant11_gesture16_trial1,3,11,16,HC,3,1
..\data\raw\grabmyo\1.1.0\Session3\session3_participant11\session3_participant11_gesture16_trial2,3,11,16,HC,3,2
..\data\raw\grabmyo\1.1.0\Session3\session3_participant11\session3_participant11_gesture16_trial3,3,11,16,HC,3,3
..\data\raw\grabmyo\1.1.0\Session3\session3_participant11\session3_participant11_gesture16_trial4,3,11,16,HC,3,4
..\data\raw\grabmyo\1.1.0\Session3\session3_participant11\session3_participant11_gesture16_trial5,3,11,16,HC,3,5
..\data\raw\grabmyo\1.1.0\Session3\session3_participant11\session3_participant11_gesture16_trial6,3,11,16,HC,3,6
..\data\raw\grabmyo\1.1.0\Session3\session3_participant11\session3_participant11_gesture16_trial7,3,11,16,HC,3,7
..\data\raw\grabmyo\1.1.0\Session1\session1_participant12\session1_participant12_gesture11_trial1,1,12,11,WF,0,1
..\data\raw\grabmyo\1.1.0\Session1\session1_participant12\session1_participant12_gesture11_trial2,1,12,11,WF,0,2
..\data\raw\grabmyo\1.1.0\Session1\session1_participant12\session1_participant12_gesture11_trial3,1,12,11,WF,0,3
..\data\raw\grabmyo\1.1.0\Session1\session1_participant12\session1_participant12_gesture11_trial4,1,12,11,WF,0,4
..\data\raw\grabmyo\1.1.0\Session1\session1_participant12\session1_participant12_gesture11_trial5,1,12,11,WF,0,5
..\data\raw\grabmyo\1.1.0\Session1\session1_participant12\session1_participant12_gesture11_trial6,1,12,11,WF,0,6
..\data\raw\grabmyo\1.1.0\Session1\session1_participant12\session1_participant12_gesture11_trial7,1,12,11,WF,0,7
..\data\raw\grabmyo\1.1.0\Session1\session1_participant12\session1_participant12_gesture12_trial1,1,12,12,WE,1,1
..\data\raw\grabmyo\1.1.0\Session1\session1_participant12\session1_participant12_gesture12_trial2,1,12,12,WE,1,2
..\data\raw\grabmyo\1.1.0\Session1\session1_participant12\session1_participant12_gesture12_trial3,1,12,12,WE,1,3
..\data\raw\grabmyo\1.1.0\Session1\session1_participant12\session1_participant12_gesture12_trial4,1,12,12,WE,1,4
..\data\raw\grabmyo\1.1.0\Session1\session1_participant12\session1_participant12_gesture12_trial5,1,12,12,WE,1,5
..\data\raw\grabmyo\1.1.0\Session1\session1_participant12\session1_participant12_gesture12_trial6,1,12,12,WE,1,6
..\data\raw\grabmyo\1.1.0\Session1\session1_participant12\session1_participant12_gesture12_trial7,1,12,12,WE,1,7
..\data\raw\grabmyo\1.1.0\Session1\session1_participant12\session1_participant12_gesture15_trial1,1,12,15,HO,2,1
..\data\raw\grabmyo\1.1.0\Session1\session1_participant12\session1_participant12_gesture15_trial2,1,12,15,HO,2,2
..\data\raw\grabmyo\1.1.0\Session1\session1_participant12\session1_participant12_gesture15_trial3,1,12,15,HO,2,3
..\data\raw\grabmyo\1.1.0\Session1\session1_participant12\session1_participant12_gesture15_trial4,1,12,15,HO,2,4
..\data\raw\grabmyo\1.1.0\Session1\session1_participant12\session1_participant12_gesture15_trial5,1,12,15,HO,2,5
..\data\raw\grabmyo\1.1.0\Session1\session1_participant12\session1_participant12_gesture15_trial6,1,12,15,HO,2,6
..\data\raw\grabmyo\1.1.0\Session1\session1_participant12\session1_participant12_gesture15_trial7,1,12,15,HO,2,7
..\data\raw\grabmyo\1.1.0\Session1\session1_participant12\session1_participant12_gesture16_trial1,1,12,16,HC,3,1
..\data\raw\grabmyo\1.1.0\Session1\session1_participant12\session1_participant12_gesture16_trial2,1,12,16,HC,3,2
..\data\raw\grabmyo\1.1.0\Session1\session1_participant12\session1_participant12_gesture16_trial3,1,12,16,HC,3,3
..\data\raw\grabmyo\1.1.0\Session1\session1_participant12\session1_participant12_gesture16_trial4,1,12,16,HC,3,4
..\data\raw\grabmyo\1.1.0\Session1\session1_participant12\session1_participant12_gesture16_trial5,1,12,16,HC,3,5
..\data\raw\grabmyo\1.1.0\Session1\session1_participant12\session1_participant12_gesture16_trial6,1,12,16,HC,3,6
..\data\raw\grabmyo\1.1.0\Session1\session1_participant12\session1_participant12_gesture16_trial7,1,12,16,HC,3,7
..\data\raw\grabmyo\1.1.0\Session2\session2_participant12\session2_participant12_gesture11_trial1,2,12,11,WF,0,1
..\data\raw\grabmyo\1.1.0\Session2\session2_participant12\session2_participant12_gesture11_trial2,2,12,11,WF,0,2
..\data\raw\grabmyo\1.1.0\Session2\session2_participant12\session2_participant12_gesture11_trial3,2,12,11,WF,0,3
..\data\raw\grabmyo\1.1.0\Session2\session2_participant12\session2_participant12_gesture11_trial4,2,12,11,WF,0,4
..\data\raw\grabmyo\1.1.0\Session2\session2_participant12\session2_participant12_gesture11_trial5,2,12,11,WF,0,5
..\data\raw\grabmyo\1.1.0\Session2\session2_participant12\session2_participant12_gesture11_trial6,2,12,11,WF,0,6
..\data\raw\grabmyo\1.1.0\Session2\session2_participant12\session2_participant12_gesture11_trial7,2,12,11,WF,0,7
..\data\raw\grabmyo\1.1.0\Session2\session2_participant12\session2_participant12_gesture12_trial1,2,12,12,WE,1,1
..\data\raw\grabmyo\1.1.0\Session2\session2_participant12\session2_participant12_gesture12_trial2,2,12,12,WE,1,2
..\data\raw\grabmyo\1.1.0\Session2\session2_participant12\session2_participant12_gesture12_trial3,2,12,12,WE,1,3
..\data\raw\grabmyo\1.1.0\Session2\session2_participant12\session2_participant12_gesture12_trial4,2,12,12,WE,1,4
..\data\raw\grabmyo\1.1.0\Session2\session2_participant12\session2_participant12_gesture12_trial5,2,12,12,WE,1,5
..\data\raw\grabmyo\1.1.0\Session2\session2_participant12\session2_participant12_gesture12_trial6,2,12,12,WE,1,6
..\data\raw\grabmyo\1.1.0\Session2\session2_participant12\session2_participant12_gesture12_trial7,2,12,12,WE,1,7
..\data\raw\grabmyo\1.1.0\Session2\session2_participant12\session2_participant12_gesture15_trial1,2,12,15,HO,2,1
..\data\raw\grabmyo\1.1.0\Session2\session2_participant12\session2_participant12_gesture15_trial2,2,12,15,HO,2,2
..\data\raw\grabmyo\1.1.0\Session2\session2_participant12\session2_participant12_gesture15_trial3,2,12,15,HO,2,3
..\data\raw\grabmyo\1.1.0\Session2\session2_participant12\session2_participant12_gesture15_trial4,2,12,15,HO,2,4
..\data\raw\grabmyo\1.1.0\Session2\session2_participant12\session2_participant12_gesture15_trial5,2,12,15,HO,2,5
..\data\raw\grabmyo\1.1.0\Session2\session2_participant12\session2_participant12_gesture15_trial6,2,12,15,HO,2,6
..\data\raw\grabmyo\1.1.0\Session2\session2_participant12\session2_participant12_gesture15_trial7,2,12,15,HO,2,7
..\data\raw\grabmyo\1.1.0\Session2\session2_participant12\session2_participant12_gesture16_trial1,2,12,16,HC,3,1
..\data\raw\grabmyo\1.1.0\Session2\session2_participant12\session2_participant12_gesture16_trial2,2,12,16,HC,3,2
..\data\raw\grabmyo\1.1.0\Session2\session2_participant12\session2_participant12_gesture16_trial3,2,12,16,HC,3,3
..\data\raw\grabmyo\1.1.0\Session2\session2_participant12\session2_participant12_gesture16_trial4,2,12,16,HC,3,4
..\data\raw\grabmyo\1.1.0\Session2\session2_participant12\session2_participant12_gesture16_trial5,2,12,16,HC,3,5
..\data\raw\grabmyo\1.1.0\Session2\session2_participant12\session2_participant12_gesture16_trial6,2,12,16,HC,3,6
..\data\raw\grabmyo\1.1.0\Session2\session2_participant12\session2_participant12_gesture16_trial7,2,12,16,HC,3,7
..\data\raw\grabmyo\1.1.0\Session3\session3_participant12\session3_participant12_gesture11_trial1,3,12,11,WF,0,1
..\data\raw\grabmyo\1.1.0\Session3\session3_participant12\session3_participant12_gesture11_trial2,3,12,11,WF,0,2
..\data\raw\grabmyo\1.1.0\Session3\session3_participant12\session3_participant12_gesture11_trial3,3,12,11,WF,0,3
..\data\raw\grabmyo\1.1.0\Session3\session3_participant12\session3_participant12_gesture11_trial4,3,12,11,WF,0,4
..\data\raw\grabmyo\1.1.0\Session3\session3_participant12\session3_participant12_gesture11_trial5,3,12,11,WF,0,5
..\data\raw\grabmyo\1.1.0\Session3\session3_participant12\session3_participant12_gesture11_trial6,3,12,11,WF,0,6
..\data\raw\grabmyo\1.1.0\Session3\session3_participant12\session3_participant12_gesture11_trial7,3,12,11,WF,0,7
..\data\raw\grabmyo\1.1.0\Session3\session3_participant12\session3_participant12_gesture12_trial1,3,12,12,WE,1,1
..\data\raw\grabmyo\1.1.0\Session3\session3_participant12\session3_participant12_gesture12_trial2,3,12,12,WE,1,2
..\data\raw\grabmyo\1.1.0\Session3\session3_participant12\session3_participant12_gesture12_trial3,3,12,12,WE,1,3
..\data\raw\grabmyo\1.1.0\Session3\session3_participant12\session3_participant12_gesture12_trial4,3,12,12,WE,1,4
..\data\raw\grabmyo\1.1.0\Session3\session3_participant12\session3_participant12_gesture12_trial5,3,12,12,WE,1,5
..\data\raw\grabmyo\1.1.0\Session3\session3_participant12\session3_participant12_gesture12_trial6,3,12,12,WE,1,6
..\data\raw\grabmyo\1.1.0\Session3\session3_participant12\session3_participant12_gesture12_trial7,3,12,12,WE,1,7
..\data\raw\grabmyo\1.1.0\Session3\session3_participant12\session3_participant12_gesture15_trial1,3,12,15,HO,2,1
..\data\raw\grabmyo\1.1.0\Session3\session3_participant12\session3_participant12_gesture15_trial2,3,12,15,HO,2,2
..\data\raw\grabmyo\1.1.0\Session3\session3_participant12\session3_participant12_gesture15_trial3,3,12,15,HO,2,3
..\data\raw\grabmyo\1.1.0\Session3\session3_participant12\session3_participant12_gesture15_trial4,3,12,15,HO,2,4
..\data\raw\grabmyo\1.1.0\Session3\session3_participant12\session3_participant12_gesture15_trial5,3,12,15,HO,2,5
..\data\raw\grabmyo\1.1.0\Session3\session3_participant12\session3_participant12_gesture15_trial6,3,12,15,HO,2,6
..\data\raw\grabmyo\1.1.0\Session3\session3_participant12\session3_participant12_gesture15_trial7,3,12,15,HO,2,7
..\data\raw\grabmyo\1.1.0\Session3\session3_participant12\session3_participant12_gesture16_trial1,3,12,16,HC,3,1
..\data\raw\grabmyo\1.1.0\Session3\session3_participant12\session3_participant12_gesture16_trial2,3,12,16,HC,3,2
..\data\raw\grabmyo\1.1.0\Session3\session3_participant12\session3_participant12_gesture16_trial3,3,12,16,HC,3,3
..\data\raw\grabmyo\1.1.0\Session3\session3_participant12\session3_participant12_gesture16_trial4,3,12,16,HC,3,4
..\data\raw\grabmyo\1.1.0\Session3\session3_participant12\session3_participant12_gesture16_trial5,3,12,16,HC,3,5
..\data\raw\grabmyo\1.1.0\Session3\session3_participant12\session3_participant12_gesture16_trial6,3,12,16,HC,3,6
..\data\raw\grabmyo\1.1.0\Session3\session3_participant12\session3_participant12_gesture16_trial7,3,12,16,HC,3,7
..\data\raw\grabmyo\1.1.0\Session1\session1_participant13\session1_participant13_gesture11_trial1,1,13,11,WF,0,1
..\data\raw\grabmyo\1.1.0\Session1\session1_participant13\session1_participant13_gesture11_trial2,1,13,11,WF,0,2
..\data\raw\grabmyo\1.1.0\Session1\session1_participant13\session1_participant13_gesture11_trial3,1,13,11,WF,0,3
..\data\raw\grabmyo\1.1.0\Session1\session1_participant13\session1_participant13_gesture11_trial4,1,13,11,WF,0,4
..\data\raw\grabmyo\1.1.0\Session1\session1_participant13\session1_participant13_gesture11_trial5,1,13,11,WF,0,5
..\data\raw\grabmyo\1.1.0\Session1\session1_participant13\session1_participant13_gesture11_trial6,1,13,11,WF,0,6
..\data\raw\grabmyo\1.1.0\Session1\session1_participant13\session1_participant13_gesture11_trial7,1,13,11,WF,0,7
..\data\raw\grabmyo\1.1.0\Session1\session1_participant13\session1_participant13_gesture12_trial1,1,13,12,WE,1,1
..\data\raw\grabmyo\1.1.0\Session1\session1_participant13\session1_participant13_gesture12_trial2,1,13,12,WE,1,2
..\data\raw\grabmyo\1.1.0\Session1\session1_participant13\session1_participant13_gesture12_trial3,1,13,12,WE,1,3
..\data\raw\grabmyo\1.1.0\Session1\session1_participant13\session1_participant13_gesture12_trial4,1,13,12,WE,1,4
..\data\raw\grabmyo\1.1.0\Session1\session1_participant13\session1_participant13_gesture12_trial5,1,13,12,WE,1,5
..\data\raw\grabmyo\1.1.0\Session1\session1_participant13\session1_participant13_gesture12_trial6,1,13,12,WE,1,6
..\data\raw\grabmyo\1.1.0\Session1\session1_participant13\session1_participant13_gesture12_trial7,1,13,12,WE,1,7
..\data\raw\grabmyo\1.1.0\Session1\session1_participant13\session1_participant13_gesture15_trial1,1,13,15,HO,2,1
..\data\raw\grabmyo\1.1.0\Session1\session1_participant13\session1_participant13_gesture15_trial2,1,13,15,HO,2,2
..\data\raw\grabmyo\1.1.0\Session1\session1_participant13\session1_participant13_gesture15_trial3,1,13,15,HO,2,3
..\data\raw\grabmyo\1.1.0\Session1\session1_participant13\session1_participant13_gesture15_trial4,1,13,15,HO,2,4
..\data\raw\grabmyo\1.1.0\Session1\session1_participant13\session1_participant13_gesture15_trial5,1,13,15,HO,2,5
..\data\raw\grabmyo\1.1.0\Session1\session1_participant13\session1_participant13_gesture15_trial6,1,13,15,HO,2,6
..\data\raw\grabmyo\1.1.0\Session1\session1_participant13\session1_participant13_gesture15_trial7,1,13,15,HO,2,7
..\data\raw\grabmyo\1.1.0\Session1\session1_participant13\session1_participant13_gesture16_trial1,1,13,16,HC,3,1
..\data\raw\grabmyo\1.1.0\Session1\session1_participant13\session1_participant13_gesture16_trial2,1,13,16,HC,3,2
..\data\raw\grabmyo\1.1.0\Session1\session1_participant13\session1_participant13_gesture16_trial3,1,13,16,HC,3,3
..\data\raw\grabmyo\1.1.0\Session1\session1_participant13\session1_participant13_gesture16_trial4,1,13,16,HC,3,4
..\data\raw\grabmyo\1.1.0\Session1\session1_participant13\session1_participant13_gesture16_trial5,1,13,16,HC,3,5
..\data\raw\grabmyo\1.1.0\Session1\session1_participant13\session1_participant13_gesture16_trial6,1,13,16,HC,3,6
..\data\raw\grabmyo\1.1.0\Session1\session1_participant13\session1_participant13_gesture16_trial7,1,13,16,HC,3,7
..\data\raw\grabmyo\1.1.0\Session2\session2_participant13\session2_participant13_gesture11_trial1,2,13,11,WF,0,1
..\data\raw\grabmyo\1.1.0\Session2\session2_participant13\session2_participant13_gesture11_trial2,2,13,11,WF,0,2
..\data\raw\grabmyo\1.1.0\Session2\session2_participant13\session2_participant13_gesture11_trial3,2,13,11,WF,0,3
..\data\raw\grabmyo\1.1.0\Session2\session2_participant13\session2_participant13_gesture11_trial4,2,13,11,WF,0,4
..\data\raw\grabmyo\1.1.0\Session2\session2_participant13\session2_participant13_gesture11_trial5,2,13,11,WF,0,5
..\data\raw\grabmyo\1.1.0\Session2\session2_participant13\session2_participant13_gesture11_trial6,2,13,11,WF,0,6
..\data\raw\grabmyo\1.1.0\Session2\session2_participant13\session2_participant13_gesture11_trial7,2,13,11,WF,0,7
..\data\raw\grabmyo\1.1.0\Session2\session2_participant13\session2_participant13_gesture12_trial1,2,13,12,WE,1,1
..\data\raw\grabmyo\1.1.0\Session2\session2_participant13\session2_participant13_gesture12_trial2,2,13,12,WE,1,2
..\data\raw\grabmyo\1.1.0\Session2\session2_participant13\session2_participant13_gesture12_trial3,2,13,12,WE,1,3
..\data\raw\grabmyo\1.1.0\Session2\session2_participant13\session2_participant13_gesture12_trial4,2,13,12,WE,1,4
..\data\raw\grabmyo\1.1.0\Session2\session2_participant13\session2_participant13_gesture12_trial5,2,13,12,WE,1,5
..\data\raw\grabmyo\1.1.0\Session2\session2_participant13\session2_participant13_gesture12_trial6,2,13,12,WE,1,6
..\data\raw\grabmyo\1.1.0\Session2\session2_participant13\session2_participant13_gesture12_trial7,2,13,12,WE,1,7
..\data\raw\grabmyo\1.1.0\Session2\session2_participant13\session2_participant13_gesture15_trial1,2,13,15,HO,2,1
..\data\raw\grabmyo\1.1.0\Session2\session2_participant13\session2_participant13_gesture15_trial2,2,13,15,HO,2,2
..\data\raw\grabmyo\1.1.0\Session2\session2_participant13\session2_participant13_gesture15_trial3,2,13,15,HO,2,3
..\data\raw\grabmyo\1.1.0\Session2\session2_participant13\session2_participant13_gesture15_trial4,2,13,15,HO,2,4
..\data\raw\grabmyo\1.1.0\Session2\session2_participant13\session2_participant13_gesture15_trial5,2,13,15,HO,2,5
..\data\raw\grabmyo\1.1.0\Session2\session2_participant13\session2_participant13_gesture15_trial6,2,13,15,HO,2,6
..\data\raw\grabmyo\1.1.0\Session2\session2_participant13\session2_participant13_gesture15_trial7,2,13,15,HO,2,7
..\data\raw\grabmyo\1.1.0\Session2\session2_participant13\session2_participant13_gesture16_trial1,2,13,16,HC,3,1
..\data\raw\grabmyo\1.1.0\Session2\session2_participant13\session2_participant13_gesture16_trial2,2,13,16,HC,3,2
..\data\raw\grabmyo\1.1.0\Session2\session2_participant13\session2_participant13_gesture16_trial3,2,13,16,HC,3,3
..\data\raw\grabmyo\1.1.0\Session2\session2_participant13\session2_participant13_gesture16_trial4,2,13,16,HC,3,4
..\data\raw\grabmyo\1.1.0\Session2\session2_participant13\session2_participant13_gesture16_trial5,2,13,16,HC,3,5
..\data\raw\grabmyo\1.1.0\Session2\session2_participant13\session2_participant13_gesture16_trial6,2,13,16,HC,3,6
..\data\raw\grabmyo\1.1.0\Session2\session2_participant13\session2_participant13_gesture16_trial7,2,13,16,HC,3,7
..\data\raw\grabmyo\1.1.0\Session3\session3_participant13\session3_participant13_gesture11_trial1,3,13,11,WF,0,1
..\data\raw\grabmyo\1.1.0\Session3\session3_participant13\session3_participant13_gesture11_trial2,3,13,11,WF,0,2
..\data\raw\grabmyo\1.1.0\Session3\session3_participant13\session3_participant13_gesture11_trial3,3,13,11,WF,0,3
..\data\raw\grabmyo\1.1.0\Session3\session3_participant13\session3_participant13_gesture11_trial4,3,13,11,WF,0,4
..\data\raw\grabmyo\1.1.0\Session3\session3_participant13\session3_participant13_gesture11_trial5,3,13,11,WF,0,5
..\data\raw\grabmyo\1.1.0\Session3\session3_participant13\session3_participant13_gesture11_trial6,3,13,11,WF,0,6
..\data\raw\grabmyo\1.1.0\Session3\session3_participant13\session3_participant13_gesture11_trial7,3,13,11,WF,0,7
..\data\raw\grabmyo\1.1.0\Session3\session3_participant13\session3_participant13_gesture12_trial1,3,13,12,WE,1,1
..\data\raw\grabmyo\1.1.0\Session3\session3_participant13\session3_participant13_gesture12_trial2,3,13,12,WE,1,2
..\data\raw\grabmyo\1.1.0\Session3\session3_participant13\session3_participant13_gesture12_trial3,3,13,12,WE,1,3
..\data\raw\grabmyo\1.1.0\Session3\session3_participant13\session3_participant13_gesture12_trial4,3,13,12,WE,1,4
..\data\raw\grabmyo\1.1.0\Session3\session3_participant13\session3_participant13_gesture12_trial5,3,13,12,WE,1,5
..\data\raw\grabmyo\1.1.0\Session3\session3_participant13\session3_participant13_gesture12_trial6,3,13,12,WE,1,6
..\data\raw\grabmyo\1.1.0\Session3\session3_participant13\session3_participant13_gesture12_trial7,3,13,12,WE,1,7
..\data\raw\grabmyo\1.1.0\Session3\session3_participant13\session3_participant13_gesture15_trial1,3,13,15,HO,2,1
..\data\raw\grabmyo\1.1.0\Session3\session3_participant13\session3_participant13_gesture15_trial2,3,13,15,HO,2,2
..\data\raw\grabmyo\1.1.0\Session3\session3_participant13\session3_participant13_gesture15_trial3,3,13,15,HO,2,3
..\data\raw\grabmyo\1.1.0\Session3\session3_participant13\session3_participant13_gesture15_trial4,3,13,15,HO,2,4
..\data\raw\grabmyo\1.1.0\Session3\session3_participant13\session3_participant13_gesture15_trial5,3,13,15,HO,2,5
..\data\raw\grabmyo\1.1.0\Session3\session3_participant13\session3_participant13_gesture15_trial6,3,13,15,HO,2,6
..\data\raw\grabmyo\1.1.0\Session3\session3_participant13\session3_participant13_gesture15_trial7,3,13,15,HO,2,7
..\data\raw\grabmyo\1.1.0\Session3\session3_participant13\session3_participant13_gesture16_trial1,3,13,16,HC,3,1
..\data\raw\grabmyo\1.1.0\Session3\session3_participant13\session3_participant13_gesture16_trial2,3,13,16,HC,3,2
..\data\raw\grabmyo\1.1.0\Session3\session3_participant13\session3_participant13_gesture16_trial3,3,13,16,HC,3,3
..\data\raw\grabmyo\1.1.0\Session3\session3_participant13\session3_participant13_gesture16_trial4,3,13,16,HC,3,4
..\data\raw\grabmyo\1.1.0\Session3\session3_participant13\session3_participant13_gesture16_trial5,3,13,16,HC,3,5
..\data\raw\grabmyo\1.1.0\Session3\session3_participant13\session3_participant13_gesture16_trial6,3,13,16,HC,3,6
..\data\raw\grabmyo\1.1.0\Session3\session3_participant13\session3_participant13_gesture16_trial7,3,13,16,HC,3,7
..\data\raw\grabmyo\1.1.0\Session1\session1_participant14\session1_participant14_gesture11_trial1,1,14,11,WF,0,1
..\data\raw\grabmyo\1.1.0\Session1\session1_participant14\session1_participant14_gesture11_trial2,1,14,11,WF,0,2
..\data\raw\grabmyo\1.1.0\Session1\session1_participant14\session1_participant14_gesture11_trial3,1,14,11,WF,0,3
..\data\raw\grabmyo\1.1.0\Session1\session1_participant14\session1_participant14_gesture11_trial4,1,14,11,WF,0,4
..\data\raw\grabmyo\1.1.0\Session1\session1_participant14\session1_participant14_gesture11_trial5,1,14,11,WF,0,5
..\data\raw\grabmyo\1.1.0\Session1\session1_participant14\session1_participant14_gesture11_trial6,1,14,11,WF,0,6
..\data\raw\grabmyo\1.1.0\Session1\session1_participant14\session1_participant14_gesture11_trial7,1,14,11,WF,0,7
..\data\raw\grabmyo\1.1.0\Session1\session1_participant14\session1_participant14_gesture12_trial1,1,14,12,WE,1,1
..\data\raw\grabmyo\1.1.0\Session1\session1_participant14\session1_participant14_gesture12_trial2,1,14,12,WE,1,2
..\data\raw\grabmyo\1.1.0\Session1\session1_participant14\session1_participant14_gesture12_trial3,1,14,12,WE,1,3
..\data\raw\grabmyo\1.1.0\Session1\session1_participant14\session1_participant14_gesture12_trial4,1,14,12,WE,1,4
..\data\raw\grabmyo\1.1.0\Session1\session1_participant14\session1_participant14_gesture12_trial5,1,14,12,WE,1,5
..\data\raw\grabmyo\1.1.0\Session1\session1_participant14\session1_participant14_gesture12_trial6,1,14,12,WE,1,6
..\data\raw\grabmyo\1.1.0\Session1\session1_participant14\session1_participant14_gesture12_trial7,1,14,12,WE,1,7
..\data\raw\grabmyo\1.1.0\Session1\session1_participant14\session1_participant14_gesture15_trial1,1,14,15,HO,2,1
..\data\raw\grabmyo\1.1.0\Session1\session1_participant14\session1_participant14_gesture15_trial2,1,14,15,HO,2,2
..\data\raw\grabmyo\1.1.0\Session1\session1_participant14\session1_participant14_gesture15_trial3,1,14,15,HO,2,3
..\data\raw\grabmyo\1.1.0\Session1\session1_participant14\session1_participant14_gesture15_trial4,1,14,15,HO,2,4
..\data\raw\grabmyo\1.1.0\Session1\session1_participant14\session1_participant14_gesture15_trial5,1,14,15,HO,2,5
..\data\raw\grabmyo\1.1.0\Session1\session1_participant14\session1_participant14_gesture15_trial6,1,14,15,HO,2,6
..\data\raw\grabmyo\1.1.0\Session1\session1_participant14\session1_participant14_gesture15_trial7,1,14,15,HO,2,7
..\data\raw\grabmyo\1.1.0\Session1\session1_participant14\session1_participant14_gesture16_trial1,1,14,16,HC,3,1
..\data\raw\grabmyo\1.1.0\Session1\session1_participant14\session1_participant14_gesture16_trial2,1,14,16,HC,3,2
..\data\raw\grabmyo\1.1.0\Session1\session1_participant14\session1_participant14_gesture16_trial3,1,14,16,HC,3,3
..\data\raw\grabmyo\1.1.0\Session1\session1_participant14\session1_participant14_gesture16_trial4,1,14,16,HC,3,4
..\data\raw\grabmyo\1.1.0\Session1\session1_participant14\session1_participant14_gesture16_trial5,1,14,16,HC,3,5
..\data\raw\grabmyo\1.1.0\Session1\session1_participant14\session1_participant14_gesture16_trial6,1,14,16,HC,3,6
..\data\raw\grabmyo\1.1.0\Session1\session1_participant14\session1_participant14_gesture16_trial7,1,14,16,HC,3,7
..\data\raw\grabmyo\1.1.0\Session2\session2_participant14\session2_participant14_gesture11_trial1,2,14,11,WF,0,1
..\data\raw\grabmyo\1.1.0\Session2\session2_participant14\session2_participant14_gesture11_trial2,2,14,11,WF,0,2
..\data\raw\grabmyo\1.1.0\Session2\session2_participant14\session2_participant14_gesture11_trial3,2,14,11,WF,0,3
..\data\raw\grabmyo\1.1.0\Session2\session2_participant14\session2_participant14_gesture11_trial4,2,14,11,WF,0,4
..\data\raw\grabmyo\1.1.0\Session2\session2_participant14\session2_participant14_gesture11_trial5,2,14,11,WF,0,5
..\data\raw\grabmyo\1.1.0\Session2\session2_participant14\session2_participant14_gesture11_trial6,2,14,11,WF,0,6
..\data\raw\grabmyo\1.1.0\Session2\session2_participant14\session2_participant14_gesture11_trial7,2,14,11,WF,0,7
..\data\raw\grabmyo\1.1.0\Session2\session2_participant14\session2_participant14_gesture12_trial1,2,14,12,WE,1,1
..\data\raw\grabmyo\1.1.0\Session2\session2_participant14\session2_participant14_gesture12_trial2,2,14,12,WE,1,2
..\data\raw\grabmyo\1.1.0\Session2\session2_participant14\session2_participant14_gesture12_trial3,2,14,12,WE,1,3
..\data\raw\grabmyo\1.1.0\Session2\session2_participant14\session2_participant14_gesture12_trial4,2,14,12,WE,1,4
..\data\raw\grabmyo\1.1.0\Session2\session2_participant14\session2_participant14_gesture12_trial5,2,14,12,WE,1,5
..\data\raw\grabmyo\1.1.0\Session2\session2_participant14\session2_participant14_gesture12_trial6,2,14,12,WE,1,6
..\data\raw\grabmyo\1.1.0\Session2\session2_participant14\session2_participant14_gesture12_trial7,2,14,12,WE,1,7
..\data\raw\grabmyo\1.1.0\Session2\session2_participant14\session2_participant14_gesture15_trial1,2,14,15,HO,2,1
..\data\raw\grabmyo\1.1.0\Session2\session2_participant14\session2_participant14_gesture15_trial2,2,14,15,HO,2,2
..\data\raw\grabmyo\1.1.0\Session2\session2_participant14\session2_participant14_gesture15_trial3,2,14,15,HO,2,3
..\data\raw\grabmyo\1.1.0\Session2\session2_participant14\session2_participant14_gesture15_trial4,2,14,15,HO,2,4
..\data\raw\grabmyo\1.1.0\Session2\session2_participant14\session2_participant14_gesture15_trial5,2,14,15,HO,2,5
..\data\raw\grabmyo\1.1.0\Session2\session2_participant14\session2_participant14_gesture15_trial6,2,14,15,HO,2,6
..\data\raw\grabmyo\1.1.0\Session2\session2_participant14\session2_participant14_gesture15_trial7,2,14,15,HO,2,7
..\data\raw\grabmyo\1.1.0\Session2\session2_participant14\session2_participant14_gesture16_trial1,2,14,16,HC,3,1
..\data\raw\grabmyo\1.1.0\Session2\session2_participant14\session2_participant14_gesture16_trial2,2,14,16,HC,3,2
..\data\raw\grabmyo\1.1.0\Session2\session2_participant14\session2_participant14_gesture16_trial3,2,14,16,HC,3,3
..\data\raw\grabmyo\1.1.0\Session2\session2_participant14\session2_participant14_gesture16_trial4,2,14,16,HC,3,4
..\data\raw\grabmyo\1.1.0\Session2\session2_participant14\session2_participant14_gesture16_trial5,2,14,16,HC,3,5
..\data\raw\grabmyo\1.1.0\Session2\session2_participant14\session2_participant14_gesture16_trial6,2,14,16,HC,3,6
..\data\raw\grabmyo\1.1.0\Session2\session2_participant14\session2_participant14_gesture16_trial7,2,14,16,HC,3,7
..\data\raw\grabmyo\1.1.0\Session3\session3_participant14\session3_participant14_gesture11_trial1,3,14,11,WF,0,1
..\data\raw\grabmyo\1.1.0\Session3\session3_participant14\session3_participant14_gesture11_trial2,3,14,11,WF,0,2
..\data\raw\grabmyo\1.1.0\Session3\session3_participant14\session3_participant14_gesture11_trial3,3,14,11,WF,0,3
..\data\raw\grabmyo\1.1.0\Session3\session3_participant14\session3_participant14_gesture11_trial4,3,14,11,WF,0,4
..\data\raw\grabmyo\1.1.0\Session3\session3_participant14\session3_participant14_gesture11_trial5,3,14,11,WF,0,5
..\data\raw\grabmyo\1.1.0\Session3\session3_participant14\session3_participant14_gesture11_trial6,3,14,11,WF,0,6
..\data\raw\grabmyo\1.1.0\Session3\session3_participant14\session3_participant14_gesture11_trial7,3,14,11,WF,0,7
..\data\raw\grabmyo\1.1.0\Session3\session3_participant14\session3_participant14_gesture12_trial1,3,14,12,WE,1,1
..\data\raw\grabmyo\1.1.0\Session3\session3_participant14\session3_participant14_gesture12_trial2,3,14,12,WE,1,2
..\data\raw\grabmyo\1.1.0\Session3\session3_participant14\session3_participant14_gesture12_trial3,3,14,12,WE,1,3
..\data\raw\grabmyo\1.1.0\Session3\session3_participant14\session3_participant14_gesture12_trial4,3,14,12,WE,1,4
..\data\raw\grabmyo\1.1.0\Session3\session3_participant14\session3_participant14_gesture12_trial5,3,14,12,WE,1,5
..\data\raw\grabmyo\1.1.0\Session3\session3_participant14\session3_participant14_gesture12_trial6,3,14,12,WE,1,6
..\data\raw\grabmyo\1.1.0\Session3\session3_participant14\session3_participant14_gesture12_trial7,3,14,12,WE,1,7
..\data\raw\grabmyo\1.1.0\Session3\session3_participant14\session3_participant14_gesture15_trial1,3,14,15,HO,2,1
..\data\raw\grabmyo\1.1.0\Session3\session3_participant14\session3_participant14_gesture15_trial2,3,14,15,HO,2,2
..\data\raw\grabmyo\1.1.0\Session3\session3_participant14\session3_participant14_gesture15_trial3,3,14,15,HO,2,3
..\data\raw\grabmyo\1.1.0\Session3\session3_participant14\session3_participant14_gesture15_trial4,3,14,15,HO,2,4
..\data\raw\grabmyo\1.1.0\Session3\session3_participant14\session3_participant14_gesture15_trial5,3,14,15,HO,2,5
..\data\raw\grabmyo\1.1.0\Session3\session3_participant14\session3_participant14_gesture15_trial6,3,14,15,HO,2,6
..\data\raw\grabmyo\1.1.0\Session3\session3_participant14\session3_participant14_gesture15_trial7,3,14,15,HO,2,7
..\data\raw\grabmyo\1.1.0\Session3\session3_participant14\session3_participant14_gesture16_trial1,3,14,16,HC,3,1
..\data\raw\grabmyo\1.1.0\Session3\session3_participant14\session3_participant14_gesture16_trial2,3,14,16,HC,3,2
..\data\raw\grabmyo\1.1.0\Session3\session3_participant14\session3_participant14_gesture16_trial3,3,14,16,HC,3,3
..\data\raw\grabmyo\1.1.0\Session3\session3_participant14\session3_participant14_gesture16_trial4,3,14,16,HC,3,4
..\data\raw\grabmyo\1.1.0\Session3\session3_participant14\session3_participant14_gesture16_trial5,3,14,16,HC,3,5
..\data\raw\grabmyo\1.1.0\Session3\session3_participant14\session3_participant14_gesture16_trial6,3,14,16,HC,3,6
..\data\raw\grabmyo\1.1.0\Session3\session3_participant14\session3_participant14_gesture16_trial7,3,14,16,HC,3,7
..\data\raw\grabmyo\1.1.0\Session1\session1_participant15\session1_participant15_gesture11_trial1,1,15,11,WF,0,1
..\data\raw\grabmyo\1.1.0\Session1\session1_participant15\session1_participant15_gesture11_trial2,1,15,11,WF,0,2
..\data\raw\grabmyo\1.1.0\Session1\session1_participant15\session1_participant15_gesture11_trial3,1,15,11,WF,0,3
..\data\raw\grabmyo\1.1.0\Session1\session1_participant15\session1_participant15_gesture11_trial4,1,15,11,WF,0,4
..\data\raw\grabmyo\1.1.0\Session1\session1_participant15\session1_participant15_gesture11_trial5,1,15,11,WF,0,5
..\data\raw\grabmyo\1.1.0\Session1\session1_participant15\session1_participant15_gesture11_trial6,1,15,11,WF,0,6
..\data\raw\grabmyo\1.1.0\Session1\session1_participant15\session1_participant15_gesture11_trial7,1,15,11,WF,0,7
..\data\raw\grabmyo\1.1.0\Session1\session1_participant15\session1_participant15_gesture12_trial1,1,15,12,WE,1,1
..\data\raw\grabmyo\1.1.0\Session1\session1_participant15\session1_participant15_gesture12_trial2,1,15,12,WE,1,2
..\data\raw\grabmyo\1.1.0\Session1\session1_participant15\session1_participant15_gesture12_trial3,1,15,12,WE,1,3
..\data\raw\grabmyo\1.1.0\Session1\session1_participant15\session1_participant15_gesture12_trial4,1,15,12,WE,1,4
..\data\raw\grabmyo\1.1.0\Session1\session1_participant15\session1_participant15_gesture12_trial5,1,15,12,WE,1,5
..\data\raw\grabmyo\1.1.0\Session1\session1_participant15\session1_participant15_gesture12_trial6,1,15,12,WE,1,6
..\data\raw\grabmyo\1.1.0\Session1\session1_participant15\session1_participant15_gesture12_trial7,1,15,12,WE,1,7
..\data\raw\grabmyo\1.1.0\Session1\session1_participant15\session1_participant15_gesture15_trial1,1,15,15,HO,2,1
..\data\raw\grabmyo\1.1.0\Session1\session1_participant15\session1_participant15_gesture15_trial2,1,15,15,HO,2,2
..\data\raw\grabmyo\1.1.0\Session1\session1_participant15\session1_participant15_gesture15_trial3,1,15,15,HO,2,3
..\data\raw\grabmyo\1.1.0\Session1\session1_participant15\session1_participant15_gesture15_trial4,1,15,15,HO,2,4
..\data\raw\grabmyo\1.1.0\Session1\session1_participant15\session1_participant15_gesture15_trial5,1,15,15,HO,2,5
..\data\raw\grabmyo\1.1.0\Session1\session1_participant15\session1_participant15_gesture15_trial6,1,15,15,HO,2,6
..\data\raw\grabmyo\1.1.0\Session1\session1_participant15\session1_participant15_gesture15_trial7,1,15,15,HO,2,7
..\data\raw\grabmyo\1.1.0\Session1\session1_participant15\session1_participant15_gesture16_trial1,1,15,16,HC,3,1
..\data\raw\grabmyo\1.1.0\Session1\session1_participant15\session1_participant15_gesture16_trial2,1,15,16,HC,3,2
..\data\raw\grabmyo\1.1.0\Session1\session1_participant15\session1_participant15_gesture16_trial3,1,15,16,HC,3,3
..\data\raw\grabmyo\1.1.0\Session1\session1_participant15\session1_participant15_gesture16_trial4,1,15,16,HC,3,4
..\data\raw\grabmyo\1.1.0\Session1\session1_participant15\session1_participant15_gesture16_trial5,1,15,16,HC,3,5
..\data\raw\grabmyo\1.1.0\Session1\session1_participant15\session1_participant15_gesture16_trial6,1,15,16,HC,3,6
..\data\raw\grabmyo\1.1.0\Session1\session1_participant15\session1_participant15_gesture16_trial7,1,15,16,HC,3,7
..\data\raw\grabmyo\1.1.0\Session2\session2_participant15\session2_participant15_gesture11_trial1,2,15,11,WF,0,1
..\data\raw\grabmyo\1.1.0\Session2\session2_participant15\session2_participant15_gesture11_trial2,2,15,11,WF,0,2
..\data\raw\grabmyo\1.1.0\Session2\session2_participant15\session2_participant15_gesture11_trial3,2,15,11,WF,0,3
..\data\raw\grabmyo\1.1.0\Session2\session2_participant15\session2_participant15_gesture11_trial4,2,15,11,WF,0,4
..\data\raw\grabmyo\1.1.0\Session2\session2_participant15\session2_participant15_gesture11_trial5,2,15,11,WF,0,5
..\data\raw\grabmyo\1.1.0\Session2\session2_participant15\session2_participant15_gesture11_trial6,2,15,11,WF,0,6
..\data\raw\grabmyo\1.1.0\Session2\session2_participant15\session2_participant15_gesture11_trial7,2,15,11,WF,0,7
..\data\raw\grabmyo\1.1.0\Session2\session2_participant15\session2_participant15_gesture12_trial1,2,15,12,WE,1,1
..\data\raw\grabmyo\1.1.0\Session2\session2_participant15\session2_participant15_gesture12_trial2,2,15,12,WE,1,2
..\data\raw\grabmyo\1.1.0\Session2\session2_participant15\session2_participant15_gesture12_trial3,2,15,12,WE,1,3
..\data\raw\grabmyo\1.1.0\Session2\session2_participant15\session2_participant15_gesture12_trial4,2,15,12,WE,1,4
..\data\raw\grabmyo\1.1.0\Session2\session2_participant15\session2_participant15_gesture12_trial5,2,15,12,WE,1,5
..\data\raw\grabmyo\1.1.0\Session2\session2_participant15\session2_participant15_gesture12_trial6,2,15,12,WE,1,6
..\data\raw\grabmyo\1.1.0\Session2\session2_participant15\session2_participant15_gesture12_trial7,2,15,12,WE,1,7
..\data\raw\grabmyo\1.1.0\Session2\session2_participant15\session2_participant15_gesture15_trial1,2,15,15,HO,2,1
..\data\raw\grabmyo\1.1.0\Session2\session2_participant15\session2_participant15_gesture15_trial2,2,15,15,HO,2,2
..\data\raw\grabmyo\1.1.0\Session2\session2_participant15\session2_participant15_gesture15_trial3,2,15,15,HO,2,3
..\data\raw\grabmyo\1.1.0\Session2\session2_participant15\session2_participant15_gesture15_trial4,2,15,15,HO,2,4
..\data\raw\grabmyo\1.1.0\Session2\session2_participant15\session2_participant15_gesture15_trial5,2,15,15,HO,2,5
..\data\raw\grabmyo\1.1.0\Session2\session2_participant15\session2_participant15_gesture15_trial6,2,15,15,HO,2,6
..\data\raw\grabmyo\1.1.0\Session2\session2_participant15\session2_participant15_gesture15_trial7,2,15,15,HO,2,7
..\data\raw\grabmyo\1.1.0\Session2\session2_participant15\session2_participant15_gesture16_trial1,2,15,16,HC,3,1
..\data\raw\grabmyo\1.1.0\Session2\session2_participant15\session2_participant15_gesture16_trial2,2,15,16,HC,3,2
..\data\raw\grabmyo\1.1.0\Session2\session2_participant15\session2_participant15_gesture16_trial3,2,15,16,HC,3,3
..\data\raw\grabmyo\1.1.0\Session2\session2_participant15\session2_participant15_gesture16_trial4,2,15,16,HC,3,4
..\data\raw\grabmyo\1.1.0\Session2\session2_participant15\session2_participant15_gesture16_trial5,2,15,16,HC,3,5
..\data\raw\grabmyo\1.1.0\Session2\session2_participant15\session2_participant15_gesture16_trial6,2,15,16,HC,3,6
..\data\raw\grabmyo\1.1.0\Session2\session2_participant15\session2_participant15_gesture16_trial7,2,15,16,HC,3,7
..\data\raw\grabmyo\1.1.0\Session3\session3_participant15\session3_participant15_gesture11_trial1,3,15,11,WF,0,1
..\data\raw\grabmyo\1.1.0\Session3\session3_participant15\session3_participant15_gesture11_trial2,3,15,11,WF,0,2
..\data\raw\grabmyo\1.1.0\Session3\session3_participant15\session3_participant15_gesture11_trial3,3,15,11,WF,0,3
..\data\raw\grabmyo\1.1.0\Session3\session3_participant15\session3_participant15_gesture11_trial4,3,15,11,WF,0,4
..\data\raw\grabmyo\1.1.0\Session3\session3_participant15\session3_participant15_gesture11_trial5,3,15,11,WF,0,5
..\data\raw\grabmyo\1.1.0\Session3\session3_participant15\session3_participant15_gesture11_trial6,3,15,11,WF,0,6
..\data\raw\grabmyo\1.1.0\Session3\session3_participant15\session3_participant15_gesture11_trial7,3,15,11,WF,0,7
..\data\raw\grabmyo\1.1.0\Session3\session3_participant15\session3_participant15_gesture12_trial1,3,15,12,WE,1,1
..\data\raw\grabmyo\1.1.0\Session3\session3_participant15\session3_participant15_gesture12_trial2,3,15,12,WE,1,2
..\data\raw\grabmyo\1.1.0\Session3\session3_participant15\session3_participant15_gesture12_trial3,3,15,12,WE,1,3
..\data\raw\grabmyo\1.1.0\Session3\session3_participant15\session3_participant15_gesture12_trial4,3,15,12,WE,1,4
..\data\raw\grabmyo\1.1.0\Session3\session3_participant15\session3_participant15_gesture12_trial5,3,15,12,WE,1,5
..\data\raw\grabmyo\1.1.0\Session3\session3_participant15\session3_participant15_gesture12_trial6,3,15,12,WE,1,6
..\data\raw\grabmyo\1.1.0\Session3\session3_participant15\session3_participant15_gesture12_trial7,3,15,12,WE,1,7
..\data\raw\grabmyo\1.1.0\Session3\session3_participant15\session3_participant15_gesture15_trial1,3,15,15,HO,2,1
..\data\raw\grabmyo\1.1.0\Session3\session3_participant15\session3_participant15_gesture15_trial2,3,15,15,HO,2,2
..\data\raw\grabmyo\1.1.0\Session3\session3_participant15\session3_participant15_gesture15_trial3,3,15,15,HO,2,3
..\data\raw\grabmyo\1.1.0\Session3\session3_participant15\session3_participant15_gesture15_trial4,3,15,15,HO,2,4
..\data\raw\grabmyo\1.1.0\Session3\session3_participant15\session3_participant15_gesture15_trial5,3,15,15,HO,2,5
..\data\raw\grabmyo\1.1.0\Session3\session3_participant15\session3_participant15_gesture15_trial6,3,15,15,HO,2,6
..\data\raw\grabmyo\1.1.0\Session3\session3_participant15\session3_participant15_gesture15_trial7,3,15,15,HO,2,7
..\data\raw\grabmyo\1.1.0\Session3\session3_participant15\session3_participant15_gesture16_trial1,3,15,16,HC,3,1
..\data\raw\grabmyo\1.1.0\Session3\session3_participant15\session3_participant15_gesture16_trial2,3,15,16,HC,3,2
..\data\raw\grabmyo\1.1.0\Session3\session3_participant15\session3_participant15_gesture16_trial3,3,15,16,HC,3,3
..\data\raw\grabmyo\1.1.0\Session3\session3_participant15\session3_participant15_gesture16_trial4,3,15,16,HC,3,4
..\data\raw\grabmyo\1.1.0\Session3\session3_participant15\session3_participant15_gesture16_trial5,3,15,16,HC,3,5
..\data\raw\grabmyo\1.1.0\Session3\session3_participant15\session3_participant15_gesture16_trial6,3,15,16,HC,3,6
..\data\raw\grabmyo\1.1.0\Session3\session3_participant15\session3_participant15_gesture16_trial7,3,15,16,HC,3,7
..\data\raw\grabmyo\1.1.0\Session1\session1_participant16\session1_participant16_gesture11_trial1,1,16,11,WF,0,1
..\data\raw\grabmyo\1.1.0\Session1\session1_participant16\session1_participant16_gesture11_trial2,1,16,11,WF,0,2
..\data\raw\grabmyo\1.1.0\Session1\session1_participant16\session1_participant16_gesture11_trial3,1,16,11,WF,0,3
..\data\raw\grabmyo\1.1.0\Session1\session1_participant16\session1_participant16_gesture11_trial4,1,16,11,WF,0,4
..\data\raw\grabmyo\1.1.0\Session1\session1_participant16\session1_participant16_gesture11_trial5,1,16,11,WF,0,5
..\data\raw\grabmyo\1.1.0\Session1\session1_participant16\session1_participant16_gesture11_trial6,1,16,11,WF,0,6
..\data\raw\grabmyo\1.1.0\Session1\session1_participant16\session1_participant16_gesture11_trial7,1,16,11,WF,0,7
..\data\raw\grabmyo\1.1.0\Session1\session1_participant16\session1_participant16_gesture12_trial1,1,16,12,WE,1,1
..\data\raw\grabmyo\1.1.0\Session1\session1_participant16\session1_participant16_gesture12_trial2,1,16,12,WE,1,2
..\data\raw\grabmyo\1.1.0\Session1\session1_participant16\session1_participant16_gesture12_trial3,1,16,12,WE,1,3
..\data\raw\grabmyo\1.1.0\Session1\session1_participant16\session1_participant16_gesture12_trial4,1,16,12,WE,1,4
..\data\raw\grabmyo\1.1.0\Session1\session1_participant16\session1_participant16_gesture12_trial5,1,16,12,WE,1,5
..\data\raw\grabmyo\1.1.0\Session1\session1_participant16\session1_participant16_gesture12_trial6,1,16,12,WE,1,6
..\data\raw\grabmyo\1.1.0\Session1\session1_participant16\session1_participant16_gesture12_trial7,1,16,12,WE,1,7
..\data\raw\grabmyo\1.1.0\Session1\session1_participant16\session1_participant16_gesture15_trial1,1,16,15,HO,2,1
..\data\raw\grabmyo\1.1.0\Session1\session1_participant16\session1_participant16_gesture15_trial2,1,16,15,HO,2,2
..\data\raw\grabmyo\1.1.0\Session1\session1_participant16\session1_participant16_gesture15_trial3,1,16,15,HO,2,3
..\data\raw\grabmyo\1.1.0\Session1\session1_participant16\session1_participant16_gesture15_trial4,1,16,15,HO,2,4
..\data\raw\grabmyo\1.1.0\Session1\session1_participant16\session1_participant16_gesture15_trial5,1,16,15,HO,2,5
..\data\raw\grabmyo\1.1.0\Session1\session1_participant16\session1_participant16_gesture15_trial6,1,16,15,HO,2,6
..\data\raw\grabmyo\1.1.0\Session1\session1_participant16\session1_participant16_gesture15_trial7,1,16,15,HO,2,7
..\data\raw\grabmyo\1.1.0\Session1\session1_participant16\session1_participant16_gesture16_trial1,1,16,16,HC,3,1
..\data\raw\grabmyo\1.1.0\Session1\session1_participant16\session1_participant16_gesture16_trial2,1,16,16,HC,3,2
..\data\raw\grabmyo\1.1.0\Session1\session1_participant16\session1_participant16_gesture16_trial3,1,16,16,HC,3,3
..\data\raw\grabmyo\1.1.0\Session1\session1_participant16\session1_participant16_gesture16_trial4,1,16,16,HC,3,4
..\data\raw\grabmyo\1.1.0\Session1\session1_participant16\session1_participant16_gesture16_trial5,1,16,16,HC,3,5
..\data\raw\grabmyo\1.1.0\Session1\session1_participant16\session1_participant16_gesture16_trial6,1,16,16,HC,3,6
..\data\raw\grabmyo\1.1.0\Session1\session1_participant16\session1_participant16_gesture16_trial7,1,16,16,HC,3,7
..\data\raw\grabmyo\1.1.0\Session2\session2_participant16\session2_participant16_gesture11_trial1,2,16,11,WF,0,1
..\data\raw\grabmyo\1.1.0\Session2\session2_participant16\session2_participant16_gesture11_trial2,2,16,11,WF,0,2
..\data\raw\grabmyo\1.1.0\Session2\session2_participant16\session2_participant16_gesture11_trial3,2,16,11,WF,0,3
..\data\raw\grabmyo\1.1.0\Session2\session2_participant16\session2_participant16_gesture11_trial4,2,16,11,WF,0,4
..\data\raw\grabmyo\1.1.0\Session2\session2_participant16\session2_participant16_gesture11_trial5,2,16,11,WF,0,5
..\data\raw\grabmyo\1.1.0\Session2\session2_participant16\session2_participant16_gesture11_trial6,2,16,11,WF,0,6
..\data\raw\grabmyo\1.1.0\Session2\session2_participant16\session2_participant16_gesture11_trial7,2,16,11,WF,0,7
..\data\raw\grabmyo\1.1.0\Session2\session2_participant16\session2_participant16_gesture12_trial1,2,16,12,WE,1,1
..\data\raw\grabmyo\1.1.0\Session2\session2_participant16\session2_participant16_gesture12_trial2,2,16,12,WE,1,2
..\data\raw\grabmyo\1.1.0\Session2\session2_participant16\session2_participant16_gesture12_trial3,2,16,12,WE,1,3
..\data\raw\grabmyo\1.1.0\Session2\session2_participant16\session2_participant16_gesture12_trial4,2,16,12,WE,1,4
..\data\raw\grabmyo\1.1.0\Session2\session2_participant16\session2_participant16_gesture12_trial5,2,16,12,WE,1,5
..\data\raw\grabmyo\1.1.0\Session2\session2_participant16\session2_participant16_gesture12_trial6,2,16,12,WE,1,6
..\data\raw\grabmyo\1.1.0\Session2\session2_participant16\session2_participant16_gesture12_trial7,2,16,12,WE,1,7
..\data\raw\grabmyo\1.1.0\Session2\session2_participant16\session2_participant16_gesture15_trial1,2,16,15,HO,2,1
..\data\raw\grabmyo\1.1.0\Session2\session2_participant16\session2_participant16_gesture15_trial2,2,16,15,HO,2,2
..\data\raw\grabmyo\1.1.0\Session2\session2_participant16\session2_participant16_gesture15_trial3,2,16,15,HO,2,3
..\data\raw\grabmyo\1.1.0\Session2\session2_participant16\session2_participant16_gesture15_trial4,2,16,15,HO,2,4
..\data\raw\grabmyo\1.1.0\Session2\session2_participant16\session2_participant16_gesture15_trial5,2,16,15,HO,2,5
..\data\raw\grabmyo\1.1.0\Session2\session2_participant16\session2_participant16_gesture15_trial6,2,16,15,HO,2,6
..\data\raw\grabmyo\1.1.0\Session2\session2_participant16\session2_participant16_gesture15_trial7,2,16,15,HO,2,7
..\data\raw\grabmyo\1.1.0\Session2\session2_participant16\session2_participant16_gesture16_trial1,2,16,16,HC,3,1
..\data\raw\grabmyo\1.1.0\Session2\session2_participant16\session2_participant16_gesture16_trial2,2,16,16,HC,3,2
..\data\raw\grabmyo\1.1.0\Session2\session2_participant16\session2_participant16_gesture16_trial3,2,16,16,HC,3,3
..\data\raw\grabmyo\1.1.0\Session2\session2_participant16\session2_participant16_gesture16_trial4,2,16,16,HC,3,4
..\data\raw\grabmyo\1.1.0\Session2\session2_participant16\session2_participant16_gesture16_trial5,2,16,16,HC,3,5
..\data\raw\grabmyo\1.1.0\Session2\session2_participant16\session2_participant16_gesture16_trial6,2,16,16,HC,3,6
..\data\raw\grabmyo\1.1.0\Session2\session2_participant16\session2_participant16_gesture16_trial7,2,16,16,HC,3,7
..\data\raw\grabmyo\1.1.0\Session3\session3_participant16\session3_participant16_gesture11_trial1,3,16,11,WF,0,1
..\data\raw\grabmyo\1.1.0\Session3\session3_participant16\session3_participant16_gesture11_trial2,3,16,11,WF,0,2
..\data\raw\grabmyo\1.1.0\Session3\session3_participant16\session3_participant16_gesture11_trial3,3,16,11,WF,0,3
..\data\raw\grabmyo\1.1.0\Session3\session3_participant16\session3_participant16_gesture11_trial4,3,16,11,WF,0,4
..\data\raw\grabmyo\1.1.0\Session3\session3_participant16\session3_participant16_gesture11_trial5,3,16,11,WF,0,5
..\data\raw\grabmyo\1.1.0\Session3\session3_participant16\session3_participant16_gesture11_trial6,3,16,11,WF,0,6
..\data\raw\grabmyo\1.1.0\Session3\session3_participant16\session3_participant16_gesture11_trial7,3,16,11,WF,0,7
..\data\raw\grabmyo\1.1.0\Session3\session3_participant16\session3_participant16_gesture12_trial1,3,16,12,WE,1,1
..\data\raw\grabmyo\1.1.0\Session3\session3_participant16\session3_participant16_gesture12_trial2,3,16,12,WE,1,2
..\data\raw\grabmyo\1.1.0\Session3\session3_participant16\session3_participant16_gesture12_trial3,3,16,12,WE,1,3
..\data\raw\grabmyo\1.1.0\Session3\session3_participant16\session3_participant16_gesture12_trial4,3,16,12,WE,1,4
..\data\raw\grabmyo\1.1.0\Session3\session3_participant16\session3_participant16_gesture12_trial5,3,16,12,WE,1,5
..\data\raw\grabmyo\1.1.0\Session3\session3_participant16\session3_participant16_gesture12_trial6,3,16,12,WE,1,6
..\data\raw\grabmyo\1.1.0\Session3\session3_participant16\session3_participant16_gesture12_trial7,3,16,12,WE,1,7
..\data\raw\grabmyo\1.1.0\Session3\session3_participant16\session3_participant16_gesture15_trial1,3,16,15,HO,2,1
..\data\raw\grabmyo\1.1.0\Session3\session3_participant16\session3_participant16_gesture15_trial2,3,16,15,HO,2,2
..\data\raw\grabmyo\1.1.0\Session3\session3_participant16\session3_participant16_gesture15_trial3,3,16,15,HO,2,3
..\data\raw\grabmyo\1.1.0\Session3\session3_participant16\session3_participant16_gesture15_trial4,3,16,15,HO,2,4
..\data\raw\grabmyo\1.1.0\Session3\session3_participant16\session3_participant16_gesture15_trial5,3,16,15,HO,2,5
..\data\raw\grabmyo\1.1.0\Session3\session3_participant16\session3_participant16_gesture15_trial6,3,16,15,HO,2,6
..\data\raw\grabmyo\1.1.0\Session3\session3_participant16\session3_participant16_gesture15_trial7,3,16,15,HO,2,7
..\data\raw\grabmyo\1.1.0\Session3\session3_participant16\session3_participant16_gesture16_trial1,3,16,16,HC,3,1
..\data\raw\grabmyo\1.1.0\Session3\session3_participant16\session3_participant16_gesture16_trial2,3,16,16,HC,3,2
..\data\raw\grabmyo\1.1.0\Session3\session3_participant16\session3_participant16_gesture16_trial3,3,16,16,HC,3,3
..\data\raw\grabmyo\1.1.0\Session3\session3_participant16\session3_participant16_gesture16_trial4,3,16,16,HC,3,4
..\data\raw\grabmyo\1.1.0\Session3\session3_participant16\session3_participant16_gesture16_trial5,3,16,16,HC,3,5
..\data\raw\grabmyo\1.1.0\Session3\session3_participant16\session3_participant16_gesture16_trial6,3,16,16,HC,3,6
..\data\raw\grabmyo\1.1.0\Session3\session3_participant16\session3_participant16_gesture16_trial7,3,16,16,HC,3,7
..\data\raw\grabmyo\1.1.0\Session1\session1_participant17\session1_participant17_gesture11_trial1,1,17,11,WF,0,1
..\data\raw\grabmyo\1.1.0\Session1\session1_participant17\session1_participant17_gesture11_trial2,1,17,11,WF,0,2
..\data\raw\grabmyo\1.1.0\Session1\session1_participant17\session1_participant17_gesture11_trial3,1,17,11,WF,0,3
..\data\raw\grabmyo\1.1.0\Session1\session1_participant17\session1_participant17_gesture11_trial4,1,17,11,WF,0,4
..\data\raw\grabmyo\1.1.0\Session1\session1_participant17\session1_participant17_gesture11_trial5,1,17,11,WF,0,5
..\data\raw\grabmyo\1.1.0\Session1\session1_participant17\session1_participant17_gesture11_trial6,1,17,11,WF,0,6
..\data\raw\grabmyo\1.1.0\Session1\session1_participant17\session1_participant17_gesture11_trial7,1,17,11,WF,0,7
..\data\raw\grabmyo\1.1.0\Session1\session1_participant17\session1_participant17_gesture12_trial1,1,17,12,WE,1,1
..\data\raw\grabmyo\1.1.0\Session1\session1_participant17\session1_participant17_gesture12_trial2,1,17,12,WE,1,2
..\data\raw\grabmyo\1.1.0\Session1\session1_participant17\session1_participant17_gesture12_trial3,1,17,12,WE,1,3
..\data\raw\grabmyo\1.1.0\Session1\session1_participant17\session1_participant17_gesture12_trial4,1,17,12,WE,1,4
..\data\raw\grabmyo\1.1.0\Session1\session1_participant17\session1_participant17_gesture12_trial5,1,17,12,WE,1,5
..\data\raw\grabmyo\1.1.0\Session1\session1_participant17\session1_participant17_gesture12_trial6,1,17,12,WE,1,6
..\data\raw\grabmyo\1.1.0\Session1\session1_participant17\session1_participant17_gesture12_trial7,1,17,12,WE,1,7
..\data\raw\grabmyo\1.1.0\Session1\session1_participant17\session1_participant17_gesture15_trial1,1,17,15,HO,2,1
..\data\raw\grabmyo\1.1.0\Session1\session1_participant17\session1_participant17_gesture15_trial2,1,17,15,HO,2,2
..\data\raw\grabmyo\1.1.0\Session1\session1_participant17\session1_participant17_gesture15_trial3,1,17,15,HO,2,3
..\data\raw\grabmyo\1.1.0\Session1\session1_participant17\session1_participant17_gesture15_trial4,1,17,15,HO,2,4
..\data\raw\grabmyo\1.1.0\Session1\session1_participant17\session1_participant17_gesture15_trial5,1,17,15,HO,2,5
..\data\raw\grabmyo\1.1.0\Session1\session1_participant17\session1_participant17_gesture15_trial6,1,17,15,HO,2,6
..\data\raw\grabmyo\1.1.0\Session1\session1_participant17\session1_participant17_gesture15_trial7,1,17,15,HO,2,7
..\data\raw\grabmyo\1.1.0\Session1\session1_participant17\session1_participant17_gesture16_trial1,1,17,16,HC,3,1
..\data\raw\grabmyo\1.1.0\Session1\session1_participant17\session1_participant17_gesture16_trial2,1,17,16,HC,3,2
..\data\raw\grabmyo\1.1.0\Session1\session1_participant17\session1_participant17_gesture16_trial3,1,17,16,HC,3,3
..\data\raw\grabmyo\1.1.0\Session1\session1_participant17\session1_participant17_gesture16_trial4,1,17,16,HC,3,4
..\data\raw\grabmyo\1.1.0\Session1\session1_participant17\session1_participant17_gesture16_trial5,1,17,16,HC,3,5
..\data\raw\grabmyo\1.1.0\Session1\session1_participant17\session1_participant17_gesture16_trial6,1,17,16,HC,3,6
..\data\raw\grabmyo\1.1.0\Session1\session1_participant17\session1_participant17_gesture16_trial7,1,17,16,HC,3,7
..\data\raw\grabmyo\1.1.0\Session2\session2_participant17\session2_participant17_gesture11_trial1,2,17,11,WF,0,1
..\data\raw\grabmyo\1.1.0\Session2\session2_participant17\session2_participant17_gesture11_trial2,2,17,11,WF,0,2
..\data\raw\grabmyo\1.1.0\Session2\session2_participant17\session2_participant17_gesture11_trial3,2,17,11,WF,0,3
..\data\raw\grabmyo\1.1.0\Session2\session2_participant17\session2_participant17_gesture11_trial4,2,17,11,WF,0,4
..\data\raw\grabmyo\1.1.0\Session2\session2_participant17\session2_participant17_gesture11_trial5,2,17,11,WF,0,5
..\data\raw\grabmyo\1.1.0\Session2\session2_participant17\session2_participant17_gesture11_trial6,2,17,11,WF,0,6
..\data\raw\grabmyo\1.1.0\Session2\session2_participant17\session2_participant17_gesture11_trial7,2,17,11,WF,0,7
..\data\raw\grabmyo\1.1.0\Session2\session2_participant17\session2_participant17_gesture12_trial1,2,17,12,WE,1,1
..\data\raw\grabmyo\1.1.0\Session2\session2_participant17\session2_participant17_gesture12_trial2,2,17,12,WE,1,2
..\data\raw\grabmyo\1.1.0\Session2\session2_participant17\session2_participant17_gesture12_trial3,2,17,12,WE,1,3
..\data\raw\grabmyo\1.1.0\Session2\session2_participant17\session2_participant17_gesture12_trial4,2,17,12,WE,1,4
..\data\raw\grabmyo\1.1.0\Session2\session2_participant17\session2_participant17_gesture12_trial5,2,17,12,WE,1,5
..\data\raw\grabmyo\1.1.0\Session2\session2_participant17\session2_participant17_gesture12_trial6,2,17,12,WE,1,6
..\data\raw\grabmyo\1.1.0\Session2\session2_participant17\session2_participant17_gesture12_trial7,2,17,12,WE,1,7
..\data\raw\grabmyo\1.1.0\Session2\session2_participant17\session2_participant17_gesture15_trial1,2,17,15,HO,2,1
..\data\raw\grabmyo\1.1.0\Session2\session2_participant17\session2_participant17_gesture15_trial2,2,17,15,HO,2,2
..\data\raw\grabmyo\1.1.0\Session2\session2_participant17\session2_participant17_gesture15_trial3,2,17,15,HO,2,3
..\data\raw\grabmyo\1.1.0\Session2\session2_participant17\session2_participant17_gesture15_trial4,2,17,15,HO,2,4
..\data\raw\grabmyo\1.1.0\Session2\session2_participant17\session2_participant17_gesture15_trial5,2,17,15,HO,2,5
..\data\raw\grabmyo\1.1.0\Session2\session2_participant17\session2_participant17_gesture15_trial6,2,17,15,HO,2,6
..\data\raw\grabmyo\1.1.0\Session2\session2_participant17\session2_participant17_gesture15_trial7,2,17,15,HO,2,7
..\data\raw\grabmyo\1.1.0\Session2\session2_participant17\session2_participant17_gesture16_trial1,2,17,16,HC,3,1
..\data\raw\grabmyo\1.1.0\Session2\session2_participant17\session2_participant17_gesture16_trial2,2,17,16,HC,3,2
..\data\raw\grabmyo\1.1.0\Session2\session2_participant17\session2_participant17_gesture16_trial3,2,17,16,HC,3,3
..\data\raw\grabmyo\1.1.0\Session2\session2_participant17\session2_participant17_gesture16_trial4,2,17,16,HC,3,4
..\data\raw\grabmyo\1.1.0\Session2\session2_participant17\session2_participant17_gesture16_trial5,2,17,16,HC,3,5
..\data\raw\grabmyo\1.1.0\Session2\session2_participant17\session2_participant17_gesture16_trial6,2,17,16,HC,3,6
..\data\raw\grabmyo\1.1.0\Session2\session2_participant17\session2_participant17_gesture16_trial7,2,17,16,HC,3,7
..\data\raw\grabmyo\1.1.0\Session3\session3_participant17\session3_participant17_gesture11_trial1,3,17,11,WF,0,1
..\data\raw\grabmyo\1.1.0\Session3\session3_participant17\session3_participant17_gesture11_trial2,3,17,11,WF,0,2
..\data\raw\grabmyo\1.1.0\Session3\session3_participant17\session3_participant17_gesture11_trial3,3,17,11,WF,0,3
..\data\raw\grabmyo\1.1.0\Session3\session3_participant17\session3_participant17_gesture11_trial4,3,17,11,WF,0,4
..\data\raw\grabmyo\1.1.0\Session3\session3_participant17\session3_participant17_gesture11_trial5,3,17,11,WF,0,5
..\data\raw\grabmyo\1.1.0\Session3\session3_participant17\session3_participant17_gesture11_trial6,3,17,11,WF,0,6
..\data\raw\grabmyo\1.1.0\Session3\session3_participant17\session3_participant17_gesture11_trial7,3,17,11,WF,0,7
..\data\raw\grabmyo\1.1.0\Session3\session3_participant17\session3_participant17_gesture12_trial1,3,17,12,WE,1,1
..\data\raw\grabmyo\1.1.0\Session3\session3_participant17\session3_participant17_gesture12_trial2,3,17,12,WE,1,2
..\data\raw\grabmyo\1.1.0\Session3\session3_participant17\session3_participant17_gesture12_trial3,3,17,12,WE,1,3
..\data\raw\grabmyo\1.1.0\Session3\session3_participant17\session3_participant17_gesture12_trial4,3,17,12,WE,1,4
..\data\raw\grabmyo\1.1.0\Session3\session3_participant17\session3_participant17_gesture12_trial5,3,17,12,WE,1,5
..\data\raw\grabmyo\1.1.0\Session3\session3_participant17\session3_participant17_gesture12_trial6,3,17,12,WE,1,6
..\data\raw\grabmyo\1.1.0\Session3\session3_participant17\session3_participant17_gesture12_trial7,3,17,12,WE,1,7
..\data\raw\grabmyo\1.1.0\Session3\session3_participant17\session3_participant17_gesture15_trial1,3,17,15,HO,2,1
..\data\raw\grabmyo\1.1.0\Session3\session3_participant17\session3_participant17_gesture15_trial2,3,17,15,HO,2,2
..\data\raw\grabmyo\1.1.0\Session3\session3_participant17\session3_participant17_gesture15_trial3,3,17,15,HO,2,3
..\data\raw\grabmyo\1.1.0\Session3\session3_participant17\session3_participant17_gesture15_trial4,3,17,15,HO,2,4
..\data\raw\grabmyo\1.1.0\Session3\session3_participant17\session3_participant17_gesture15_trial5,3,17,15,HO,2,5
..\data\raw\grabmyo\1.1.0\Session3\session3_participant17\session3_participant17_gesture15_trial6,3,17,15,HO,2,6
..\data\raw\grabmyo\1.1.0\Session3\session3_participant17\session3_participant17_gesture15_trial7,3,17,15,HO,2,7
..\data\raw\grabmyo\1.1.0\Session3\session3_participant17\session3_participant17_gesture16_trial1,3,17,16,HC,3,1
..\data\raw\grabmyo\1.1.0\Session3\session3_participant17\session3_participant17_gesture16_trial2,3,17,16,HC,3,2
..\data\raw\grabmyo\1.1.0\Session3\session3_participant17\session3_participant17_gesture16_trial3,3,17,16,HC,3,3
..\data\raw\grabmyo\1.1.0\Session3\session3_participant17\session3_participant17_gesture16_trial4,3,17,16,HC,3,4
..\data\raw\grabmyo\1.1.0\Session3\session3_participant17\session3_participant17_gesture16_trial5,3,17,16,HC,3,5
..\data\raw\grabmyo\1.1.0\Session3\session3_participant17\session3_participant17_gesture16_trial6,3,17,16,HC,3,6
..\data\raw\grabmyo\1.1.0\Session3\session3_participant17\session3_participant17_gesture16_trial7,3,17,16,HC,3,7
..\data\raw\grabmyo\1.1.0\Session1\session1_participant18\session1_participant18_gesture11_trial1,1,18,11,WF,0,1
..\data\raw\grabmyo\1.1.0\Session1\session1_participant18\session1_participant18_gesture11_trial2,1,18,11,WF,0,2
..\data\raw\grabmyo\1.1.0\Session1\session1_participant18\session1_participant18_gesture11_trial3,1,18,11,WF,0,3
..\data\raw\grabmyo\1.1.0\Session1\session1_participant18\session1_participant18_gesture11_trial4,1,18,11,WF,0,4
..\data\raw\grabmyo\1.1.0\Session1\session1_participant18\session1_participant18_gesture11_trial5,1,18,11,WF,0,5
..\data\raw\grabmyo\1.1.0\Session1\session1_participant18\session1_participant18_gesture11_trial6,1,18,11,WF,0,6
..\data\raw\grabmyo\1.1.0\Session1\session1_participant18\session1_participant18_gesture11_trial7,1,18,11,WF,0,7
..\data\raw\grabmyo\1.1.0\Session1\session1_participant18\session1_participant18_gesture12_trial1,1,18,12,WE,1,1
..\data\raw\grabmyo\1.1.0\Session1\session1_participant18\session1_participant18_gesture12_trial2,1,18,12,WE,1,2
..\data\raw\grabmyo\1.1.0\Session1\session1_participant18\session1_participant18_gesture12_trial3,1,18,12,WE,1,3
..\data\raw\grabmyo\1.1.0\Session1\session1_participant18\session1_participant18_gesture12_trial4,1,18,12,WE,1,4
..\data\raw\grabmyo\1.1.0\Session1\session1_participant18\session1_participant18_gesture12_trial5,1,18,12,WE,1,5
..\data\raw\grabmyo\1.1.0\Session1\session1_participant18\session1_participant18_gesture12_trial6,1,18,12,WE,1,6
..\data\raw\grabmyo\1.1.0\Session1\session1_participant18\session1_participant18_gesture12_trial7,1,18,12,WE,1,7
..\data\raw\grabmyo\1.1.0\Session1\session1_participant18\session1_participant18_gesture15_trial1,1,18,15,HO,2,1
..\data\raw\grabmyo\1.1.0\Session1\session1_participant18\session1_participant18_gesture15_trial2,1,18,15,HO,2,2
..\data\raw\grabmyo\1.1.0\Session1\session1_participant18\session1_participant18_gesture15_trial3,1,18,15,HO,2,3
..\data\raw\grabmyo\1.1.0\Session1\session1_participant18\session1_participant18_gesture15_trial4,1,18,15,HO,2,4
..\data\raw\grabmyo\1.1.0\Session1\session1_participant18\session1_participant18_gesture15_trial5,1,18,15,HO,2,5
..\data\raw\grabmyo\1.1.0\Session1\session1_participant18\session1_participant18_gesture15_trial6,1,18,15,HO,2,6
..\data\raw\grabmyo\1.1.0\Session1\session1_participant18\session1_participant18_gesture15_trial7,1,18,15,HO,2,7
..\data\raw\grabmyo\1.1.0\Session1\session1_participant18\session1_participant18_gesture16_trial1,1,18,16,HC,3,1
..\data\raw\grabmyo\1.1.0\Session1\session1_participant18\session1_participant18_gesture16_trial2,1,18,16,HC,3,2
..\data\raw\grabmyo\1.1.0\Session1\session1_participant18\session1_participant18_gesture16_trial3,1,18,16,HC,3,3
..\data\raw\grabmyo\1.1.0\Session1\session1_participant18\session1_participant18_gesture16_trial4,1,18,16,HC,3,4
..\data\raw\grabmyo\1.1.0\Session1\session1_participant18\session1_participant18_gesture16_trial5,1,18,16,HC,3,5
..\data\raw\grabmyo\1.1.0\Session1\session1_participant18\session1_participant18_gesture16_trial6,1,18,16,HC,3,6
..\data\raw\grabmyo\1.1.0\Session1\session1_participant18\session1_participant18_gesture16_trial7,1,18,16,HC,3,7
..\data\raw\grabmyo\1.1.0\Session2\session2_participant18\session2_participant18_gesture11_trial1,2,18,11,WF,0,1
..\data\raw\grabmyo\1.1.0\Session2\session2_participant18\session2_participant18_gesture11_trial2,2,18,11,WF,0,2
..\data\raw\grabmyo\1.1.0\Session2\session2_participant18\session2_participant18_gesture11_trial3,2,18,11,WF,0,3
..\data\raw\grabmyo\1.1.0\Session2\session2_participant18\session2_participant18_gesture11_trial4,2,18,11,WF,0,4
..\data\raw\grabmyo\1.1.0\Session2\session2_participant18\session2_participant18_gesture11_trial5,2,18,11,WF,0,5
..\data\raw\grabmyo\1.1.0\Session2\session2_participant18\session2_participant18_gesture11_trial6,2,18,11,WF,0,6
..\data\raw\grabmyo\1.1.0\Session2\session2_participant18\session2_participant18_gesture11_trial7,2,18,11,WF,0,7
..\data\raw\grabmyo\1.1.0\Session2\session2_participant18\session2_participant18_gesture12_trial1,2,18,12,WE,1,1
..\data\raw\grabmyo\1.1.0\Session2\session2_participant18\session2_participant18_gesture12_trial2,2,18,12,WE,1,2
..\data\raw\grabmyo\1.1.0\Session2\session2_participant18\session2_participant18_gesture12_trial3,2,18,12,WE,1,3
..\data\raw\grabmyo\1.1.0\Session2\session2_participant18\session2_participant18_gesture12_trial4,2,18,12,WE,1,4
..\data\raw\grabmyo\1.1.0\Session2\session2_participant18\session2_participant18_gesture12_trial5,2,18,12,WE,1,5
..\data\raw\grabmyo\1.1.0\Session2\session2_participant18\session2_participant18_gesture12_trial6,2,18,12,WE,1,6
..\data\raw\grabmyo\1.1.0\Session2\session2_participant18\session2_participant18_gesture12_trial7,2,18,12,WE,1,7
..\data\raw\grabmyo\1.1.0\Session2\session2_participant18\session2_participant18_gesture15_trial1,2,18,15,HO,2,1
..\data\raw\grabmyo\1.1.0\Session2\session2_participant18\session2_participant18_gesture15_trial2,2,18,15,HO,2,2
..\data\raw\grabmyo\1.1.0\Session2\session2_participant18\session2_participant18_gesture15_trial3,2,18,15,HO,2,3
..\data\raw\grabmyo\1.1.0\Session2\session2_participant18\session2_participant18_gesture15_trial4,2,18,15,HO,2,4
..\data\raw\grabmyo\1.1.0\Session2\session2_participant18\session2_participant18_gesture15_trial5,2,18,15,HO,2,5
..\data\raw\grabmyo\1.1.0\Session2\session2_participant18\session2_participant18_gesture15_trial6,2,18,15,HO,2,6
..\data\raw\grabmyo\1.1.0\Session2\session2_participant18\session2_participant18_gesture15_trial7,2,18,15,HO,2,7
..\data\raw\grabmyo\1.1.0\Session2\session2_participant18\session2_participant18_gesture16_trial1,2,18,16,HC,3,1
..\data\raw\grabmyo\1.1.0\Session2\session2_participant18\session2_participant18_gesture16_trial2,2,18,16,HC,3,2
..\data\raw\grabmyo\1.1.0\Session2\session2_participant18\session2_participant18_gesture16_trial3,2,18,16,HC,3,3
..\data\raw\grabmyo\1.1.0\Session2\session2_participant18\session2_participant18_gesture16_trial4,2,18,16,HC,3,4
..\data\raw\grabmyo\1.1.0\Session2\session2_participant18\session2_participant18_gesture16_trial5,2,18,16,HC,3,5
..\data\raw\grabmyo\1.1.0\Session2\session2_participant18\session2_participant18_gesture16_trial6,2,18,16,HC,3,6
..\data\raw\grabmyo\1.1.0\Session2\session2_participant18\session2_participant18_gesture16_trial7,2,18,16,HC,3,7
..\data\raw\grabmyo\1.1.0\Session3\session3_participant18\session3_participant18_gesture11_trial1,3,18,11,WF,0,1
..\data\raw\grabmyo\1.1.0\Session3\session3_participant18\session3_participant18_gesture11_trial2,3,18,11,WF,0,2
..\data\raw\grabmyo\1.1.0\Session3\session3_participant18\session3_participant18_gesture11_trial3,3,18,11,WF,0,3
..\data\raw\grabmyo\1.1.0\Session3\session3_participant18\session3_participant18_gesture11_trial4,3,18,11,WF,0,4
..\data\raw\grabmyo\1.1.0\Session3\session3_participant18\session3_participant18_gesture11_trial5,3,18,11,WF,0,5
..\data\raw\grabmyo\1.1.0\Session3\session3_participant18\session3_participant18_gesture11_trial6,3,18,11,WF,0,6
..\data\raw\grabmyo\1.1.0\Session3\session3_participant18\session3_participant18_gesture11_trial7,3,18,11,WF,0,7
..\data\raw\grabmyo\1.1.0\Session3\session3_participant18\session3_participant18_gesture12_trial1,3,18,12,WE,1,1
..\data\raw\grabmyo\1.1.0\Session3\session3_participant18\session3_participant18_gesture12_trial2,3,18,12,WE,1,2
..\data\raw\grabmyo\1.1.0\Session3\session3_participant18\session3_participant18_gesture12_trial3,3,18,12,WE,1,3
..\data\raw\grabmyo\1.1.0\Session3\session3_participant18\session3_participant18_gesture12_trial4,3,18,12,WE,1,4
..\data\raw\grabmyo\1.1.0\Session3\session3_participant18\session3_participant18_gesture12_trial5,3,18,12,WE,1,5
..\data\raw\grabmyo\1.1.0\Session3\session3_participant18\session3_participant18_gesture12_trial6,3,18,12,WE,1,6
..\data\raw\grabmyo\1.1.0\Session3\session3_participant18\session3_participant18_gesture12_trial7,3,18,12,WE,1,7
..\data\raw\grabmyo\1.1.0\Session3\session3_participant18\session3_participant18_gesture15_trial1,3,18,15,HO,2,1
..\data\raw\grabmyo\1.1.0\Session3\session3_participant18\session3_participant18_gesture15_trial2,3,18,15,HO,2,2
..\data\raw\grabmyo\1.1.0\Session3\session3_participant18\session3_participant18_gesture15_trial3,3,18,15,HO,2,3
..\data\raw\grabmyo\1.1.0\Session3\session3_participant18\session3_participant18_gesture15_trial4,3,18,15,HO,2,4
..\data\raw\grabmyo\1.1.0\Session3\session3_participant18\session3_participant18_gesture15_trial5,3,18,15,HO,2,5
..\data\raw\grabmyo\1.1.0\Session3\session3_participant18\session3_participant18_gesture15_trial6,3,18,15,HO,2,6
..\data\raw\grabmyo\1.1.0\Session3\session3_participant18\session3_participant18_gesture15_trial7,3,18,15,HO,2,7
..\data\raw\grabmyo\1.1.0\Session3\session3_participant18\session3_participant18_gesture16_trial1,3,18,16,HC,3,1
..\data\raw\grabmyo\1.1.0\Session3\session3_participant18\session3_participant18_gesture16_trial2,3,18,16,HC,3,2
..\data\raw\grabmyo\1.1.0\Session3\session3_participant18\session3_participant18_gesture16_trial3,3,18,16,HC,3,3
..\data\raw\grabmyo\1.1.0\Session3\session3_participant18\session3_participant18_gesture16_trial4,3,18,16,HC,3,4
..\data\raw\grabmyo\1.1.0\Session3\session3_participant18\session3_participant18_gesture16_trial5,3,18,16,HC,3,5
..\data\raw\grabmyo\1.1.0\Session3\session3_participant18\session3_participant18_gesture16_trial6,3,18,16,HC,3,6
..\data\raw\grabmyo\1.1.0\Session3\session3_participant18\session3_participant18_gesture16_trial7,3,18,16,HC,3,7
..\data\raw\grabmyo\1.1.0\Session1\session1_participant19\session1_participant19_gesture11_trial1,1,19,11,WF,0,1
..\data\raw\grabmyo\1.1.0\Session1\session1_participant19\session1_participant19_gesture11_trial2,1,19,11,WF,0,2
..\data\raw\grabmyo\1.1.0\Session1\session1_participant19\session1_participant19_gesture11_trial3,1,19,11,WF,0,3
..\data\raw\grabmyo\1.1.0\Session1\session1_participant19\session1_participant19_gesture11_trial4,1,19,11,WF,0,4
..\data\raw\grabmyo\1.1.0\Session1\session1_participant19\session1_participant19_gesture11_trial5,1,19,11,WF,0,5
..\data\raw\grabmyo\1.1.0\Session1\session1_participant19\session1_participant19_gesture11_trial6,1,19,11,WF,0,6
..\data\raw\grabmyo\1.1.0\Session1\session1_participant19\session1_participant19_gesture11_trial7,1,19,11,WF,0,7
..\data\raw\grabmyo\1.1.0\Session1\session1_participant19\session1_participant19_gesture12_trial1,1,19,12,WE,1,1
..\data\raw\grabmyo\1.1.0\Session1\session1_participant19\session1_participant19_gesture12_trial2,1,19,12,WE,1,2
..\data\raw\grabmyo\1.1.0\Session1\session1_participant19\session1_participant19_gesture12_trial3,1,19,12,WE,1,3
..\data\raw\grabmyo\1.1.0\Session1\session1_participant19\session1_participant19_gesture12_trial4,1,19,12,WE,1,4
..\data\raw\grabmyo\1.1.0\Session1\session1_participant19\session1_participant19_gesture12_trial5,1,19,12,WE,1,5
..\data\raw\grabmyo\1.1.0\Session1\session1_participant19\session1_participant19_gesture12_trial6,1,19,12,WE,1,6
..\data\raw\grabmyo\1.1.0\Session1\session1_participant19\session1_participant19_gesture12_trial7,1,19,12,WE,1,7
..\data\raw\grabmyo\1.1.0\Session1\session1_participant19\session1_participant19_gesture15_trial1,1,19,15,HO,2,1
..\data\raw\grabmyo\1.1.0\Session1\session1_participant19\session1_participant19_gesture15_trial2,1,19,15,HO,2,2
..\data\raw\grabmyo\1.1.0\Session1\session1_participant19\session1_participant19_gesture15_trial3,1,19,15,HO,2,3
..\data\raw\grabmyo\1.1.0\Session1\session1_participant19\session1_participant19_gesture15_trial4,1,19,15,HO,2,4
..\data\raw\grabmyo\1.1.0\Session1\session1_participant19\session1_participant19_gesture15_trial5,1,19,15,HO,2,5
..\data\raw\grabmyo\1.1.0\Session1\session1_participant19\session1_participant19_gesture15_trial6,1,19,15,HO,2,6
..\data\raw\grabmyo\1.1.0\Session1\session1_participant19\session1_participant19_gesture15_trial7,1,19,15,HO,2,7
..\data\raw\grabmyo\1.1.0\Session1\session1_participant19\session1_participant19_gesture16_trial1,1,19,16,HC,3,1
..\data\raw\grabmyo\1.1.0\Session1\session1_participant19\session1_participant19_gesture16_trial2,1,19,16,HC,3,2
..\data\raw\grabmyo\1.1.0\Session1\session1_participant19\session1_participant19_gesture16_trial3,1,19,16,HC,3,3
..\data\raw\grabmyo\1.1.0\Session1\session1_participant19\session1_participant19_gesture16_trial4,1,19,16,HC,3,4
..\data\raw\grabmyo\1.1.0\Session1\session1_participant19\session1_participant19_gesture16_trial5,1,19,16,HC,3,5
..\data\raw\grabmyo\1.1.0\Session1\session1_participant19\session1_participant19_gesture16_trial6,1,19,16,HC,3,6
..\data\raw\grabmyo\1.1.0\Session1\session1_participant19\session1_participant19_gesture16_trial7,1,19,16,HC,3,7
..\data\raw\grabmyo\1.1.0\Session2\session2_participant19\session2_participant19_gesture11_trial1,2,19,11,WF,0,1
..\data\raw\grabmyo\1.1.0\Session2\session2_participant19\session2_participant19_gesture11_trial2,2,19,11,WF,0,2
..\data\raw\grabmyo\1.1.0\Session2\session2_participant19\session2_participant19_gesture11_trial3,2,19,11,WF,0,3
..\data\raw\grabmyo\1.1.0\Session2\session2_participant19\session2_participant19_gesture11_trial4,2,19,11,WF,0,4
..\data\raw\grabmyo\1.1.0\Session2\session2_participant19\session2_participant19_gesture11_trial5,2,19,11,WF,0,5
..\data\raw\grabmyo\1.1.0\Session2\session2_participant19\session2_participant19_gesture11_trial6,2,19,11,WF,0,6
..\data\raw\grabmyo\1.1.0\Session2\session2_participant19\session2_participant19_gesture11_trial7,2,19,11,WF,0,7
..\data\raw\grabmyo\1.1.0\Session2\session2_participant19\session2_participant19_gesture12_trial1,2,19,12,WE,1,1
..\data\raw\grabmyo\1.1.0\Session2\session2_participant19\session2_participant19_gesture12_trial2,2,19,12,WE,1,2
..\data\raw\grabmyo\1.1.0\Session2\session2_participant19\session2_participant19_gesture12_trial3,2,19,12,WE,1,3
..\data\raw\grabmyo\1.1.0\Session2\session2_participant19\session2_participant19_gesture12_trial4,2,19,12,WE,1,4
..\data\raw\grabmyo\1.1.0\Session2\session2_participant19\session2_participant19_gesture12_trial5,2,19,12,WE,1,5
..\data\raw\grabmyo\1.1.0\Session2\session2_participant19\session2_participant19_gesture12_trial6,2,19,12,WE,1,6
..\data\raw\grabmyo\1.1.0\Session2\session2_participant19\session2_participant19_gesture12_trial7,2,19,12,WE,1,7
..\data\raw\grabmyo\1.1.0\Session2\session2_participant19\session2_participant19_gesture15_trial1,2,19,15,HO,2,1
..\data\raw\grabmyo\1.1.0\Session2\session2_participant19\session2_participant19_gesture15_trial2,2,19,15,HO,2,2
..\data\raw\grabmyo\1.1.0\Session2\session2_participant19\session2_participant19_gesture15_trial3,2,19,15,HO,2,3
..\data\raw\grabmyo\1.1.0\Session2\session2_participant19\session2_participant19_gesture15_trial4,2,19,15,HO,2,4
..\data\raw\grabmyo\1.1.0\Session2\session2_participant19\session2_participant19_gesture15_trial5,2,19,15,HO,2,5
..\data\raw\grabmyo\1.1.0\Session2\session2_participant19\session2_participant19_gesture15_trial6,2,19,15,HO,2,6
..\data\raw\grabmyo\1.1.0\Session2\session2_participant19\session2_participant19_gesture15_trial7,2,19,15,HO,2,7
..\data\raw\grabmyo\1.1.0\Session2\session2_participant19\session2_participant19_gesture16_trial1,2,19,16,HC,3,1
..\data\raw\grabmyo\1.1.0\Session2\session2_participant19\session2_participant19_gesture16_trial2,2,19,16,HC,3,2
..\data\raw\grabmyo\1.1.0\Session2\session2_participant19\session2_participant19_gesture16_trial3,2,19,16,HC,3,3
..\data\raw\grabmyo\1.1.0\Session2\session2_participant19\session2_participant19_gesture16_trial4,2,19,16,HC,3,4
..\data\raw\grabmyo\1.1.0\Session2\session2_participant19\session2_participant19_gesture16_trial5,2,19,16,HC,3,5
..\data\raw\grabmyo\1.1.0\Session2\session2_participant19\session2_participant19_gesture16_trial6,2,19,16,HC,3,6
..\data\raw\grabmyo\1.1.0\Session2\session2_participant19\session2_participant19_gesture16_trial7,2,19,16,HC,3,7
..\data\raw\grabmyo\1.1.0\Session3\session3_participant19\session3_participant19_gesture11_trial1,3,19,11,WF,0,1
..\data\raw\grabmyo\1.1.0\Session3\session3_participant19\session3_participant19_gesture11_trial2,3,19,11,WF,0,2
..\data\raw\grabmyo\1.1.0\Session3\session3_participant19\session3_participant19_gesture11_trial3,3,19,11,WF,0,3
..\data\raw\grabmyo\1.1.0\Session3\session3_participant19\session3_participant19_gesture11_trial4,3,19,11,WF,0,4
..\data\raw\grabmyo\1.1.0\Session3\session3_participant19\session3_participant19_gesture11_trial5,3,19,11,WF,0,5
..\data\raw\grabmyo\1.1.0\Session3\session3_participant19\session3_participant19_gesture11_trial6,3,19,11,WF,0,6
..\data\raw\grabmyo\1.1.0\Session3\session3_participant19\session3_participant19_gesture11_trial7,3,19,11,WF,0,7
..\data\raw\grabmyo\1.1.0\Session3\session3_participant19\session3_participant19_gesture12_trial1,3,19,12,WE,1,1
..\data\raw\grabmyo\1.1.0\Session3\session3_participant19\session3_participant19_gesture12_trial2,3,19,12,WE,1,2
..\data\raw\grabmyo\1.1.0\Session3\session3_participant19\session3_participant19_gesture12_trial3,3,19,12,WE,1,3
..\data\raw\grabmyo\1.1.0\Session3\session3_participant19\session3_participant19_gesture12_trial4,3,19,12,WE,1,4
..\data\raw\grabmyo\1.1.0\Session3\session3_participant19\session3_participant19_gesture12_trial5,3,19,12,WE,1,5
..\data\raw\grabmyo\1.1.0\Session3\session3_participant19\session3_participant19_gesture12_trial6,3,19,12,WE,1,6
..\data\raw\grabmyo\1.1.0\Session3\session3_participant19\session3_participant19_gesture12_trial7,3,19,12,WE,1,7
..\data\raw\grabmyo\1.1.0\Session3\session3_participant19\session3_participant19_gesture15_trial1,3,19,15,HO,2,1
..\data\raw\grabmyo\1.1.0\Session3\session3_participant19\session3_participant19_gesture15_trial2,3,19,15,HO,2,2
..\data\raw\grabmyo\1.1.0\Session3\session3_participant19\session3_participant19_gesture15_trial3,3,19,15,HO,2,3
..\data\raw\grabmyo\1.1.0\Session3\session3_participant19\session3_participant19_gesture15_trial4,3,19,15,HO,2,4
..\data\raw\grabmyo\1.1.0\Session3\session3_participant19\session3_participant19_gesture15_trial5,3,19,15,HO,2,5
..\data\raw\grabmyo\1.1.0\Session3\session3_participant19\session3_participant19_gesture15_trial6,3,19,15,HO,2,6
..\data\raw\grabmyo\1.1.0\Session3\session3_participant19\session3_participant19_gesture15_trial7,3,19,15,HO,2,7
..\data\raw\grabmyo\1.1.0\Session3\session3_participant19\session3_participant19_gesture16_trial1,3,19,16,HC,3,1
..\data\raw\grabmyo\1.1.0\Session3\session3_participant19\session3_participant19_gesture16_trial2,3,19,16,HC,3,2
..\data\raw\grabmyo\1.1.0\Session3\session3_participant19\session3_participant19_gesture16_trial3,3,19,16,HC,3,3
..\data\raw\grabmyo\1.1.0\Session3\session3_participant19\session3_participant19_gesture16_trial4,3,19,16,HC,3,4
..\data\raw\grabmyo\1.1.0\Session3\session3_participant19\session3_participant19_gesture16_trial5,3,19,16,HC,3,5
..\data\raw\grabmyo\1.1.0\Session3\session3_participant19\session3_participant19_gesture16_trial6,3,19,16,HC,3,6
..\data\raw\grabmyo\1.1.0\Session3\session3_participant19\session3_participant19_gesture16_trial7,3,19,16,HC,3,7
..\data\raw\grabmyo\1.1.0\Session1\session1_participant20\session1_participant20_gesture11_trial1,1,20,11,WF,0,1
..\data\raw\grabmyo\1.1.0\Session1\session1_participant20\session1_participant20_gesture11_trial2,1,20,11,WF,0,2
..\data\raw\grabmyo\1.1.0\Session1\session1_participant20\session1_participant20_gesture11_trial3,1,20,11,WF,0,3
..\data\raw\grabmyo\1.1.0\Session1\session1_participant20\session1_participant20_gesture11_trial4,1,20,11,WF,0,4
..\data\raw\grabmyo\1.1.0\Session1\session1_participant20\session1_participant20_gesture11_trial5,1,20,11,WF,0,5
..\data\raw\grabmyo\1.1.0\Session1\session1_participant20\session1_participant20_gesture11_trial6,1,20,11,WF,0,6
..\data\raw\grabmyo\1.1.0\Session1\session1_participant20\session1_participant20_gesture11_trial7,1,20,11,WF,0,7
..\data\raw\grabmyo\1.1.0\Session1\session1_participant20\session1_participant20_gesture12_trial1,1,20,12,WE,1,1
..\data\raw\grabmyo\1.1.0\Session1\session1_participant20\session1_participant20_gesture12_trial2,1,20,12,WE,1,2
..\data\raw\grabmyo\1.1.0\Session1\session1_participant20\session1_participant20_gesture12_trial3,1,20,12,WE,1,3
..\data\raw\grabmyo\1.1.0\Session1\session1_participant20\session1_participant20_gesture12_trial4,1,20,12,WE,1,4
..\data\raw\grabmyo\1.1.0\Session1\session1_participant20\session1_participant20_gesture12_trial5,1,20,12,WE,1,5
..\data\raw\grabmyo\1.1.0\Session1\session1_participant20\session1_participant20_gesture12_trial6,1,20,12,WE,1,6
..\data\raw\grabmyo\1.1.0\Session1\session1_participant20\session1_participant20_gesture12_trial7,1,20,12,WE,1,7
..\data\raw\grabmyo\1.1.0\Session1\session1_participant20\session1_participant20_gesture15_trial1,1,20,15,HO,2,1
..\data\raw\grabmyo\1.1.0\Session1\session1_participant20\session1_participant20_gesture15_trial2,1,20,15,HO,2,2
..\data\raw\grabmyo\1.1.0\Session1\session1_participant20\session1_participant20_gesture15_trial3,1,20,15,HO,2,3
..\data\raw\grabmyo\1.1.0\Session1\session1_participant20\session1_participant20_gesture15_trial4,1,20,15,HO,2,4
..\data\raw\grabmyo\1.1.0\Session1\session1_participant20\session1_participant20_gesture15_trial5,1,20,15,HO,2,5
..\data\raw\grabmyo\1.1.0\Session1\session1_participant20\session1_participant20_gesture15_trial6,1,20,15,HO,2,6
..\data\raw\grabmyo\1.1.0\Session1\session1_participant20\session1_participant20_gesture15_trial7,1,20,15,HO,2,7
..\data\raw\grabmyo\1.1.0\Session1\session1_participant20\session1_participant20_gesture16_trial1,1,20,16,HC,3,1
..\data\raw\grabmyo\1.1.0\Session1\session1_participant20\session1_participant20_gesture16_trial2,1,20,16,HC,3,2
..\data\raw\grabmyo\1.1.0\Session1\session1_participant20\session1_participant20_gesture16_trial3,1,20,16,HC,3,3
..\data\raw\grabmyo\1.1.0\Session1\session1_participant20\session1_participant20_gesture16_trial4,1,20,16,HC,3,4
..\data\raw\grabmyo\1.1.0\Session1\session1_participant20\session1_participant20_gesture16_trial5,1,20,16,HC,3,5
..\data\raw\grabmyo\1.1.0\Session1\session1_participant20\session1_participant20_gesture16_trial6,1,20,16,HC,3,6
..\data\raw\grabmyo\1.1.0\Session1\session1_participant20\session1_participant20_gesture16_trial7,1,20,16,HC,3,7
..\data\raw\grabmyo\1.1.0\Session2\session2_participant20\session2_participant20_gesture11_trial1,2,20,11,WF,0,1
..\data\raw\grabmyo\1.1.0\Session2\session2_participant20\session2_participant20_gesture11_trial2,2,20,11,WF,0,2
..\data\raw\grabmyo\1.1.0\Session2\session2_participant20\session2_participant20_gesture11_trial3,2,20,11,WF,0,3
..\data\raw\grabmyo\1.1.0\Session2\session2_participant20\session2_participant20_gesture11_trial4,2,20,11,WF,0,4
..\data\raw\grabmyo\1.1.0\Session2\session2_participant20\session2_participant20_gesture11_trial5,2,20,11,WF,0,5
..\data\raw\grabmyo\1.1.0\Session2\session2_participant20\session2_participant20_gesture11_trial6,2,20,11,WF,0,6
..\data\raw\grabmyo\1.1.0\Session2\session2_participant20\session2_participant20_gesture11_trial7,2,20,11,WF,0,7
..\data\raw\grabmyo\1.1.0\Session2\session2_participant20\session2_participant20_gesture12_trial1,2,20,12,WE,1,1
..\data\raw\grabmyo\1.1.0\Session2\session2_participant20\session2_participant20_gesture12_trial2,2,20,12,WE,1,2
..\data\raw\grabmyo\1.1.0\Session2\session2_participant20\session2_participant20_gesture12_trial3,2,20,12,WE,1,3
..\data\raw\grabmyo\1.1.0\Session2\session2_participant20\session2_participant20_gesture12_trial4,2,20,12,WE,1,4
..\data\raw\grabmyo\1.1.0\Session2\session2_participant20\session2_participant20_gesture12_trial5,2,20,12,WE,1,5
..\data\raw\grabmyo\1.1.0\Session2\session2_participant20\session2_participant20_gesture12_trial6,2,20,12,WE,1,6
..\data\raw\grabmyo\1.1.0\Session2\session2_participant20\session2_participant20_gesture12_trial7,2,20,12,WE,1,7
..\data\raw\grabmyo\1.1.0\Session2\session2_participant20\session2_participant20_gesture15_trial1,2,20,15,HO,2,1
..\data\raw\grabmyo\1.1.0\Session2\session2_participant20\session2_participant20_gesture15_trial2,2,20,15,HO,2,2
..\data\raw\grabmyo\1.1.0\Session2\session2_participant20\session2_participant20_gesture15_trial3,2,20,15,HO,2,3
..\data\raw\grabmyo\1.1.0\Session2\session2_participant20\session2_participant20_gesture15_trial4,2,20,15,HO,2,4
..\data\raw\grabmyo\1.1.0\Session2\session2_participant20\session2_participant20_gesture15_trial5,2,20,15,HO,2,5
..\data\raw\grabmyo\1.1.0\Session2\session2_participant20\session2_participant20_gesture15_trial6,2,20,15,HO,2,6
..\data\raw\grabmyo\1.1.0\Session2\session2_participant20\session2_participant20_gesture15_trial7,2,20,15,HO,2,7
..\data\raw\grabmyo\1.1.0\Session2\session2_participant20\session2_participant20_gesture16_trial1,2,20,16,HC,3,1
..\data\raw\grabmyo\1.1.0\Session2\session2_participant20\session2_participant20_gesture16_trial2,2,20,16,HC,3,2
..\data\raw\grabmyo\1.1.0\Session2\session2_participant20\session2_participant20_gesture16_trial3,2,20,16,HC,3,3
..\data\raw\grabmyo\1.1.0\Session2\session2_participant20\session2_participant20_gesture16_trial4,2,20,16,HC,3,4
..\data\raw\grabmyo\1.1.0\Session2\session2_participant20\session2_participant20_gesture16_trial5,2,20,16,HC,3,5
..\data\raw\grabmyo\1.1.0\Session2\session2_participant20\session2_participant20_gesture16_trial6,2,20,16,HC,3,6
..\data\raw\grabmyo\1.1.0\Session2\session2_participant20\session2_participant20_gesture16_trial7,2,20,16,HC,3,7
..\data\raw\grabmyo\1.1.0\Session3\session3_participant20\session3_participant20_gesture11_trial1,3,20,11,WF,0,1
..\data\raw\grabmyo\1.1.0\Session3\session3_participant20\session3_participant20_gesture11_trial2,3,20,11,WF,0,2
..\data\raw\grabmyo\1.1.0\Session3\session3_participant20\session3_participant20_gesture11_trial3,3,20,11,WF,0,3
..\data\raw\grabmyo\1.1.0\Session3\session3_participant20\session3_participant20_gesture11_trial4,3,20,11,WF,0,4
..\data\raw\grabmyo\1.1.0\Session3\session3_participant20\session3_participant20_gesture11_trial5,3,20,11,WF,0,5
..\data\raw\grabmyo\1.1.0\Session3\session3_participant20\session3_participant20_gesture11_trial6,3,20,11,WF,0,6
..\data\raw\grabmyo\1.1.0\Session3\session3_participant20\session3_participant20_gesture11_trial7,3,20,11,WF,0,7
..\data\raw\grabmyo\1.1.0\Session3\session3_participant20\session3_participant20_gesture12_trial1,3,20,12,WE,1,1
..\data\raw\grabmyo\1.1.0\Session3\session3_participant20\session3_participant20_gesture12_trial2,3,20,12,WE,1,2
..\data\raw\grabmyo\1.1.0\Session3\session3_participant20\session3_participant20_gesture12_trial3,3,20,12,WE,1,3
..\data\raw\grabmyo\1.1.0\Session3\session3_participant20\session3_participant20_gesture12_trial4,3,20,12,WE,1,4
..\data\raw\grabmyo\1.1.0\Session3\session3_participant20\session3_participant20_gesture12_trial5,3,20,12,WE,1,5
..\data\raw\grabmyo\1.1.0\Session3\session3_participant20\session3_participant20_gesture12_trial6,3,20,12,WE,1,6
..\data\raw\grabmyo\1.1.0\Session3\session3_participant20\session3_participant20_gesture12_trial7,3,20,12,WE,1,7
..\data\raw\grabmyo\1.1.0\Session3\session3_participant20\session3_participant20_gesture15_trial1,3,20,15,HO,2,1
..\data\raw\grabmyo\1.1.0\Session3\session3_participant20\session3_participant20_gesture15_trial2,3,20,15,HO,2,2
..\data\raw\grabmyo\1.1.0\Session3\session3_participant20\session3_participant20_gesture15_trial3,3,20,15,HO,2,3
..\data\raw\grabmyo\1.1.0\Session3\session3_participant20\session3_participant20_gesture15_trial4,3,20,15,HO,2,4
..\data\raw\grabmyo\1.1.0\Session3\session3_participant20\session3_participant20_gesture15_trial5,3,20,15,HO,2,5
..\data\raw\grabmyo\1.1.0\Session3\session3_participant20\session3_participant20_gesture15_trial6,3,20,15,HO,2,6
..\data\raw\grabmyo\1.1.0\Session3\session3_participant20\session3_participant20_gesture15_trial7,3,20,15,HO,2,7
..\data\raw\grabmyo\1.1.0\Session3\session3_participant20\session3_participant20_gesture16_trial1,3,20,16,HC,3,1
..\data\raw\grabmyo\1.1.0\Session3\session3_participant20\session3_participant20_gesture16_trial2,3,20,16,HC,3,2
..\data\raw\grabmyo\1.1.0\Session3\session3_participant20\session3_participant20_gesture16_trial3,3,20,16,HC,3,3
..\data\raw\grabmyo\1.1.0\Session3\session3_participant20\session3_participant20_gesture16_trial4,3,20,16,HC,3,4
..\data\raw\grabmyo\1.1.0\Session3\session3_participant20\session3_participant20_gesture16_trial5,3,20,16,HC,3,5
..\data\raw\grabmyo\1.1.0\Session3\session3_participant20\session3_participant20_gesture16_trial6,3,20,16,HC,3,6
..\data\raw\grabmyo\1.1.0\Session3\session3_participant20\session3_participant20_gesture16_trial7,3,20,16,HC,3,7
..\data\raw\grabmyo\1.1.0\Session1\session1_participant21\session1_participant21_gesture11_trial1,1,21,11,WF,0,1
..\data\raw\grabmyo\1.1.0\Session1\session1_participant21\session1_participant21_gesture11_trial2,1,21,11,WF,0,2
..\data\raw\grabmyo\1.1.0\Session1\session1_participant21\session1_participant21_gesture11_trial3,1,21,11,WF,0,3
..\data\raw\grabmyo\1.1.0\Session1\session1_participant21\session1_participant21_gesture11_trial4,1,21,11,WF,0,4
..\data\raw\grabmyo\1.1.0\Session1\session1_participant21\session1_participant21_gesture11_trial5,1,21,11,WF,0,5
..\data\raw\grabmyo\1.1.0\Session1\session1_participant21\session1_participant21_gesture11_trial6,1,21,11,WF,0,6
..\data\raw\grabmyo\1.1.0\Session1\session1_participant21\session1_participant21_gesture11_trial7,1,21,11,WF,0,7
..\data\raw\grabmyo\1.1.0\Session1\session1_participant21\session1_participant21_gesture12_trial1,1,21,12,WE,1,1
..\data\raw\grabmyo\1.1.0\Session1\session1_participant21\session1_participant21_gesture12_trial2,1,21,12,WE,1,2
..\data\raw\grabmyo\1.1.0\Session1\session1_participant21\session1_participant21_gesture12_trial3,1,21,12,WE,1,3
..\data\raw\grabmyo\1.1.0\Session1\session1_participant21\session1_participant21_gesture12_trial4,1,21,12,WE,1,4
..\data\raw\grabmyo\1.1.0\Session1\session1_participant21\session1_participant21_gesture12_trial5,1,21,12,WE,1,5
..\data\raw\grabmyo\1.1.0\Session1\session1_participant21\session1_participant21_gesture12_trial6,1,21,12,WE,1,6
..\data\raw\grabmyo\1.1.0\Session1\session1_participant21\session1_participant21_gesture12_trial7,1,21,12,WE,1,7
..\data\raw\grabmyo\1.1.0\Session1\session1_participant21\session1_participant21_gesture15_trial1,1,21,15,HO,2,1
..\data\raw\grabmyo\1.1.0\Session1\session1_participant21\session1_participant21_gesture15_trial2,1,21,15,HO,2,2
..\data\raw\grabmyo\1.1.0\Session1\session1_participant21\session1_participant21_gesture15_trial3,1,21,15,HO,2,3
..\data\raw\grabmyo\1.1.0\Session1\session1_participant21\session1_participant21_gesture15_trial4,1,21,15,HO,2,4
..\data\raw\grabmyo\1.1.0\Session1\session1_participant21\session1_participant21_gesture15_trial5,1,21,15,HO,2,5
..\data\raw\grabmyo\1.1.0\Session1\session1_participant21\session1_participant21_gesture15_trial6,1,21,15,HO,2,6
..\data\raw\grabmyo\1.1.0\Session1\session1_participant21\session1_participant21_gesture15_trial7,1,21,15,HO,2,7
..\data\raw\grabmyo\1.1.0\Session1\session1_participant21\session1_participant21_gesture16_trial1,1,21,16,HC,3,1
..\data\raw\grabmyo\1.1.0\Session1\session1_participant21\session1_participant21_gesture16_trial2,1,21,16,HC,3,2
..\data\raw\grabmyo\1.1.0\Session1\session1_participant21\session1_participant21_gesture16_trial3,1,21,16,HC,3,3
..\data\raw\grabmyo\1.1.0\Session1\session1_participant21\session1_participant21_gesture16_trial4,1,21,16,HC,3,4
..\data\raw\grabmyo\1.1.0\Session1\session1_participant21\session1_participant21_gesture16_trial5,1,21,16,HC,3,5
..\data\raw\grabmyo\1.1.0\Session1\session1_participant21\session1_participant21_gesture16_trial6,1,21,16,HC,3,6
..\data\raw\grabmyo\1.1.0\Session1\session1_participant21\session1_participant21_gesture16_trial7,1,21,16,HC,3,7
..\data\raw\grabmyo\1.1.0\Session2\session2_participant21\session2_participant21_gesture11_trial1,2,21,11,WF,0,1
..\data\raw\grabmyo\1.1.0\Session2\session2_participant21\session2_participant21_gesture11_trial2,2,21,11,WF,0,2
..\data\raw\grabmyo\1.1.0\Session2\session2_participant21\session2_participant21_gesture11_trial3,2,21,11,WF,0,3
..\data\raw\grabmyo\1.1.0\Session2\session2_participant21\session2_participant21_gesture11_trial4,2,21,11,WF,0,4
..\data\raw\grabmyo\1.1.0\Session2\session2_participant21\session2_participant21_gesture11_trial5,2,21,11,WF,0,5
..\data\raw\grabmyo\1.1.0\Session2\session2_participant21\session2_participant21_gesture11_trial6,2,21,11,WF,0,6
..\data\raw\grabmyo\1.1.0\Session2\session2_participant21\session2_participant21_gesture11_trial7,2,21,11,WF,0,7
..\data\raw\grabmyo\1.1.0\Session2\session2_participant21\session2_participant21_gesture12_trial1,2,21,12,WE,1,1
..\data\raw\grabmyo\1.1.0\Session2\session2_participant21\session2_participant21_gesture12_trial2,2,21,12,WE,1,2
..\data\raw\grabmyo\1.1.0\Session2\session2_participant21\session2_participant21_gesture12_trial3,2,21,12,WE,1,3
..\data\raw\grabmyo\1.1.0\Session2\session2_participant21\session2_participant21_gesture12_trial4,2,21,12,WE,1,4
..\data\raw\grabmyo\1.1.0\Session2\session2_participant21\session2_participant21_gesture12_trial5,2,21,12,WE,1,5
..\data\raw\grabmyo\1.1.0\Session2\session2_participant21\session2_participant21_gesture12_trial6,2,21,12,WE,1,6
..\data\raw\grabmyo\1.1.0\Session2\session2_participant21\session2_participant21_gesture12_trial7,2,21,12,WE,1,7
..\data\raw\grabmyo\1.1.0\Session2\session2_participant21\session2_participant21_gesture15_trial1,2,21,15,HO,2,1
..\data\raw\grabmyo\1.1.0\Session2\session2_participant21\session2_participant21_gesture15_trial2,2,21,15,HO,2,2
..\data\raw\grabmyo\1.1.0\Session2\session2_participant21\session2_participant21_gesture15_trial3,2,21,15,HO,2,3
..\data\raw\grabmyo\1.1.0\Session2\session2_participant21\session2_participant21_gesture15_trial4,2,21,15,HO,2,4
..\data\raw\grabmyo\1.1.0\Session2\session2_participant21\session2_participant21_gesture15_trial5,2,21,15,HO,2,5
..\data\raw\grabmyo\1.1.0\Session2\session2_participant21\session2_participant21_gesture15_trial6,2,21,15,HO,2,6
..\data\raw\grabmyo\1.1.0\Session2\session2_participant21\session2_participant21_gesture15_trial7,2,21,15,HO,2,7
..\data\raw\grabmyo\1.1.0\Session2\session2_participant21\session2_participant21_gesture16_trial1,2,21,16,HC,3,1
..\data\raw\grabmyo\1.1.0\Session2\session2_participant21\session2_participant21_gesture16_trial2,2,21,16,HC,3,2
..\data\raw\grabmyo\1.1.0\Session2\session2_participant21\session2_participant21_gesture16_trial3,2,21,16,HC,3,3
..\data\raw\grabmyo\1.1.0\Session2\session2_participant21\session2_participant21_gesture16_trial4,2,21,16,HC,3,4
..\data\raw\grabmyo\1.1.0\Session2\session2_participant21\session2_participant21_gesture16_trial5,2,21,16,HC,3,5
..\data\raw\grabmyo\1.1.0\Session2\session2_participant21\session2_participant21_gesture16_trial6,2,21,16,HC,3,6
..\data\raw\grabmyo\1.1.0\Session2\session2_participant21\session2_participant21_gesture16_trial7,2,21,16,HC,3,7
..\data\raw\grabmyo\1.1.0\Session3\session3_participant21\session3_participant21_gesture11_trial1,3,21,11,WF,0,1
..\data\raw\grabmyo\1.1.0\Session3\session3_participant21\session3_participant21_gesture11_trial2,3,21,11,WF,0,2
..\data\raw\grabmyo\1.1.0\Session3\session3_participant21\session3_participant21_gesture11_trial3,3,21,11,WF,0,3
..\data\raw\grabmyo\1.1.0\Session3\session3_participant21\session3_participant21_gesture11_trial4,3,21,11,WF,0,4
..\data\raw\grabmyo\1.1.0\Session3\session3_participant21\session3_participant21_gesture11_trial5,3,21,11,WF,0,5
..\data\raw\grabmyo\1.1.0\Session3\session3_participant21\session3_participant21_gesture11_trial6,3,21,11,WF,0,6
..\data\raw\grabmyo\1.1.0\Session3\session3_participant21\session3_participant21_gesture11_trial7,3,21,11,WF,0,7
..\data\raw\grabmyo\1.1.0\Session3\session3_participant21\session3_participant21_gesture12_trial1,3,21,12,WE,1,1
..\data\raw\grabmyo\1.1.0\Session3\session3_participant21\session3_participant21_gesture12_trial2,3,21,12,WE,1,2
..\data\raw\grabmyo\1.1.0\Session3\session3_participant21\session3_participant21_gesture12_trial3,3,21,12,WE,1,3
..\data\raw\grabmyo\1.1.0\Session3\session3_participant21\session3_participant21_gesture12_trial4,3,21,12,WE,1,4
..\data\raw\grabmyo\1.1.0\Session3\session3_participant21\session3_participant21_gesture12_trial5,3,21,12,WE,1,5
..\data\raw\grabmyo\1.1.0\Session3\session3_participant21\session3_participant21_gesture12_trial6,3,21,12,WE,1,6
..\data\raw\grabmyo\1.1.0\Session3\session3_participant21\session3_participant21_gesture12_trial7,3,21,12,WE,1,7
..\data\raw\grabmyo\1.1.0\Session3\session3_participant21\session3_participant21_gesture15_trial1,3,21,15,HO,2,1
..\data\raw\grabmyo\1.1.0\Session3\session3_participant21\session3_participant21_gesture15_trial2,3,21,15,HO,2,2
..\data\raw\grabmyo\1.1.0\Session3\session3_participant21\session3_participant21_gesture15_trial3,3,21,15,HO,2,3
..\data\raw\grabmyo\1.1.0\Session3\session3_participant21\session3_participant21_gesture15_trial4,3,21,15,HO,2,4
..\data\raw\grabmyo\1.1.0\Session3\session3_participant21\session3_participant21_gesture15_trial5,3,21,15,HO,2,5
..\data\raw\grabmyo\1.1.0\Session3\session3_participant21\session3_participant21_gesture15_trial6,3,21,15,HO,2,6
..\data\raw\grabmyo\1.1.0\Session3\session3_participant21\session3_participant21_gesture15_trial7,3,21,15,HO,2,7
..\data\raw\grabmyo\1.1.0\Session3\session3_participant21\session3_participant21_gesture16_trial1,3,21,16,HC,3,1
..\data\raw\grabmyo\1.1.0\Session3\session3_participant21\session3_participant21_gesture16_trial2,3,21,16,HC,3,2
..\data\raw\grabmyo\1.1.0\Session3\session3_participant21\session3_participant21_gesture16_trial3,3,21,16,HC,3,3
..\data\raw\grabmyo\1.1.0\Session3\session3_participant21\session3_participant21_gesture16_trial4,3,21,16,HC,3,4
..\data\raw\grabmyo\1.1.0\Session3\session3_participant21\session3_participant21_gesture16_trial5,3,21,16,HC,3,5
..\data\raw\grabmyo\1.1.0\Session3\session3_participant21\session3_participant21_gesture16_trial6,3,21,16,HC,3,6
..\data\raw\grabmyo\1.1.0\Session3\session3_participant21\session3_participant21_gesture16_trial7,3,21,16,HC,3,7
..\data\raw\grabmyo\1.1.0\Session1\session1_participant22\session1_participant22_gesture11_trial1,1,22,11,WF,0,1
..\data\raw\grabmyo\1.1.0\Session1\session1_participant22\session1_participant22_gesture11_trial2,1,22,11,WF,0,2
..\data\raw\grabmyo\1.1.0\Session1\session1_participant22\session1_participant22_gesture11_trial3,1,22,11,WF,0,3
..\data\raw\grabmyo\1.1.0\Session1\session1_participant22\session1_participant22_gesture11_trial4,1,22,11,WF,0,4
..\data\raw\grabmyo\1.1.0\Session1\session1_participant22\session1_participant22_gesture11_trial5,1,22,11,WF,0,5
..\data\raw\grabmyo\1.1.0\Session1\session1_participant22\session1_participant22_gesture11_trial6,1,22,11,WF,0,6
..\data\raw\grabmyo\1.1.0\Session1\session1_participant22\session1_participant22_gesture11_trial7,1,22,11,WF,0,7
..\data\raw\grabmyo\1.1.0\Session1\session1_participant22\session1_participant22_gesture12_trial1,1,22,12,WE,1,1
..\data\raw\grabmyo\1.1.0\Session1\session1_participant22\session1_participant22_gesture12_trial2,1,22,12,WE,1,2
..\data\raw\grabmyo\1.1.0\Session1\session1_participant22\session1_participant22_gesture12_trial3,1,22,12,WE,1,3
..\data\raw\grabmyo\1.1.0\Session1\session1_participant22\session1_participant22_gesture12_trial4,1,22,12,WE,1,4
..\data\raw\grabmyo\1.1.0\Session1\session1_participant22\session1_participant22_gesture12_trial5,1,22,12,WE,1,5
..\data\raw\grabmyo\1.1.0\Session1\session1_participant22\session1_participant22_gesture12_trial6,1,22,12,WE,1,6
..\data\raw\grabmyo\1.1.0\Session1\session1_participant22\session1_participant22_gesture12_trial7,1,22,12,WE,1,7
..\data\raw\grabmyo\1.1.0\Session1\session1_participant22\session1_participant22_gesture15_trial1,1,22,15,HO,2,1
..\data\raw\grabmyo\1.1.0\Session1\session1_participant22\session1_participant22_gesture15_trial2,1,22,15,HO,2,2
..\data\raw\grabmyo\1.1.0\Session1\session1_participant22\session1_participant22_gesture15_trial3,1,22,15,HO,2,3
..\data\raw\grabmyo\1.1.0\Session1\session1_participant22\session1_participant22_gesture15_trial4,1,22,15,HO,2,4
..\data\raw\grabmyo\1.1.0\Session1\session1_participant22\session1_participant22_gesture15_trial5,1,22,15,HO,2,5
..\data\raw\grabmyo\1.1.0\Session1\session1_participant22\session1_participant22_gesture15_trial6,1,22,15,HO,2,6
..\data\raw\grabmyo\1.1.0\Session1\session1_participant22\session1_participant22_gesture15_trial7,1,22,15,HO,2,7
..\data\raw\grabmyo\1.1.0\Session1\session1_participant22\session1_participant22_gesture16_trial1,1,22,16,HC,3,1
..\data\raw\grabmyo\1.1.0\Session1\session1_participant22\session1_participant22_gesture16_trial2,1,22,16,HC,3,2
..\data\raw\grabmyo\1.1.0\Session1\session1_participant22\session1_participant22_gesture16_trial3,1,22,16,HC,3,3
..\data\raw\grabmyo\1.1.0\Session1\session1_participant22\session1_participant22_gesture16_trial4,1,22,16,HC,3,4
..\data\raw\grabmyo\1.1.0\Session1\session1_participant22\session1_participant22_gesture16_trial5,1,22,16,HC,3,5
..\data\raw\grabmyo\1.1.0\Session1\session1_participant22\session1_participant22_gesture16_trial6,1,22,16,HC,3,6
..\data\raw\grabmyo\1.1.0\Session1\session1_participant22\session1_participant22_gesture16_trial7,1,22,16,HC,3,7
..\data\raw\grabmyo\1.1.0\Session2\session2_participant22\session2_participant22_gesture11_trial1,2,22,11,WF,0,1
..\data\raw\grabmyo\1.1.0\Session2\session2_participant22\session2_participant22_gesture11_trial2,2,22,11,WF,0,2
..\data\raw\grabmyo\1.1.0\Session2\session2_participant22\session2_participant22_gesture11_trial3,2,22,11,WF,0,3
..\data\raw\grabmyo\1.1.0\Session2\session2_participant22\session2_participant22_gesture11_trial4,2,22,11,WF,0,4
..\data\raw\grabmyo\1.1.0\Session2\session2_participant22\session2_participant22_gesture11_trial5,2,22,11,WF,0,5
..\data\raw\grabmyo\1.1.0\Session2\session2_participant22\session2_participant22_gesture11_trial6,2,22,11,WF,0,6
..\data\raw\grabmyo\1.1.0\Session2\session2_participant22\session2_participant22_gesture11_trial7,2,22,11,WF,0,7
..\data\raw\grabmyo\1.1.0\Session2\session2_participant22\session2_participant22_gesture12_trial1,2,22,12,WE,1,1
..\data\raw\grabmyo\1.1.0\Session2\session2_participant22\session2_participant22_gesture12_trial2,2,22,12,WE,1,2
..\data\raw\grabmyo\1.1.0\Session2\session2_participant22\session2_participant22_gesture12_trial3,2,22,12,WE,1,3
..\data\raw\grabmyo\1.1.0\Session2\session2_participant22\session2_participant22_gesture12_trial4,2,22,12,WE,1,4
..\data\raw\grabmyo\1.1.0\Session2\session2_participant22\session2_participant22_gesture12_trial5,2,22,12,WE,1,5
..\data\raw\grabmyo\1.1.0\Session2\session2_participant22\session2_participant22_gesture12_trial6,2,22,12,WE,1,6
..\data\raw\grabmyo\1.1.0\Session2\session2_participant22\session2_participant22_gesture12_trial7,2,22,12,WE,1,7
..\data\raw\grabmyo\1.1.0\Session2\session2_participant22\session2_participant22_gesture15_trial1,2,22,15,HO,2,1
..\data\raw\grabmyo\1.1.0\Session2\session2_participant22\session2_participant22_gesture15_trial2,2,22,15,HO,2,2
..\data\raw\grabmyo\1.1.0\Session2\session2_participant22\session2_participant22_gesture15_trial3,2,22,15,HO,2,3
..\data\raw\grabmyo\1.1.0\Session2\session2_participant22\session2_participant22_gesture15_trial4,2,22,15,HO,2,4
..\data\raw\grabmyo\1.1.0\Session2\session2_participant22\session2_participant22_gesture15_trial5,2,22,15,HO,2,5
..\data\raw\grabmyo\1.1.0\Session2\session2_participant22\session2_participant22_gesture15_trial6,2,22,15,HO,2,6
..\data\raw\grabmyo\1.1.0\Session2\session2_participant22\session2_participant22_gesture15_trial7,2,22,15,HO,2,7
..\data\raw\grabmyo\1.1.0\Session2\session2_participant22\session2_participant22_gesture16_trial1,2,22,16,HC,3,1
..\data\raw\grabmyo\1.1.0\Session2\session2_participant22\session2_participant22_gesture16_trial2,2,22,16,HC,3,2
..\data\raw\grabmyo\1.1.0\Session2\session2_participant22\session2_participant22_gesture16_trial3,2,22,16,HC,3,3
..\data\raw\grabmyo\1.1.0\Session2\session2_participant22\session2_participant22_gesture16_trial4,2,22,16,HC,3,4
..\data\raw\grabmyo\1.1.0\Session2\session2_participant22\session2_participant22_gesture16_trial5,2,22,16,HC,3,5
..\data\raw\grabmyo\1.1.0\Session2\session2_participant22\session2_participant22_gesture16_trial6,2,22,16,HC,3,6
..\data\raw\grabmyo\1.1.0\Session2\session2_participant22\session2_participant22_gesture16_trial7,2,22,16,HC,3,7
..\data\raw\grabmyo\1.1.0\Session3\session3_participant22\session3_participant22_gesture11_trial1,3,22,11,WF,0,1
..\data\raw\grabmyo\1.1.0\Session3\session3_participant22\session3_participant22_gesture11_trial2,3,22,11,WF,0,2
..\data\raw\grabmyo\1.1.0\Session3\session3_participant22\session3_participant22_gesture11_trial3,3,22,11,WF,0,3
..\data\raw\grabmyo\1.1.0\Session3\session3_participant22\session3_participant22_gesture11_trial4,3,22,11,WF,0,4
..\data\raw\grabmyo\1.1.0\Session3\session3_participant22\session3_participant22_gesture11_trial5,3,22,11,WF,0,5
..\data\raw\grabmyo\1.1.0\Session3\session3_participant22\session3_participant22_gesture11_trial6,3,22,11,WF,0,6
..\data\raw\grabmyo\1.1.0\Session3\session3_participant22\session3_participant22_gesture11_trial7,3,22,11,WF,0,7
..\data\raw\grabmyo\1.1.0\Session3\session3_participant22\session3_participant22_gesture12_trial1,3,22,12,WE,1,1
..\data\raw\grabmyo\1.1.0\Session3\session3_participant22\session3_participant22_gesture12_trial2,3,22,12,WE,1,2
..\data\raw\grabmyo\1.1.0\Session3\session3_participant22\session3_participant22_gesture12_trial3,3,22,12,WE,1,3
..\data\raw\grabmyo\1.1.0\Session3\session3_participant22\session3_participant22_gesture12_trial4,3,22,12,WE,1,4
..\data\raw\grabmyo\1.1.0\Session3\session3_participant22\session3_participant22_gesture12_trial5,3,22,12,WE,1,5
..\data\raw\grabmyo\1.1.0\Session3\session3_participant22\session3_participant22_gesture12_trial6,3,22,12,WE,1,6
..\data\raw\grabmyo\1.1.0\Session3\session3_participant22\session3_participant22_gesture12_trial7,3,22,12,WE,1,7
..\data\raw\grabmyo\1.1.0\Session3\session3_participant22\session3_participant22_gesture15_trial1,3,22,15,HO,2,1
..\data\raw\grabmyo\1.1.0\Session3\session3_participant22\session3_participant22_gesture15_trial2,3,22,15,HO,2,2
..\data\raw\grabmyo\1.1.0\Session3\session3_participant22\session3_participant22_gesture15_trial3,3,22,15,HO,2,3
..\data\raw\grabmyo\1.1.0\Session3\session3_participant22\session3_participant22_gesture15_trial4,3,22,15,HO,2,4
..\data\raw\grabmyo\1.1.0\Session3\session3_participant22\session3_participant22_gesture15_trial5,3,22,15,HO,2,5
..\data\raw\grabmyo\1.1.0\Session3\session3_participant22\session3_participant22_gesture15_trial6,3,22,15,HO,2,6
..\data\raw\grabmyo\1.1.0\Session3\session3_participant22\session3_participant22_gesture15_trial7,3,22,15,HO,2,7
..\data\raw\grabmyo\1.1.0\Session3\session3_participant22\session3_participant22_gesture16_trial1,3,22,16,HC,3,1
..\data\raw\grabmyo\1.1.0\Session3\session3_participant22\session3_participant22_gesture16_trial2,3,22,16,HC,3,2
..\data\raw\grabmyo\1.1.0\Session3\session3_participant22\session3_participant22_gesture16_trial3,3,22,16,HC,3,3
..\data\raw\grabmyo\1.1.0\Session3\session3_participant22\session3_participant22_gesture16_trial4,3,22,16,HC,3,4
..\data\raw\grabmyo\1.1.0\Session3\session3_participant22\session3_participant22_gesture16_trial5,3,22,16,HC,3,5
..\data\raw\grabmyo\1.1.0\Session3\session3_participant22\session3_participant22_gesture16_trial6,3,22,16,HC,3,6
..\data\raw\grabmyo\1.1.0\Session3\session3_participant22\session3_participant22_gesture16_trial7,3,22,16,HC,3,7
..\data\raw\grabmyo\1.1.0\Session1\session1_participant23\session1_participant23_gesture11_trial1,1,23,11,WF,0,1
..\data\raw\grabmyo\1.1.0\Session1\session1_participant23\session1_participant23_gesture11_trial2,1,23,11,WF,0,2
..\data\raw\grabmyo\1.1.0\Session1\session1_participant23\session1_participant23_gesture11_trial3,1,23,11,WF,0,3
..\data\raw\grabmyo\1.1.0\Session1\session1_participant23\session1_participant23_gesture11_trial4,1,23,11,WF,0,4
..\data\raw\grabmyo\1.1.0\Session1\session1_participant23\session1_participant23_gesture11_trial5,1,23,11,WF,0,5
..\data\raw\grabmyo\1.1.0\Session1\session1_participant23\session1_participant23_gesture11_trial6,1,23,11,WF,0,6
..\data\raw\grabmyo\1.1.0\Session1\session1_participant23\session1_participant23_gesture11_trial7,1,23,11,WF,0,7
..\data\raw\grabmyo\1.1.0\Session1\session1_participant23\session1_participant23_gesture12_trial1,1,23,12,WE,1,1
..\data\raw\grabmyo\1.1.0\Session1\session1_participant23\session1_participant23_gesture12_trial2,1,23,12,WE,1,2
..\data\raw\grabmyo\1.1.0\Session1\session1_participant23\session1_participant23_gesture12_trial3,1,23,12,WE,1,3
..\data\raw\grabmyo\1.1.0\Session1\session1_participant23\session1_participant23_gesture12_trial4,1,23,12,WE,1,4
..\data\raw\grabmyo\1.1.0\Session1\session1_participant23\session1_participant23_gesture12_trial5,1,23,12,WE,1,5
..\data\raw\grabmyo\1.1.0\Session1\session1_participant23\session1_participant23_gesture12_trial6,1,23,12,WE,1,6
..\data\raw\grabmyo\1.1.0\Session1\session1_participant23\session1_participant23_gesture12_trial7,1,23,12,WE,1,7
..\data\raw\grabmyo\1.1.0\Session1\session1_participant23\session1_participant23_gesture15_trial1,1,23,15,HO,2,1
..\data\raw\grabmyo\1.1.0\Session1\session1_participant23\session1_participant23_gesture15_trial2,1,23,15,HO,2,2
..\data\raw\grabmyo\1.1.0\Session1\session1_participant23\session1_participant23_gesture15_trial3,1,23,15,HO,2,3
..\data\raw\grabmyo\1.1.0\Session1\session1_participant23\session1_participant23_gesture15_trial4,1,23,15,HO,2,4
..\data\raw\grabmyo\1.1.0\Session1\session1_participant23\session1_participant23_gesture15_trial5,1,23,15,HO,2,5
..\data\raw\grabmyo\1.1.0\Session1\session1_participant23\session1_participant23_gesture15_trial6,1,23,15,HO,2,6
..\data\raw\grabmyo\1.1.0\Session1\session1_participant23\session1_participant23_gesture15_trial7,1,23,15,HO,2,7
..\data\raw\grabmyo\1.1.0\Session1\session1_participant23\session1_participant23_gesture16_trial1,1,23,16,HC,3,1
..\data\raw\grabmyo\1.1.0\Session1\session1_participant23\session1_participant23_gesture16_trial2,1,23,16,HC,3,2
..\data\raw\grabmyo\1.1.0\Session1\session1_participant23\session1_participant23_gesture16_trial3,1,23,16,HC,3,3
..\data\raw\grabmyo\1.1.0\Session1\session1_participant23\session1_participant23_gesture16_trial4,1,23,16,HC,3,4
..\data\raw\grabmyo\1.1.0\Session1\session1_participant23\session1_participant23_gesture16_trial5,1,23,16,HC,3,5
..\data\raw\grabmyo\1.1.0\Session1\session1_participant23\session1_participant23_gesture16_trial6,1,23,16,HC,3,6
..\data\raw\grabmyo\1.1.0\Session1\session1_participant23\session1_participant23_gesture16_trial7,1,23,16,HC,3,7
..\data\raw\grabmyo\1.1.0\Session2\session2_participant23\session2_participant23_gesture11_trial1,2,23,11,WF,0,1
..\data\raw\grabmyo\1.1.0\Session2\session2_participant23\session2_participant23_gesture11_trial2,2,23,11,WF,0,2
..\data\raw\grabmyo\1.1.0\Session2\session2_participant23\session2_participant23_gesture11_trial3,2,23,11,WF,0,3
..\data\raw\grabmyo\1.1.0\Session2\session2_participant23\session2_participant23_gesture11_trial4,2,23,11,WF,0,4
..\data\raw\grabmyo\1.1.0\Session2\session2_participant23\session2_participant23_gesture11_trial5,2,23,11,WF,0,5
..\data\raw\grabmyo\1.1.0\Session2\session2_participant23\session2_participant23_gesture11_trial6,2,23,11,WF,0,6
..\data\raw\grabmyo\1.1.0\Session2\session2_participant23\session2_participant23_gesture11_trial7,2,23,11,WF,0,7
..\data\raw\grabmyo\1.1.0\Session2\session2_participant23\session2_participant23_gesture12_trial1,2,23,12,WE,1,1
..\data\raw\grabmyo\1.1.0\Session2\session2_participant23\session2_participant23_gesture12_trial2,2,23,12,WE,1,2
..\data\raw\grabmyo\1.1.0\Session2\session2_participant23\session2_participant23_gesture12_trial3,2,23,12,WE,1,3
..\data\raw\grabmyo\1.1.0\Session2\session2_participant23\session2_participant23_gesture12_trial4,2,23,12,WE,1,4
..\data\raw\grabmyo\1.1.0\Session2\session2_participant23\session2_participant23_gesture12_trial5,2,23,12,WE,1,5
..\data\raw\grabmyo\1.1.0\Session2\session2_participant23\session2_participant23_gesture12_trial6,2,23,12,WE,1,6
..\data\raw\grabmyo\1.1.0\Session2\session2_participant23\session2_participant23_gesture12_trial7,2,23,12,WE,1,7
..\data\raw\grabmyo\1.1.0\Session2\session2_participant23\session2_participant23_gesture15_trial1,2,23,15,HO,2,1
..\data\raw\grabmyo\1.1.0\Session2\session2_participant23\session2_participant23_gesture15_trial2,2,23,15,HO,2,2
..\data\raw\grabmyo\1.1.0\Session2\session2_participant23\session2_participant23_gesture15_trial3,2,23,15,HO,2,3
..\data\raw\grabmyo\1.1.0\Session2\session2_participant23\session2_participant23_gesture15_trial4,2,23,15,HO,2,4
..\data\raw\grabmyo\1.1.0\Session2\session2_participant23\session2_participant23_gesture15_trial5,2,23,15,HO,2,5
..\data\raw\grabmyo\1.1.0\Session2\session2_participant23\session2_participant23_gesture15_trial6,2,23,15,HO,2,6
..\data\raw\grabmyo\1.1.0\Session2\session2_participant23\session2_participant23_gesture15_trial7,2,23,15,HO,2,7
..\data\raw\grabmyo\1.1.0\Session2\session2_participant23\session2_participant23_gesture16_trial1,2,23,16,HC,3,1
..\data\raw\grabmyo\1.1.0\Session2\session2_participant23\session2_participant23_gesture16_trial2,2,23,16,HC,3,2
..\data\raw\grabmyo\1.1.0\Session2\session2_participant23\session2_participant23_gesture16_trial3,2,23,16,HC,3,3
..\data\raw\grabmyo\1.1.0\Session2\session2_participant23\session2_participant23_gesture16_trial4,2,23,16,HC,3,4
..\data\raw\grabmyo\1.1.0\Session2\session2_participant23\session2_participant23_gesture16_trial5,2,23,16,HC,3,5
..\data\raw\grabmyo\1.1.0\Session2\session2_participant23\session2_participant23_gesture16_trial6,2,23,16,HC,3,6
..\data\raw\grabmyo\1.1.0\Session2\session2_participant23\session2_participant23_gesture16_trial7,2,23,16,HC,3,7
..\data\raw\grabmyo\1.1.0\Session3\session3_participant23\session3_participant23_gesture11_trial1,3,23,11,WF,0,1
..\data\raw\grabmyo\1.1.0\Session3\session3_participant23\session3_participant23_gesture11_trial2,3,23,11,WF,0,2
..\data\raw\grabmyo\1.1.0\Session3\session3_participant23\session3_participant23_gesture11_trial3,3,23,11,WF,0,3
..\data\raw\grabmyo\1.1.0\Session3\session3_participant23\session3_participant23_gesture11_trial4,3,23,11,WF,0,4
..\data\raw\grabmyo\1.1.0\Session3\session3_participant23\session3_participant23_gesture11_trial5,3,23,11,WF,0,5
..\data\raw\grabmyo\1.1.0\Session3\session3_participant23\session3_participant23_gesture11_trial6,3,23,11,WF,0,6
..\data\raw\grabmyo\1.1.0\Session3\session3_participant23\session3_participant23_gesture11_trial7,3,23,11,WF,0,7
..\data\raw\grabmyo\1.1.0\Session3\session3_participant23\session3_participant23_gesture12_trial1,3,23,12,WE,1,1
..\data\raw\grabmyo\1.1.0\Session3\session3_participant23\session3_participant23_gesture12_trial2,3,23,12,WE,1,2
..\data\raw\grabmyo\1.1.0\Session3\session3_participant23\session3_participant23_gesture12_trial3,3,23,12,WE,1,3
..\data\raw\grabmyo\1.1.0\Session3\session3_participant23\session3_participant23_gesture12_trial4,3,23,12,WE,1,4
..\data\raw\grabmyo\1.1.0\Session3\session3_participant23\session3_participant23_gesture12_trial5,3,23,12,WE,1,5
..\data\raw\grabmyo\1.1.0\Session3\session3_participant23\session3_participant23_gesture12_trial6,3,23,12,WE,1,6
..\data\raw\grabmyo\1.1.0\Session3\session3_participant23\session3_participant23_gesture12_trial7,3,23,12,WE,1,7
..\data\raw\grabmyo\1.1.0\Session3\session3_participant23\session3_participant23_gesture15_trial1,3,23,15,HO,2,1
..\data\raw\grabmyo\1.1.0\Session3\session3_participant23\session3_participant23_gesture15_trial2,3,23,15,HO,2,2
..\data\raw\grabmyo\1.1.0\Session3\session3_participant23\session3_participant23_gesture15_trial3,3,23,15,HO,2,3
..\data\raw\grabmyo\1.1.0\Session3\session3_participant23\session3_participant23_gesture15_trial4,3,23,15,HO,2,4
..\data\raw\grabmyo\1.1.0\Session3\session3_participant23\session3_participant23_gesture15_trial5,3,23,15,HO,2,5
..\data\raw\grabmyo\1.1.0\Session3\session3_participant23\session3_participant23_gesture15_trial6,3,23,15,HO,2,6
..\data\raw\grabmyo\1.1.0\Session3\session3_participant23\session3_participant23_gesture15_trial7,3,23,15,HO,2,7
..\data\raw\grabmyo\1.1.0\Session3\session3_participant23\session3_participant23_gesture16_trial1,3,23,16,HC,3,1
..\data\raw\grabmyo\1.1.0\Session3\session3_participant23\session3_participant23_gesture16_trial2,3,23,16,HC,3,2
..\data\raw\grabmyo\1.1.0\Session3\session3_participant23\session3_participant23_gesture16_trial3,3,23,16,HC,3,3
..\data\raw\grabmyo\1.1.0\Session3\session3_participant23\session3_participant23_gesture16_trial4,3,23,16,HC,3,4
..\data\raw\grabmyo\1.1.0\Session3\session3_participant23\session3_participant23_gesture16_trial5,3,23,16,HC,3,5
..\data\raw\grabmyo\1.1.0\Session3\session3_participant23\session3_participant23_gesture16_trial6,3,23,16,HC,3,6
..\data\raw\grabmyo\1.1.0\Session3\session3_participant23\session3_participant23_gesture16_trial7,3,23,16,HC,3,7
..\data\raw\grabmyo\1.1.0\Session1\session1_participant24\session1_participant24_gesture11_trial1,1,24,11,WF,0,1
..\data\raw\grabmyo\1.1.0\Session1\session1_participant24\session1_participant24_gesture11_trial2,1,24,11,WF,0,2
..\data\raw\grabmyo\1.1.0\Session1\session1_participant24\session1_participant24_gesture11_trial3,1,24,11,WF,0,3
..\data\raw\grabmyo\1.1.0\Session1\session1_participant24\session1_participant24_gesture11_trial4,1,24,11,WF,0,4
..\data\raw\grabmyo\1.1.0\Session1\session1_participant24\session1_participant24_gesture11_trial5,1,24,11,WF,0,5
..\data\raw\grabmyo\1.1.0\Session1\session1_participant24\session1_participant24_gesture11_trial6,1,24,11,WF,0,6
..\data\raw\grabmyo\1.1.0\Session1\session1_participant24\session1_participant24_gesture11_trial7,1,24,11,WF,0,7
..\data\raw\grabmyo\1.1.0\Session1\session1_participant24\session1_participant24_gesture12_trial1,1,24,12,WE,1,1
..\data\raw\grabmyo\1.1.0\Session1\session1_participant24\session1_participant24_gesture12_trial2,1,24,12,WE,1,2
..\data\raw\grabmyo\1.1.0\Session1\session1_participant24\session1_participant24_gesture12_trial3,1,24,12,WE,1,3
..\data\raw\grabmyo\1.1.0\Session1\session1_participant24\session1_participant24_gesture12_trial4,1,24,12,WE,1,4
..\data\raw\grabmyo\1.1.0\Session1\session1_participant24\session1_participant24_gesture12_trial5,1,24,12,WE,1,5
..\data\raw\grabmyo\1.1.0\Session1\session1_participant24\session1_participant24_gesture12_trial6,1,24,12,WE,1,6
..\data\raw\grabmyo\1.1.0\Session1\session1_participant24\session1_participant24_gesture12_trial7,1,24,12,WE,1,7
..\data\raw\grabmyo\1.1.0\Session1\session1_participant24\session1_participant24_gesture15_trial1,1,24,15,HO,2,1
..\data\raw\grabmyo\1.1.0\Session1\session1_participant24\session1_participant24_gesture15_trial2,1,24,15,HO,2,2
..\data\raw\grabmyo\1.1.0\Session1\session1_participant24\session1_participant24_gesture15_trial3,1,24,15,HO,2,3
..\data\raw\grabmyo\1.1.0\Session1\session1_participant24\session1_participant24_gesture15_trial4,1,24,15,HO,2,4
..\data\raw\grabmyo\1.1.0\Session1\session1_participant24\session1_participant24_gesture15_trial5,1,24,15,HO,2,5
..\data\raw\grabmyo\1.1.0\Session1\session1_participant24\session1_participant24_gesture15_trial6,1,24,15,HO,2,6
..\data\raw\grabmyo\1.1.0\Session1\session1_participant24\session1_participant24_gesture15_trial7,1,24,15,HO,2,7
..\data\raw\grabmyo\1.1.0\Session1\session1_participant24\session1_participant24_gesture16_trial1,1,24,16,HC,3,1
..\data\raw\grabmyo\1.1.0\Session1\session1_participant24\session1_participant24_gesture16_trial2,1,24,16,HC,3,2
..\data\raw\grabmyo\1.1.0\Session1\session1_participant24\session1_participant24_gesture16_trial3,1,24,16,HC,3,3
..\data\raw\grabmyo\1.1.0\Session1\session1_participant24\session1_participant24_gesture16_trial4,1,24,16,HC,3,4
..\data\raw\grabmyo\1.1.0\Session1\session1_participant24\session1_participant24_gesture16_trial5,1,24,16,HC,3,5
..\data\raw\grabmyo\1.1.0\Session1\session1_participant24\session1_participant24_gesture16_trial6,1,24,16,HC,3,6
..\data\raw\grabmyo\1.1.0\Session1\session1_participant24\session1_participant24_gesture16_trial7,1,24,16,HC,3,7
..\data\raw\grabmyo\1.1.0\Session2\session2_participant24\session2_participant24_gesture11_trial1,2,24,11,WF,0,1
..\data\raw\grabmyo\1.1.0\Session2\session2_participant24\session2_participant24_gesture11_trial2,2,24,11,WF,0,2
..\data\raw\grabmyo\1.1.0\Session2\session2_participant24\session2_participant24_gesture11_trial3,2,24,11,WF,0,3
..\data\raw\grabmyo\1.1.0\Session2\session2_participant24\session2_participant24_gesture11_trial4,2,24,11,WF,0,4
..\data\raw\grabmyo\1.1.0\Session2\session2_participant24\session2_participant24_gesture11_trial5,2,24,11,WF,0,5
..\data\raw\grabmyo\1.1.0\Session2\session2_participant24\session2_participant24_gesture11_trial6,2,24,11,WF,0,6
..\data\raw\grabmyo\1.1.0\Session2\session2_participant24\session2_participant24_gesture11_trial7,2,24,11,WF,0,7
..\data\raw\grabmyo\1.1.0\Session2\session2_participant24\session2_participant24_gesture12_trial1,2,24,12,WE,1,1
..\data\raw\grabmyo\1.1.0\Session2\session2_participant24\session2_participant24_gesture12_trial2,2,24,12,WE,1,2
..\data\raw\grabmyo\1.1.0\Session2\session2_participant24\session2_participant24_gesture12_trial3,2,24,12,WE,1,3
..\data\raw\grabmyo\1.1.0\Session2\session2_participant24\session2_participant24_gesture12_trial4,2,24,12,WE,1,4
..\data\raw\grabmyo\1.1.0\Session2\session2_participant24\session2_participant24_gesture12_trial5,2,24,12,WE,1,5
..\data\raw\grabmyo\1.1.0\Session2\session2_participant24\session2_participant24_gesture12_trial6,2,24,12,WE,1,6
..\data\raw\grabmyo\1.1.0\Session2\session2_participant24\session2_participant24_gesture12_trial7,2,24,12,WE,1,7
..\data\raw\grabmyo\1.1.0\Session2\session2_participant24\session2_participant24_gesture15_trial1,2,24,15,HO,2,1
..\data\raw\grabmyo\1.1.0\Session2\session2_participant24\session2_participant24_gesture15_trial2,2,24,15,HO,2,2
..\data\raw\grabmyo\1.1.0\Session2\session2_participant24\session2_participant24_gesture15_trial3,2,24,15,HO,2,3
..\data\raw\grabmyo\1.1.0\Session2\session2_participant24\session2_participant24_gesture15_trial4,2,24,15,HO,2,4
..\data\raw\grabmyo\1.1.0\Session2\session2_participant24\session2_participant24_gesture15_trial5,2,24,15,HO,2,5
..\data\raw\grabmyo\1.1.0\Session2\session2_participant24\session2_participant24_gesture15_trial6,2,24,15,HO,2,6
..\data\raw\grabmyo\1.1.0\Session2\session2_participant24\session2_participant24_gesture15_trial7,2,24,15,HO,2,7
..\data\raw\grabmyo\1.1.0\Session2\session2_participant24\session2_participant24_gesture16_trial1,2,24,16,HC,3,1
..\data\raw\grabmyo\1.1.0\Session2\session2_participant24\session2_participant24_gesture16_trial2,2,24,16,HC,3,2
..\data\raw\grabmyo\1.1.0\Session2\session2_participant24\session2_participant24_gesture16_trial3,2,24,16,HC,3,3
..\data\raw\grabmyo\1.1.0\Session2\session2_participant24\session2_participant24_gesture16_trial4,2,24,16,HC,3,4
..\data\raw\grabmyo\1.1.0\Session2\session2_participant24\session2_participant24_gesture16_trial5,2,24,16,HC,3,5
..\data\raw\grabmyo\1.1.0\Session2\session2_participant24\session2_participant24_gesture16_trial6,2,24,16,HC,3,6
..\data\raw\grabmyo\1.1.0\Session2\session2_participant24\session2_participant24_gesture16_trial7,2,24,16,HC,3,7
..\data\raw\grabmyo\1.1.0\Session3\session3_participant24\session3_participant24_gesture11_trial1,3,24,11,WF,0,1
..\data\raw\grabmyo\1.1.0\Session3\session3_participant24\session3_participant24_gesture11_trial2,3,24,11,WF,0,2
..\data\raw\grabmyo\1.1.0\Session3\session3_participant24\session3_participant24_gesture11_trial3,3,24,11,WF,0,3
..\data\raw\grabmyo\1.1.0\Session3\session3_participant24\session3_participant24_gesture11_trial4,3,24,11,WF,0,4
..\data\raw\grabmyo\1.1.0\Session3\session3_participant24\session3_participant24_gesture11_trial5,3,24,11,WF,0,5
..\data\raw\grabmyo\1.1.0\Session3\session3_participant24\session3_participant24_gesture11_trial6,3,24,11,WF,0,6
..\data\raw\grabmyo\1.1.0\Session3\session3_participant24\session3_participant24_gesture11_trial7,3,24,11,WF,0,7
..\data\raw\grabmyo\1.1.0\Session3\session3_participant24\session3_participant24_gesture12_trial1,3,24,12,WE,1,1
..\data\raw\grabmyo\1.1.0\Session3\session3_participant24\session3_participant24_gesture12_trial2,3,24,12,WE,1,2
..\data\raw\grabmyo\1.1.0\Session3\session3_participant24\session3_participant24_gesture12_trial3,3,24,12,WE,1,3
..\data\raw\grabmyo\1.1.0\Session3\session3_participant24\session3_participant24_gesture12_trial4,3,24,12,WE,1,4
..\data\raw\grabmyo\1.1.0\Session3\session3_participant24\session3_participant24_gesture12_trial5,3,24,12,WE,1,5
..\data\raw\grabmyo\1.1.0\Session3\session3_participant24\session3_participant24_gesture12_trial6,3,24,12,WE,1,6
..\data\raw\grabmyo\1.1.0\Session3\session3_participant24\session3_participant24_gesture12_trial7,3,24,12,WE,1,7
..\data\raw\grabmyo\1.1.0\Session3\session3_participant24\session3_participant24_gesture15_trial1,3,24,15,HO,2,1
..\data\raw\grabmyo\1.1.0\Session3\session3_participant24\session3_participant24_gesture15_trial2,3,24,15,HO,2,2
..\data\raw\grabmyo\1.1.0\Session3\session3_participant24\session3_participant24_gesture15_trial3,3,24,15,HO,2,3
..\data\raw\grabmyo\1.1.0\Session3\session3_participant24\session3_participant24_gesture15_trial4,3,24,15,HO,2,4
..\data\raw\grabmyo\1.1.0\Session3\session3_participant24\session3_participant24_gesture15_trial5,3,24,15,HO,2,5
..\data\raw\grabmyo\1.1.0\Session3\session3_participant24\session3_participant24_gesture15_trial6,3,24,15,HO,2,6
..\data\raw\grabmyo\1.1.0\Session3\session3_participant24\session3_participant24_gesture15_trial7,3,24,15,HO,2,7
..\data\raw\grabmyo\1.1.0\Session3\session3_participant24\session3_participant24_gesture16_trial1,3,24,16,HC,3,1
..\data\raw\grabmyo\1.1.0\Session3\session3_participant24\session3_participant24_gesture16_trial2,3,24,16,HC,3,2
..\data\raw\grabmyo\1.1.0\Session3\session3_participant24\session3_participant24_gesture16_trial3,3,24,16,HC,3,3
..\data\raw\grabmyo\1.1.0\Session3\session3_participant24\session3_participant24_gesture16_trial4,3,24,16,HC,3,4
..\data\raw\grabmyo\1.1.0\Session3\session3_participant24\session3_participant24_gesture16_trial5,3,24,16,HC,3,5
..\data\raw\grabmyo\1.1.0\Session3\session3_participant24\session3_participant24_gesture16_trial6,3,24,16,HC,3,6
..\data\raw\grabmyo\1.1.0\Session3\session3_participant24\session3_participant24_gesture16_trial7,3,24,16,HC,3,7
..\data\raw\grabmyo\1.1.0\Session1\session1_participant25\session1_participant25_gesture11_trial1,1,25,11,WF,0,1
..\data\raw\grabmyo\1.1.0\Session1\session1_participant25\session1_participant25_gesture11_trial2,1,25,11,WF,0,2
..\data\raw\grabmyo\1.1.0\Session1\session1_participant25\session1_participant25_gesture11_trial3,1,25,11,WF,0,3
..\data\raw\grabmyo\1.1.0\Session1\session1_participant25\session1_participant25_gesture11_trial4,1,25,11,WF,0,4
..\data\raw\grabmyo\1.1.0\Session1\session1_participant25\session1_participant25_gesture11_trial5,1,25,11,WF,0,5
..\data\raw\grabmyo\1.1.0\Session1\session1_participant25\session1_participant25_gesture11_trial6,1,25,11,WF,0,6
..\data\raw\grabmyo\1.1.0\Session1\session1_participant25\session1_participant25_gesture11_trial7,1,25,11,WF,0,7
..\data\raw\grabmyo\1.1.0\Session1\session1_participant25\session1_participant25_gesture12_trial1,1,25,12,WE,1,1
..\data\raw\grabmyo\1.1.0\Session1\session1_participant25\session1_participant25_gesture12_trial2,1,25,12,WE,1,2
..\data\raw\grabmyo\1.1.0\Session1\session1_participant25\session1_participant25_gesture12_trial3,1,25,12,WE,1,3
..\data\raw\grabmyo\1.1.0\Session1\session1_participant25\session1_participant25_gesture12_trial4,1,25,12,WE,1,4
..\data\raw\grabmyo\1.1.0\Session1\session1_participant25\session1_participant25_gesture12_trial5,1,25,12,WE,1,5
..\data\raw\grabmyo\1.1.0\Session1\session1_participant25\session1_participant25_gesture12_trial6,1,25,12,WE,1,6
..\data\raw\grabmyo\1.1.0\Session1\session1_participant25\session1_participant25_gesture12_trial7,1,25,12,WE,1,7
..\data\raw\grabmyo\1.1.0\Session1\session1_participant25\session1_participant25_gesture15_trial1,1,25,15,HO,2,1
..\data\raw\grabmyo\1.1.0\Session1\session1_participant25\session1_participant25_gesture15_trial2,1,25,15,HO,2,2
..\data\raw\grabmyo\1.1.0\Session1\session1_participant25\session1_participant25_gesture15_trial3,1,25,15,HO,2,3
..\data\raw\grabmyo\1.1.0\Session1\session1_participant25\session1_participant25_gesture15_trial4,1,25,15,HO,2,4
..\data\raw\grabmyo\1.1.0\Session1\session1_participant25\session1_participant25_gesture15_trial5,1,25,15,HO,2,5
..\data\raw\grabmyo\1.1.0\Session1\session1_participant25\session1_participant25_gesture15_trial6,1,25,15,HO,2,6
..\data\raw\grabmyo\1.1.0\Session1\session1_participant25\session1_participant25_gesture15_trial7,1,25,15,HO,2,7
..\data\raw\grabmyo\1.1.0\Session1\session1_participant25\session1_participant25_gesture16_trial1,1,25,16,HC,3,1
..\data\raw\grabmyo\1.1.0\Session1\session1_participant25\session1_participant25_gesture16_trial2,1,25,16,HC,3,2
..\data\raw\grabmyo\1.1.0\Session1\session1_participant25\session1_participant25_gesture16_trial3,1,25,16,HC,3,3
..\data\raw\grabmyo\1.1.0\Session1\session1_participant25\session1_participant25_gesture16_trial4,1,25,16,HC,3,4
..\data\raw\grabmyo\1.1.0\Session1\session1_participant25\session1_participant25_gesture16_trial5,1,25,16,HC,3,5
..\data\raw\grabmyo\1.1.0\Session1\session1_participant25\session1_participant25_gesture16_trial6,1,25,16,HC,3,6
..\data\raw\grabmyo\1.1.0\Session1\session1_participant25\session1_participant25_gesture16_trial7,1,25,16,HC,3,7
..\data\raw\grabmyo\1.1.0\Session2\session2_participant25\session2_participant25_gesture11_trial1,2,25,11,WF,0,1
..\data\raw\grabmyo\1.1.0\Session2\session2_participant25\session2_participant25_gesture11_trial2,2,25,11,WF,0,2
..\data\raw\grabmyo\1.1.0\Session2\session2_participant25\session2_participant25_gesture11_trial3,2,25,11,WF,0,3
..\data\raw\grabmyo\1.1.0\Session2\session2_participant25\session2_participant25_gesture11_trial4,2,25,11,WF,0,4
..\data\raw\grabmyo\1.1.0\Session2\session2_participant25\session2_participant25_gesture11_trial5,2,25,11,WF,0,5
..\data\raw\grabmyo\1.1.0\Session2\session2_participant25\session2_participant25_gesture11_trial6,2,25,11,WF,0,6
..\data\raw\grabmyo\1.1.0\Session2\session2_participant25\session2_participant25_gesture11_trial7,2,25,11,WF,0,7
..\data\raw\grabmyo\1.1.0\Session2\session2_participant25\session2_participant25_gesture12_trial1,2,25,12,WE,1,1
..\data\raw\grabmyo\1.1.0\Session2\session2_participant25\session2_participant25_gesture12_trial2,2,25,12,WE,1,2
..\data\raw\grabmyo\1.1.0\Session2\session2_participant25\session2_participant25_gesture12_trial3,2,25,12,WE,1,3
..\data\raw\grabmyo\1.1.0\Session2\session2_participant25\session2_participant25_gesture12_trial4,2,25,12,WE,1,4
..\data\raw\grabmyo\1.1.0\Session2\session2_participant25\session2_participant25_gesture12_trial5,2,25,12,WE,1,5
..\data\raw\grabmyo\1.1.0\Session2\session2_participant25\session2_participant25_gesture12_trial6,2,25,12,WE,1,6
..\data\raw\grabmyo\1.1.0\Session2\session2_participant25\session2_participant25_gesture12_trial7,2,25,12,WE,1,7
..\data\raw\grabmyo\1.1.0\Session2\session2_participant25\session2_participant25_gesture15_trial1,2,25,15,HO,2,1
..\data\raw\grabmyo\1.1.0\Session2\session2_participant25\session2_participant25_gesture15_trial2,2,25,15,HO,2,2
..\data\raw\grabmyo\1.1.0\Session2\session2_participant25\session2_participant25_gesture15_trial3,2,25,15,HO,2,3
..\data\raw\grabmyo\1.1.0\Session2\session2_participant25\session2_participant25_gesture15_trial4,2,25,15,HO,2,4
..\data\raw\grabmyo\1.1.0\Session2\session2_participant25\session2_participant25_gesture15_trial5,2,25,15,HO,2,5
..\data\raw\grabmyo\1.1.0\Session2\session2_participant25\session2_participant25_gesture15_trial6,2,25,15,HO,2,6
..\data\raw\grabmyo\1.1.0\Session2\session2_participant25\session2_participant25_gesture15_trial7,2,25,15,HO,2,7
..\data\raw\grabmyo\1.1.0\Session2\session2_participant25\session2_participant25_gesture16_trial1,2,25,16,HC,3,1
..\data\raw\grabmyo\1.1.0\Session2\session2_participant25\session2_participant25_gesture16_trial2,2,25,16,HC,3,2
..\data\raw\grabmyo\1.1.0\Session2\session2_participant25\session2_participant25_gesture16_trial3,2,25,16,HC,3,3
..\data\raw\grabmyo\1.1.0\Session2\session2_participant25\session2_participant25_gesture16_trial4,2,25,16,HC,3,4
..\data\raw\grabmyo\1.1.0\Session2\session2_participant25\session2_participant25_gesture16_trial5,2,25,16,HC,3,5
..\data\raw\grabmyo\1.1.0\Session2\session2_participant25\session2_participant25_gesture16_trial6,2,25,16,HC,3,6
..\data\raw\grabmyo\1.1.0\Session2\session2_participant25\session2_participant25_gesture16_trial7,2,25,16,HC,3,7
..\data\raw\grabmyo\1.1.0\Session3\session3_participant25\session3_participant25_gesture11_trial1,3,25,11,WF,0,1
..\data\raw\grabmyo\1.1.0\Session3\session3_participant25\session3_participant25_gesture11_trial2,3,25,11,WF,0,2
..\data\raw\grabmyo\1.1.0\Session3\session3_participant25\session3_participant25_gesture11_trial3,3,25,11,WF,0,3
..\data\raw\grabmyo\1.1.0\Session3\session3_participant25\session3_participant25_gesture11_trial4,3,25,11,WF,0,4
..\data\raw\grabmyo\1.1.0\Session3\session3_participant25\session3_participant25_gesture11_trial5,3,25,11,WF,0,5
..\data\raw\grabmyo\1.1.0\Session3\session3_participant25\session3_participant25_gesture11_trial6,3,25,11,WF,0,6
..\data\raw\grabmyo\1.1.0\Session3\session3_participant25\session3_participant25_gesture11_trial7,3,25,11,WF,0,7
..\data\raw\grabmyo\1.1.0\Session3\session3_participant25\session3_participant25_gesture12_trial1,3,25,12,WE,1,1
..\data\raw\grabmyo\1.1.0\Session3\session3_participant25\session3_participant25_gesture12_trial2,3,25,12,WE,1,2
..\data\raw\grabmyo\1.1.0\Session3\session3_participant25\session3_participant25_gesture12_trial3,3,25,12,WE,1,3
..\data\raw\grabmyo\1.1.0\Session3\session3_participant25\session3_participant25_gesture12_trial4,3,25,12,WE,1,4
..\data\raw\grabmyo\1.1.0\Session3\session3_participant25\session3_participant25_gesture12_trial5,3,25,12,WE,1,5
..\data\raw\grabmyo\1.1.0\Session3\session3_participant25\session3_participant25_gesture12_trial6,3,25,12,WE,1,6
..\data\raw\grabmyo\1.1.0\Session3\session3_participant25\session3_participant25_gesture12_trial7,3,25,12,WE,1,7
..\data\raw\grabmyo\1.1.0\Session3\session3_participant25\session3_participant25_gesture15_trial1,3,25,15,HO,2,1
..\data\raw\grabmyo\1.1.0\Session3\session3_participant25\session3_participant25_gesture15_trial2,3,25,15,HO,2,2
..\data\raw\grabmyo\1.1.0\Session3\session3_participant25\session3_participant25_gesture15_trial3,3,25,15,HO,2,3
..\data\raw\grabmyo\1.1.0\Session3\session3_participant25\session3_participant25_gesture15_trial4,3,25,15,HO,2,4
..\data\raw\grabmyo\1.1.0\Session3\session3_participant25\session3_participant25_gesture15_trial5,3,25,15,HO,2,5
..\data\raw\grabmyo\1.1.0\Session3\session3_participant25\session3_participant25_gesture15_trial6,3,25,15,HO,2,6
..\data\raw\grabmyo\1.1.0\Session3\session3_participant25\session3_participant25_gesture15_trial7,3,25,15,HO,2,7
..\data\raw\grabmyo\1.1.0\Session3\session3_participant25\session3_participant25_gesture16_trial1,3,25,16,HC,3,1
..\data\raw\grabmyo\1.1.0\Session3\session3_participant25\session3_participant25_gesture16_trial2,3,25,16,HC,3,2
..\data\raw\grabmyo\1.1.0\Session3\session3_participant25\session3_participant25_gesture16_trial3,3,25,16,HC,3,3
..\data\raw\grabmyo\1.1.0\Session3\session3_participant25\session3_participant25_gesture16_trial4,3,25,16,HC,3,4
..\data\raw\grabmyo\1.1.0\Session3\session3_participant25\session3_participant25_gesture16_trial5,3,25,16,HC,3,5
..\data\raw\grabmyo\1.1.0\Session3\session3_participant25\session3_participant25_gesture16_trial6,3,25,16,HC,3,6
..\data\raw\grabmyo\1.1.0\Session3\session3_participant25\session3_participant25_gesture16_trial7,3,25,16,HC,3,7
..\data\raw\grabmyo\1.1.0\Session1\session1_participant26\session1_participant26_gesture11_trial1,1,26,11,WF,0,1
..\data\raw\grabmyo\1.1.0\Session1\session1_participant26\session1_participant26_gesture11_trial2,1,26,11,WF,0,2
..\data\raw\grabmyo\1.1.0\Session1\session1_participant26\session1_participant26_gesture11_trial3,1,26,11,WF,0,3
..\data\raw\grabmyo\1.1.0\Session1\session1_participant26\session1_participant26_gesture11_trial4,1,26,11,WF,0,4
..\data\raw\grabmyo\1.1.0\Session1\session1_participant26\session1_participant26_gesture11_trial5,1,26,11,WF,0,5
..\data\raw\grabmyo\1.1.0\Session1\session1_participant26\session1_participant26_gesture11_trial6,1,26,11,WF,0,6
..\data\raw\grabmyo\1.1.0\Session1\session1_participant26\session1_participant26_gesture11_trial7,1,26,11,WF,0,7
..\data\raw\grabmyo\1.1.0\Session1\session1_participant26\session1_participant26_gesture12_trial1,1,26,12,WE,1,1
..\data\raw\grabmyo\1.1.0\Session1\session1_participant26\session1_participant26_gesture12_trial2,1,26,12,WE,1,2
..\data\raw\grabmyo\1.1.0\Session1\session1_participant26\session1_participant26_gesture12_trial3,1,26,12,WE,1,3
..\data\raw\grabmyo\1.1.0\Session1\session1_participant26\session1_participant26_gesture12_trial4,1,26,12,WE,1,4
..\data\raw\grabmyo\1.1.0\Session1\session1_participant26\session1_participant26_gesture12_trial5,1,26,12,WE,1,5
..\data\raw\grabmyo\1.1.0\Session1\session1_participant26\session1_participant26_gesture12_trial6,1,26,12,WE,1,6
..\data\raw\grabmyo\1.1.0\Session1\session1_participant26\session1_participant26_gesture12_trial7,1,26,12,WE,1,7
..\data\raw\grabmyo\1.1.0\Session1\session1_participant26\session1_participant26_gesture15_trial1,1,26,15,HO,2,1
..\data\raw\grabmyo\1.1.0\Session1\session1_participant26\session1_participant26_gesture15_trial2,1,26,15,HO,2,2
..\data\raw\grabmyo\1.1.0\Session1\session1_participant26\session1_participant26_gesture15_trial3,1,26,15,HO,2,3
..\data\raw\grabmyo\1.1.0\Session1\session1_participant26\session1_participant26_gesture15_trial4,1,26,15,HO,2,4
..\data\raw\grabmyo\1.1.0\Session1\session1_participant26\session1_participant26_gesture15_trial5,1,26,15,HO,2,5
..\data\raw\grabmyo\1.1.0\Session1\session1_participant26\session1_participant26_gesture15_trial6,1,26,15,HO,2,6
..\data\raw\grabmyo\1.1.0\Session1\session1_participant26\session1_participant26_gesture15_trial7,1,26,15,HO,2,7
..\data\raw\grabmyo\1.1.0\Session1\session1_participant26\session1_participant26_gesture16_trial1,1,26,16,HC,3,1
..\data\raw\grabmyo\1.1.0\Session1\session1_participant26\session1_participant26_gesture16_trial2,1,26,16,HC,3,2
..\data\raw\grabmyo\1.1.0\Session1\session1_participant26\session1_participant26_gesture16_trial3,1,26,16,HC,3,3
..\data\raw\grabmyo\1.1.0\Session1\session1_participant26\session1_participant26_gesture16_trial4,1,26,16,HC,3,4
..\data\raw\grabmyo\1.1.0\Session1\session1_participant26\session1_participant26_gesture16_trial5,1,26,16,HC,3,5
..\data\raw\grabmyo\1.1.0\Session1\session1_participant26\session1_participant26_gesture16_trial6,1,26,16,HC,3,6
..\data\raw\grabmyo\1.1.0\Session1\session1_participant26\session1_participant26_gesture16_trial7,1,26,16,HC,3,7
..\data\raw\grabmyo\1.1.0\Session2\session2_participant26\session2_participant26_gesture11_trial1,2,26,11,WF,0,1
..\data\raw\grabmyo\1.1.0\Session2\session2_participant26\session2_participant26_gesture11_trial2,2,26,11,WF,0,2
..\data\raw\grabmyo\1.1.0\Session2\session2_participant26\session2_participant26_gesture11_trial3,2,26,11,WF,0,3
..\data\raw\grabmyo\1.1.0\Session2\session2_participant26\session2_participant26_gesture11_trial4,2,26,11,WF,0,4
..\data\raw\grabmyo\1.1.0\Session2\session2_participant26\session2_participant26_gesture11_trial5,2,26,11,WF,0,5
..\data\raw\grabmyo\1.1.0\Session2\session2_participant26\session2_participant26_gesture11_trial6,2,26,11,WF,0,6
..\data\raw\grabmyo\1.1.0\Session2\session2_participant26\session2_participant26_gesture11_trial7,2,26,11,WF,0,7
..\data\raw\grabmyo\1.1.0\Session2\session2_participant26\session2_participant26_gesture12_trial1,2,26,12,WE,1,1
..\data\raw\grabmyo\1.1.0\Session2\session2_participant26\session2_participant26_gesture12_trial2,2,26,12,WE,1,2
..\data\raw\grabmyo\1.1.0\Session2\session2_participant26\session2_participant26_gesture12_trial3,2,26,12,WE,1,3
..\data\raw\grabmyo\1.1.0\Session2\session2_participant26\session2_participant26_gesture12_trial4,2,26,12,WE,1,4
..\data\raw\grabmyo\1.1.0\Session2\session2_participant26\session2_participant26_gesture12_trial5,2,26,12,WE,1,5
..\data\raw\grabmyo\1.1.0\Session2\session2_participant26\session2_participant26_gesture12_trial6,2,26,12,WE,1,6
..\data\raw\grabmyo\1.1.0\Session2\session2_participant26\session2_participant26_gesture12_trial7,2,26,12,WE,1,7
..\data\raw\grabmyo\1.1.0\Session2\session2_participant26\session2_participant26_gesture15_trial1,2,26,15,HO,2,1
..\data\raw\grabmyo\1.1.0\Session2\session2_participant26\session2_participant26_gesture15_trial2,2,26,15,HO,2,2
..\data\raw\grabmyo\1.1.0\Session2\session2_participant26\session2_participant26_gesture15_trial3,2,26,15,HO,2,3
..\data\raw\grabmyo\1.1.0\Session2\session2_participant26\session2_participant26_gesture15_trial4,2,26,15,HO,2,4
..\data\raw\grabmyo\1.1.0\Session2\session2_participant26\session2_participant26_gesture15_trial5,2,26,15,HO,2,5
..\data\raw\grabmyo\1.1.0\Session2\session2_participant26\session2_participant26_gesture15_trial6,2,26,15,HO,2,6
..\data\raw\grabmyo\1.1.0\Session2\session2_participant26\session2_participant26_gesture15_trial7,2,26,15,HO,2,7
..\data\raw\grabmyo\1.1.0\Session2\session2_participant26\session2_participant26_gesture16_trial1,2,26,16,HC,3,1
..\data\raw\grabmyo\1.1.0\Session2\session2_participant26\session2_participant26_gesture16_trial2,2,26,16,HC,3,2
..\data\raw\grabmyo\1.1.0\Session2\session2_participant26\session2_participant26_gesture16_trial3,2,26,16,HC,3,3
..\data\raw\grabmyo\1.1.0\Session2\session2_participant26\session2_participant26_gesture16_trial4,2,26,16,HC,3,4
..\data\raw\grabmyo\1.1.0\Session2\session2_participant26\session2_participant26_gesture16_trial5,2,26,16,HC,3,5
..\data\raw\grabmyo\1.1.0\Session2\session2_participant26\session2_participant26_gesture16_trial6,2,26,16,HC,3,6
..\data\raw\grabmyo\1.1.0\Session2\session2_participant26\session2_participant26_gesture16_trial7,2,26,16,HC,3,7
..\data\raw\grabmyo\1.1.0\Session3\session3_participant26\session3_participant26_gesture11_trial1,3,26,11,WF,0,1
..\data\raw\grabmyo\1.1.0\Session3\session3_participant26\session3_participant26_gesture11_trial2,3,26,11,WF,0,2
..\data\raw\grabmyo\1.1.0\Session3\session3_participant26\session3_participant26_gesture11_trial3,3,26,11,WF,0,3
..\data\raw\grabmyo\1.1.0\Session3\session3_participant26\session3_participant26_gesture11_trial4,3,26,11,WF,0,4
..\data\raw\grabmyo\1.1.0\Session3\session3_participant26\session3_participant26_gesture11_trial5,3,26,11,WF,0,5
..\data\raw\grabmyo\1.1.0\Session3\session3_participant26\session3_participant26_gesture11_trial6,3,26,11,WF,0,6
..\data\raw\grabmyo\1.1.0\Session3\session3_participant26\session3_participant26_gesture11_trial7,3,26,11,WF,0,7
..\data\raw\grabmyo\1.1.0\Session3\session3_participant26\session3_participant26_gesture12_trial1,3,26,12,WE,1,1
..\data\raw\grabmyo\1.1.0\Session3\session3_participant26\session3_participant26_gesture12_trial2,3,26,12,WE,1,2
..\data\raw\grabmyo\1.1.0\Session3\session3_participant26\session3_participant26_gesture12_trial3,3,26,12,WE,1,3
..\data\raw\grabmyo\1.1.0\Session3\session3_participant26\session3_participant26_gesture12_trial4,3,26,12,WE,1,4
..\data\raw\grabmyo\1.1.0\Session3\session3_participant26\session3_participant26_gesture12_trial5,3,26,12,WE,1,5
..\data\raw\grabmyo\1.1.0\Session3\session3_participant26\session3_participant26_gesture12_trial6,3,26,12,WE,1,6
..\data\raw\grabmyo\1.1.0\Session3\session3_participant26\session3_participant26_gesture12_trial7,3,26,12,WE,1,7
..\data\raw\grabmyo\1.1.0\Session3\session3_participant26\session3_participant26_gesture15_trial1,3,26,15,HO,2,1
..\data\raw\grabmyo\1.1.0\Session3\session3_participant26\session3_participant26_gesture15_trial2,3,26,15,HO,2,2
..\data\raw\grabmyo\1.1.0\Session3\session3_participant26\session3_participant26_gesture15_trial3,3,26,15,HO,2,3
..\data\raw\grabmyo\1.1.0\Session3\session3_participant26\session3_participant26_gesture15_trial4,3,26,15,HO,2,4
..\data\raw\grabmyo\1.1.0\Session3\session3_participant26\session3_participant26_gesture15_trial5,3,26,15,HO,2,5
..\data\raw\grabmyo\1.1.0\Session3\session3_participant26\session3_participant26_gesture15_trial6,3,26,15,HO,2,6
..\data\raw\grabmyo\1.1.0\Session3\session3_participant26\session3_participant26_gesture15_trial7,3,26,15,HO,2,7
..\data\raw\grabmyo\1.1.0\Session3\session3_participant26\session3_participant26_gesture16_trial1,3,26,16,HC,3,1
..\data\raw\grabmyo\1.1.0\Session3\session3_participant26\session3_participant26_gesture16_trial2,3,26,16,HC,3,2
..\data\raw\grabmyo\1.1.0\Session3\session3_participant26\session3_participant26_gesture16_trial3,3,26,16,HC,3,3
..\data\raw\grabmyo\1.1.0\Session3\session3_participant26\session3_participant26_gesture16_trial4,3,26,16,HC,3,4
..\data\raw\grabmyo\1.1.0\Session3\session3_participant26\session3_participant26_gesture16_trial5,3,26,16,HC,3,5
..\data\raw\grabmyo\1.1.0\Session3\session3_participant26\session3_participant26_gesture16_trial6,3,26,16,HC,3,6
..\data\raw\grabmyo\1.1.0\Session3\session3_participant26\session3_participant26_gesture16_trial7,3,26,16,HC,3,7
..\data\raw\grabmyo\1.1.0\Session1\session1_participant27\session1_participant27_gesture11_trial1,1,27,11,WF,0,1
..\data\raw\grabmyo\1.1.0\Session1\session1_participant27\session1_participant27_gesture11_trial2,1,27,11,WF,0,2
..\data\raw\grabmyo\1.1.0\Session1\session1_participant27\session1_participant27_gesture11_trial3,1,27,11,WF,0,3
..\data\raw\grabmyo\1.1.0\Session1\session1_participant27\session1_participant27_gesture11_trial4,1,27,11,WF,0,4
..\data\raw\grabmyo\1.1.0\Session1\session1_participant27\session1_participant27_gesture11_trial5,1,27,11,WF,0,5
..\data\raw\grabmyo\1.1.0\Session1\session1_participant27\session1_participant27_gesture11_trial6,1,27,11,WF,0,6
..\data\raw\grabmyo\1.1.0\Session1\session1_participant27\session1_participant27_gesture11_trial7,1,27,11,WF,0,7
..\data\raw\grabmyo\1.1.0\Session1\session1_participant27\session1_participant27_gesture12_trial1,1,27,12,WE,1,1
..\data\raw\grabmyo\1.1.0\Session1\session1_participant27\session1_participant27_gesture12_trial2,1,27,12,WE,1,2
..\data\raw\grabmyo\1.1.0\Session1\session1_participant27\session1_participant27_gesture12_trial3,1,27,12,WE,1,3
..\data\raw\grabmyo\1.1.0\Session1\session1_participant27\session1_participant27_gesture12_trial4,1,27,12,WE,1,4
..\data\raw\grabmyo\1.1.0\Session1\session1_participant27\session1_participant27_gesture12_trial5,1,27,12,WE,1,5
..\data\raw\grabmyo\1.1.0\Session1\session1_participant27\session1_participant27_gesture12_trial6,1,27,12,WE,1,6
..\data\raw\grabmyo\1.1.0\Session1\session1_participant27\session1_participant27_gesture12_trial7,1,27,12,WE,1,7
..\data\raw\grabmyo\1.1.0\Session1\session1_participant27\session1_participant27_gesture15_trial1,1,27,15,HO,2,1
..\data\raw\grabmyo\1.1.0\Session1\session1_participant27\session1_participant27_gesture15_trial2,1,27,15,HO,2,2
..\data\raw\grabmyo\1.1.0\Session1\session1_participant27\session1_participant27_gesture15_trial3,1,27,15,HO,2,3
..\data\raw\grabmyo\1.1.0\Session1\session1_participant27\session1_participant27_gesture15_trial4,1,27,15,HO,2,4
..\data\raw\grabmyo\1.1.0\Session1\session1_participant27\session1_participant27_gesture15_trial5,1,27,15,HO,2,5
..\data\raw\grabmyo\1.1.0\Session1\session1_participant27\session1_participant27_gesture15_trial6,1,27,15,HO,2,6
..\data\raw\grabmyo\1.1.0\Session1\session1_participant27\session1_participant27_gesture15_trial7,1,27,15,HO,2,7
..\data\raw\grabmyo\1.1.0\Session1\session1_participant27\session1_participant27_gesture16_trial1,1,27,16,HC,3,1
..\data\raw\grabmyo\1.1.0\Session1\session1_participant27\session1_participant27_gesture16_trial2,1,27,16,HC,3,2
..\data\raw\grabmyo\1.1.0\Session1\session1_participant27\session1_participant27_gesture16_trial3,1,27,16,HC,3,3
..\data\raw\grabmyo\1.1.0\Session1\session1_participant27\session1_participant27_gesture16_trial4,1,27,16,HC,3,4
..\data\raw\grabmyo\1.1.0\Session1\session1_participant27\session1_participant27_gesture16_trial5,1,27,16,HC,3,5
..\data\raw\grabmyo\1.1.0\Session1\session1_participant27\session1_participant27_gesture16_trial6,1,27,16,HC,3,6
..\data\raw\grabmyo\1.1.0\Session1\session1_participant27\session1_participant27_gesture16_trial7,1,27,16,HC,3,7
..\data\raw\grabmyo\1.1.0\Session2\session2_participant27\session2_participant27_gesture11_trial1,2,27,11,WF,0,1
..\data\raw\grabmyo\1.1.0\Session2\session2_participant27\session2_participant27_gesture11_trial2,2,27,11,WF,0,2
..\data\raw\grabmyo\1.1.0\Session2\session2_participant27\session2_participant27_gesture11_trial3,2,27,11,WF,0,3
..\data\raw\grabmyo\1.1.0\Session2\session2_participant27\session2_participant27_gesture11_trial4,2,27,11,WF,0,4
..\data\raw\grabmyo\1.1.0\Session2\session2_participant27\session2_participant27_gesture11_trial5,2,27,11,WF,0,5
..\data\raw\grabmyo\1.1.0\Session2\session2_participant27\session2_participant27_gesture11_trial6,2,27,11,WF,0,6
..\data\raw\grabmyo\1.1.0\Session2\session2_participant27\session2_participant27_gesture11_trial7,2,27,11,WF,0,7
..\data\raw\grabmyo\1.1.0\Session2\session2_participant27\session2_participant27_gesture12_trial1,2,27,12,WE,1,1
..\data\raw\grabmyo\1.1.0\Session2\session2_participant27\session2_participant27_gesture12_trial2,2,27,12,WE,1,2
..\data\raw\grabmyo\1.1.0\Session2\session2_participant27\session2_participant27_gesture12_trial3,2,27,12,WE,1,3
..\data\raw\grabmyo\1.1.0\Session2\session2_participant27\session2_participant27_gesture12_trial4,2,27,12,WE,1,4
..\data\raw\grabmyo\1.1.0\Session2\session2_participant27\session2_participant27_gesture12_trial5,2,27,12,WE,1,5
..\data\raw\grabmyo\1.1.0\Session2\session2_participant27\session2_participant27_gesture12_trial6,2,27,12,WE,1,6
..\data\raw\grabmyo\1.1.0\Session2\session2_participant27\session2_participant27_gesture12_trial7,2,27,12,WE,1,7
..\data\raw\grabmyo\1.1.0\Session2\session2_participant27\session2_participant27_gesture15_trial1,2,27,15,HO,2,1
..\data\raw\grabmyo\1.1.0\Session2\session2_participant27\session2_participant27_gesture15_trial2,2,27,15,HO,2,2
..\data\raw\grabmyo\1.1.0\Session2\session2_participant27\session2_participant27_gesture15_trial3,2,27,15,HO,2,3
..\data\raw\grabmyo\1.1.0\Session2\session2_participant27\session2_participant27_gesture15_trial4,2,27,15,HO,2,4
..\data\raw\grabmyo\1.1.0\Session2\session2_participant27\session2_participant27_gesture15_trial5,2,27,15,HO,2,5
..\data\raw\grabmyo\1.1.0\Session2\session2_participant27\session2_participant27_gesture15_trial6,2,27,15,HO,2,6
..\data\raw\grabmyo\1.1.0\Session2\session2_participant27\session2_participant27_gesture15_trial7,2,27,15,HO,2,7
..\data\raw\grabmyo\1.1.0\Session2\session2_participant27\session2_participant27_gesture16_trial1,2,27,16,HC,3,1
..\data\raw\grabmyo\1.1.0\Session2\session2_participant27\session2_participant27_gesture16_trial2,2,27,16,HC,3,2
..\data\raw\grabmyo\1.1.0\Session2\session2_participant27\session2_participant27_gesture16_trial3,2,27,16,HC,3,3
..\data\raw\grabmyo\1.1.0\Session2\session2_participant27\session2_participant27_gesture16_trial4,2,27,16,HC,3,4
..\data\raw\grabmyo\1.1.0\Session2\session2_participant27\session2_participant27_gesture16_trial5,2,27,16,HC,3,5
..\data\raw\grabmyo\1.1.0\Session2\session2_participant27\session2_participant27_gesture16_trial6,2,27,16,HC,3,6
..\data\raw\grabmyo\1.1.0\Session2\session2_participant27\session2_participant27_gesture16_trial7,2,27,16,HC,3,7
..\data\raw\grabmyo\1.1.0\Session3\session3_participant27\session3_participant27_gesture11_trial1,3,27,11,WF,0,1
..\data\raw\grabmyo\1.1.0\Session3\session3_participant27\session3_participant27_gesture11_trial2,3,27,11,WF,0,2
..\data\raw\grabmyo\1.1.0\Session3\session3_participant27\session3_participant27_gesture11_trial3,3,27,11,WF,0,3
..\data\raw\grabmyo\1.1.0\Session3\session3_participant27\session3_participant27_gesture11_trial4,3,27,11,WF,0,4
..\data\raw\grabmyo\1.1.0\Session3\session3_participant27\session3_participant27_gesture11_trial5,3,27,11,WF,0,5
..\data\raw\grabmyo\1.1.0\Session3\session3_participant27\session3_participant27_gesture11_trial6,3,27,11,WF,0,6
..\data\raw\grabmyo\1.1.0\Session3\session3_participant27\session3_participant27_gesture11_trial7,3,27,11,WF,0,7
..\data\raw\grabmyo\1.1.0\Session3\session3_participant27\session3_participant27_gesture12_trial1,3,27,12,WE,1,1
..\data\raw\grabmyo\1.1.0\Session3\session3_participant27\session3_participant27_gesture12_trial2,3,27,12,WE,1,2
..\data\raw\grabmyo\1.1.0\Session3\session3_participant27\session3_participant27_gesture12_trial3,3,27,12,WE,1,3
..\data\raw\grabmyo\1.1.0\Session3\session3_participant27\session3_participant27_gesture12_trial4,3,27,12,WE,1,4
..\data\raw\grabmyo\1.1.0\Session3\session3_participant27\session3_participant27_gesture12_trial5,3,27,12,WE,1,5
..\data\raw\grabmyo\1.1.0\Session3\session3_participant27\session3_participant27_gesture12_trial6,3,27,12,WE,1,6
..\data\raw\grabmyo\1.1.0\Session3\session3_participant27\session3_participant27_gesture12_trial7,3,27,12,WE,1,7
..\data\raw\grabmyo\1.1.0\Session3\session3_participant27\session3_participant27_gesture15_trial1,3,27,15,HO,2,1
..\data\raw\grabmyo\1.1.0\Session3\session3_participant27\session3_participant27_gesture15_trial2,3,27,15,HO,2,2
..\data\raw\grabmyo\1.1.0\Session3\session3_participant27\session3_participant27_gesture15_trial3,3,27,15,HO,2,3
..\data\raw\grabmyo\1.1.0\Session3\session3_participant27\session3_participant27_gesture15_trial4,3,27,15,HO,2,4
..\data\raw\grabmyo\1.1.0\Session3\session3_participant27\session3_participant27_gesture15_trial5,3,27,15,HO,2,5
..\data\raw\grabmyo\1.1.0\Session3\session3_participant27\session3_participant27_gesture15_trial6,3,27,15,HO,2,6
..\data\raw\grabmyo\1.1.0\Session3\session3_participant27\session3_participant27_gesture15_trial7,3,27,15,HO,2,7
..\data\raw\grabmyo\1.1.0\Session3\session3_participant27\session3_participant27_gesture16_trial1,3,27,16,HC,3,1
..\data\raw\grabmyo\1.1.0\Session3\session3_participant27\session3_participant27_gesture16_trial2,3,27,16,HC,3,2
..\data\raw\grabmyo\1.1.0\Session3\session3_participant27\session3_participant27_gesture16_trial3,3,27,16,HC,3,3
..\data\raw\grabmyo\1.1.0\Session3\session3_participant27\session3_participant27_gesture16_trial4,3,27,16,HC,3,4
..\data\raw\grabmyo\1.1.0\Session3\session3_participant27\session3_participant27_gesture16_trial5,3,27,16,HC,3,5
..\data\raw\grabmyo\1.1.0\Session3\session3_participant27\session3_participant27_gesture16_trial6,3,27,16,HC,3,6
..\data\raw\grabmyo\1.1.0\Session3\session3_participant27\session3_participant27_gesture16_trial7,3,27,16,HC,3,7
..\data\raw\grabmyo\1.1.0\Session1\session1_participant28\session1_participant28_gesture11_trial1,1,28,11,WF,0,1
..\data\raw\grabmyo\1.1.0\Session1\session1_participant28\session1_participant28_gesture11_trial2,1,28,11,WF,0,2
..\data\raw\grabmyo\1.1.0\Session1\session1_participant28\session1_participant28_gesture11_trial3,1,28,11,WF,0,3
..\data\raw\grabmyo\1.1.0\Session1\session1_participant28\session1_participant28_gesture11_trial4,1,28,11,WF,0,4
..\data\raw\grabmyo\1.1.0\Session1\session1_participant28\session1_participant28_gesture11_trial5,1,28,11,WF,0,5
..\data\raw\grabmyo\1.1.0\Session1\session1_participant28\session1_participant28_gesture11_trial6,1,28,11,WF,0,6
..\data\raw\grabmyo\1.1.0\Session1\session1_participant28\session1_participant28_gesture11_trial7,1,28,11,WF,0,7
..\data\raw\grabmyo\1.1.0\Session1\session1_participant28\session1_participant28_gesture12_trial1,1,28,12,WE,1,1
..\data\raw\grabmyo\1.1.0\Session1\session1_participant28\session1_participant28_gesture12_trial2,1,28,12,WE,1,2
..\data\raw\grabmyo\1.1.0\Session1\session1_participant28\session1_participant28_gesture12_trial3,1,28,12,WE,1,3
..\data\raw\grabmyo\1.1.0\Session1\session1_participant28\session1_participant28_gesture12_trial4,1,28,12,WE,1,4
..\data\raw\grabmyo\1.1.0\Session1\session1_participant28\session1_participant28_gesture12_trial5,1,28,12,WE,1,5
..\data\raw\grabmyo\1.1.0\Session1\session1_participant28\session1_participant28_gesture12_trial6,1,28,12,WE,1,6
..\data\raw\grabmyo\1.1.0\Session1\session1_participant28\session1_participant28_gesture12_trial7,1,28,12,WE,1,7
..\data\raw\grabmyo\1.1.0\Session1\session1_participant28\session1_participant28_gesture15_trial1,1,28,15,HO,2,1
..\data\raw\grabmyo\1.1.0\Session1\session1_participant28\session1_participant28_gesture15_trial2,1,28,15,HO,2,2
..\data\raw\grabmyo\1.1.0\Session1\session1_participant28\session1_participant28_gesture15_trial3,1,28,15,HO,2,3
..\data\raw\grabmyo\1.1.0\Session1\session1_participant28\session1_participant28_gesture15_trial4,1,28,15,HO,2,4
..\data\raw\grabmyo\1.1.0\Session1\session1_participant28\session1_participant28_gesture15_trial5,1,28,15,HO,2,5
..\data\raw\grabmyo\1.1.0\Session1\session1_participant28\session1_participant28_gesture15_trial6,1,28,15,HO,2,6
..\data\raw\grabmyo\1.1.0\Session1\session1_participant28\session1_participant28_gesture15_trial7,1,28,15,HO,2,7
..\data\raw\grabmyo\1.1.0\Session1\session1_participant28\session1_participant28_gesture16_trial1,1,28,16,HC,3,1
..\data\raw\grabmyo\1.1.0\Session1\session1_participant28\session1_participant28_gesture16_trial2,1,28,16,HC,3,2
..\data\raw\grabmyo\1.1.0\Session1\session1_participant28\session1_participant28_gesture16_trial3,1,28,16,HC,3,3
..\data\raw\grabmyo\1.1.0\Session1\session1_participant28\session1_participant28_gesture16_trial4,1,28,16,HC,3,4
..\data\raw\grabmyo\1.1.0\Session1\session1_participant28\session1_participant28_gesture16_trial5,1,28,16,HC,3,5
..\data\raw\grabmyo\1.1.0\Session1\session1_participant28\session1_participant28_gesture16_trial6,1,28,16,HC,3,6
..\data\raw\grabmyo\1.1.0\Session1\session1_participant28\session1_participant28_gesture16_trial7,1,28,16,HC,3,7
..\data\raw\grabmyo\1.1.0\Session2\session2_participant28\session2_participant28_gesture11_trial1,2,28,11,WF,0,1
..\data\raw\grabmyo\1.1.0\Session2\session2_participant28\session2_participant28_gesture11_trial2,2,28,11,WF,0,2
..\data\raw\grabmyo\1.1.0\Session2\session2_participant28\session2_participant28_gesture11_trial3,2,28,11,WF,0,3
..\data\raw\grabmyo\1.1.0\Session2\session2_participant28\session2_participant28_gesture11_trial4,2,28,11,WF,0,4
..\data\raw\grabmyo\1.1.0\Session2\session2_participant28\session2_participant28_gesture11_trial5,2,28,11,WF,0,5
..\data\raw\grabmyo\1.1.0\Session2\session2_participant28\session2_participant28_gesture11_trial6,2,28,11,WF,0,6
..\data\raw\grabmyo\1.1.0\Session2\session2_participant28\session2_participant28_gesture11_trial7,2,28,11,WF,0,7
..\data\raw\grabmyo\1.1.0\Session2\session2_participant28\session2_participant28_gesture12_trial1,2,28,12,WE,1,1
..\data\raw\grabmyo\1.1.0\Session2\session2_participant28\session2_participant28_gesture12_trial2,2,28,12,WE,1,2
..\data\raw\grabmyo\1.1.0\Session2\session2_participant28\session2_participant28_gesture12_trial3,2,28,12,WE,1,3
..\data\raw\grabmyo\1.1.0\Session2\session2_participant28\session2_participant28_gesture12_trial4,2,28,12,WE,1,4
..\data\raw\grabmyo\1.1.0\Session2\session2_participant28\session2_participant28_gesture12_trial5,2,28,12,WE,1,5
..\data\raw\grabmyo\1.1.0\Session2\session2_participant28\session2_participant28_gesture12_trial6,2,28,12,WE,1,6
..\data\raw\grabmyo\1.1.0\Session2\session2_participant28\session2_participant28_gesture12_trial7,2,28,12,WE,1,7
..\data\raw\grabmyo\1.1.0\Session2\session2_participant28\session2_participant28_gesture15_trial1,2,28,15,HO,2,1
..\data\raw\grabmyo\1.1.0\Session2\session2_participant28\session2_participant28_gesture15_trial2,2,28,15,HO,2,2
..\data\raw\grabmyo\1.1.0\Session2\session2_participant28\session2_participant28_gesture15_trial3,2,28,15,HO,2,3
..\data\raw\grabmyo\1.1.0\Session2\session2_participant28\session2_participant28_gesture15_trial4,2,28,15,HO,2,4
..\data\raw\grabmyo\1.1.0\Session2\session2_participant28\session2_participant28_gesture15_trial5,2,28,15,HO,2,5
..\data\raw\grabmyo\1.1.0\Session2\session2_participant28\session2_participant28_gesture15_trial6,2,28,15,HO,2,6
..\data\raw\grabmyo\1.1.0\Session2\session2_participant28\session2_participant28_gesture15_trial7,2,28,15,HO,2,7
..\data\raw\grabmyo\1.1.0\Session2\session2_participant28\session2_participant28_gesture16_trial1,2,28,16,HC,3,1
..\data\raw\grabmyo\1.1.0\Session2\session2_participant28\session2_participant28_gesture16_trial2,2,28,16,HC,3,2
..\data\raw\grabmyo\1.1.0\Session2\session2_participant28\session2_participant28_gesture16_trial3,2,28,16,HC,3,3
..\data\raw\grabmyo\1.1.0\Session2\session2_participant28\session2_participant28_gesture16_trial4,2,28,16,HC,3,4
..\data\raw\grabmyo\1.1.0\Session2\session2_participant28\session2_participant28_gesture16_trial5,2,28,16,HC,3,5
..\data\raw\grabmyo\1.1.0\Session2\session2_participant28\session2_participant28_gesture16_trial6,2,28,16,HC,3,6
..\data\raw\grabmyo\1.1.0\Session2\session2_participant28\session2_participant28_gesture16_trial7,2,28,16,HC,3,7
..\data\raw\grabmyo\1.1.0\Session3\session3_participant28\session3_participant28_gesture11_trial1,3,28,11,WF,0,1
..\data\raw\grabmyo\1.1.0\Session3\session3_participant28\session3_participant28_gesture11_trial2,3,28,11,WF,0,2
..\data\raw\grabmyo\1.1.0\Session3\session3_participant28\session3_participant28_gesture11_trial3,3,28,11,WF,0,3
..\data\raw\grabmyo\1.1.0\Session3\session3_participant28\session3_participant28_gesture11_trial4,3,28,11,WF,0,4
..\data\raw\grabmyo\1.1.0\Session3\session3_participant28\session3_participant28_gesture11_trial5,3,28,11,WF,0,5
..\data\raw\grabmyo\1.1.0\Session3\session3_participant28\session3_participant28_gesture11_trial6,3,28,11,WF,0,6
..\data\raw\grabmyo\1.1.0\Session3\session3_participant28\session3_participant28_gesture11_trial7,3,28,11,WF,0,7
..\data\raw\grabmyo\1.1.0\Session3\session3_participant28\session3_participant28_gesture12_trial1,3,28,12,WE,1,1
..\data\raw\grabmyo\1.1.0\Session3\session3_participant28\session3_participant28_gesture12_trial2,3,28,12,WE,1,2
..\data\raw\grabmyo\1.1.0\Session3\session3_participant28\session3_participant28_gesture12_trial3,3,28,12,WE,1,3
..\data\raw\grabmyo\1.1.0\Session3\session3_participant28\session3_participant28_gesture12_trial4,3,28,12,WE,1,4
..\data\raw\grabmyo\1.1.0\Session3\session3_participant28\session3_participant28_gesture12_trial5,3,28,12,WE,1,5
..\data\raw\grabmyo\1.1.0\Session3\session3_participant28\session3_participant28_gesture12_trial6,3,28,12,WE,1,6
..\data\raw\grabmyo\1.1.0\Session3\session3_participant28\session3_participant28_gesture12_trial7,3,28,12,WE,1,7
..\data\raw\grabmyo\1.1.0\Session3\session3_participant28\session3_participant28_gesture15_trial1,3,28,15,HO,2,1
..\data\raw\grabmyo\1.1.0\Session3\session3_participant28\session3_participant28_gesture15_trial2,3,28,15,HO,2,2
..\data\raw\grabmyo\1.1.0\Session3\session3_participant28\session3_participant28_gesture15_trial3,3,28,15,HO,2,3
..\data\raw\grabmyo\1.1.0\Session3\session3_participant28\session3_participant28_gesture15_trial4,3,28,15,HO,2,4
..\data\raw\grabmyo\1.1.0\Session3\session3_participant28\session3_participant28_gesture15_trial5,3,28,15,HO,2,5
..\data\raw\grabmyo\1.1.0\Session3\session3_participant28\session3_participant28_gesture15_trial6,3,28,15,HO,2,6
..\data\raw\grabmyo\1.1.0\Session3\session3_participant28\session3_participant28_gesture15_trial7,3,28,15,HO,2,7
..\data\raw\grabmyo\1.1.0\Session3\session3_participant28\session3_participant28_gesture16_trial1,3,28,16,HC,3,1
..\data\raw\grabmyo\1.1.0\Session3\session3_participant28\session3_participant28_gesture16_trial2,3,28,16,HC,3,2
..\data\raw\grabmyo\1.1.0\Session3\session3_participant28\session3_participant28_gesture16_trial3,3,28,16,HC,3,3
..\data\raw\grabmyo\1.1.0\Session3\session3_participant28\session3_participant28_gesture16_trial4,3,28,16,HC,3,4
..\data\raw\grabmyo\1.1.0\Session3\session3_participant28\session3_participant28_gesture16_trial5,3,28,16,HC,3,5
..\data\raw\grabmyo\1.1.0\Session3\session3_participant28\session3_participant28_gesture16_trial6,3,28,16,HC,3,6
..\data\raw\grabmyo\1.1.0\Session3\session3_participant28\session3_participant28_gesture16_trial7,3,28,16,HC,3,7
..\data\raw\grabmyo\1.1.0\Session1\session1_participant29\session1_participant29_gesture11_trial1,1,29,11,WF,0,1
..\data\raw\grabmyo\1.1.0\Session1\session1_participant29\session1_participant29_gesture11_trial2,1,29,11,WF,0,2
..\data\raw\grabmyo\1.1.0\Session1\session1_participant29\session1_participant29_gesture11_trial3,1,29,11,WF,0,3
..\data\raw\grabmyo\1.1.0\Session1\session1_participant29\session1_participant29_gesture11_trial4,1,29,11,WF,0,4
..\data\raw\grabmyo\1.1.0\Session1\session1_participant29\session1_participant29_gesture11_trial5,1,29,11,WF,0,5
..\data\raw\grabmyo\1.1.0\Session1\session1_participant29\session1_participant29_gesture11_trial6,1,29,11,WF,0,6
..\data\raw\grabmyo\1.1.0\Session1\session1_participant29\session1_participant29_gesture11_trial7,1,29,11,WF,0,7
..\data\raw\grabmyo\1.1.0\Session1\session1_participant29\session1_participant29_gesture12_trial1,1,29,12,WE,1,1
..\data\raw\grabmyo\1.1.0\Session1\session1_participant29\session1_participant29_gesture12_trial2,1,29,12,WE,1,2
..\data\raw\grabmyo\1.1.0\Session1\session1_participant29\session1_participant29_gesture12_trial3,1,29,12,WE,1,3
..\data\raw\grabmyo\1.1.0\Session1\session1_participant29\session1_participant29_gesture12_trial4,1,29,12,WE,1,4
..\data\raw\grabmyo\1.1.0\Session1\session1_participant29\session1_participant29_gesture12_trial5,1,29,12,WE,1,5
..\data\raw\grabmyo\1.1.0\Session1\session1_participant29\session1_participant29_gesture12_trial6,1,29,12,WE,1,6
..\data\raw\grabmyo\1.1.0\Session1\session1_participant29\session1_participant29_gesture12_trial7,1,29,12,WE,1,7
..\data\raw\grabmyo\1.1.0\Session1\session1_participant29\session1_participant29_gesture15_trial1,1,29,15,HO,2,1
..\data\raw\grabmyo\1.1.0\Session1\session1_participant29\session1_participant29_gesture15_trial2,1,29,15,HO,2,2
..\data\raw\grabmyo\1.1.0\Session1\session1_participant29\session1_participant29_gesture15_trial3,1,29,15,HO,2,3
..\data\raw\grabmyo\1.1.0\Session1\session1_participant29\session1_participant29_gesture15_trial4,1,29,15,HO,2,4
..\data\raw\grabmyo\1.1.0\Session1\session1_participant29\session1_participant29_gesture15_trial5,1,29,15,HO,2,5
..\data\raw\grabmyo\1.1.0\Session1\session1_participant29\session1_participant29_gesture15_trial6,1,29,15,HO,2,6
..\data\raw\grabmyo\1.1.0\Session1\session1_participant29\session1_participant29_gesture15_trial7,1,29,15,HO,2,7
..\data\raw\grabmyo\1.1.0\Session1\session1_participant29\session1_participant29_gesture16_trial1,1,29,16,HC,3,1
..\data\raw\grabmyo\1.1.0\Session1\session1_participant29\session1_participant29_gesture16_trial2,1,29,16,HC,3,2
..\data\raw\grabmyo\1.1.0\Session1\session1_participant29\session1_participant29_gesture16_trial3,1,29,16,HC,3,3
..\data\raw\grabmyo\1.1.0\Session1\session1_participant29\session1_participant29_gesture16_trial4,1,29,16,HC,3,4
..\data\raw\grabmyo\1.1.0\Session1\session1_participant29\session1_participant29_gesture16_trial5,1,29,16,HC,3,5
..\data\raw\grabmyo\1.1.0\Session1\session1_participant29\session1_participant29_gesture16_trial6,1,29,16,HC,3,6
..\data\raw\grabmyo\1.1.0\Session1\session1_participant29\session1_participant29_gesture16_trial7,1,29,16,HC,3,7
..\data\raw\grabmyo\1.1.0\Session2\session2_participant29\session2_participant29_gesture11_trial1,2,29,11,WF,0,1
..\data\raw\grabmyo\1.1.0\Session2\session2_participant29\session2_participant29_gesture11_trial2,2,29,11,WF,0,2
..\data\raw\grabmyo\1.1.0\Session2\session2_participant29\session2_participant29_gesture11_trial3,2,29,11,WF,0,3
..\data\raw\grabmyo\1.1.0\Session2\session2_participant29\session2_participant29_gesture11_trial4,2,29,11,WF,0,4
..\data\raw\grabmyo\1.1.0\Session2\session2_participant29\session2_participant29_gesture11_trial5,2,29,11,WF,0,5
..\data\raw\grabmyo\1.1.0\Session2\session2_participant29\session2_participant29_gesture11_trial6,2,29,11,WF,0,6
..\data\raw\grabmyo\1.1.0\Session2\session2_participant29\session2_participant29_gesture11_trial7,2,29,11,WF,0,7
..\data\raw\grabmyo\1.1.0\Session2\session2_participant29\session2_participant29_gesture12_trial1,2,29,12,WE,1,1
..\data\raw\grabmyo\1.1.0\Session2\session2_participant29\session2_participant29_gesture12_trial2,2,29,12,WE,1,2
..\data\raw\grabmyo\1.1.0\Session2\session2_participant29\session2_participant29_gesture12_trial3,2,29,12,WE,1,3
..\data\raw\grabmyo\1.1.0\Session2\session2_participant29\session2_participant29_gesture12_trial4,2,29,12,WE,1,4
..\data\raw\grabmyo\1.1.0\Session2\session2_participant29\session2_participant29_gesture12_trial5,2,29,12,WE,1,5
..\data\raw\grabmyo\1.1.0\Session2\session2_participant29\session2_participant29_gesture12_trial6,2,29,12,WE,1,6
..\data\raw\grabmyo\1.1.0\Session2\session2_participant29\session2_participant29_gesture12_trial7,2,29,12,WE,1,7
..\data\raw\grabmyo\1.1.0\Session2\session2_participant29\session2_participant29_gesture15_trial1,2,29,15,HO,2,1
..\data\raw\grabmyo\1.1.0\Session2\session2_participant29\session2_participant29_gesture15_trial2,2,29,15,HO,2,2
..\data\raw\grabmyo\1.1.0\Session2\session2_participant29\session2_participant29_gesture15_trial3,2,29,15,HO,2,3
..\data\raw\grabmyo\1.1.0\Session2\session2_participant29\session2_participant29_gesture15_trial4,2,29,15,HO,2,4
..\data\raw\grabmyo\1.1.0\Session2\session2_participant29\session2_participant29_gesture15_trial5,2,29,15,HO,2,5
..\data\raw\grabmyo\1.1.0\Session2\session2_participant29\session2_participant29_gesture15_trial6,2,29,15,HO,2,6
..\data\raw\grabmyo\1.1.0\Session2\session2_participant29\session2_participant29_gesture15_trial7,2,29,15,HO,2,7
..\data\raw\grabmyo\1.1.0\Session2\session2_participant29\session2_participant29_gesture16_trial1,2,29,16,HC,3,1
..\data\raw\grabmyo\1.1.0\Session2\session2_participant29\session2_participant29_gesture16_trial2,2,29,16,HC,3,2
..\data\raw\grabmyo\1.1.0\Session2\session2_participant29\session2_participant29_gesture16_trial3,2,29,16,HC,3,3
..\data\raw\grabmyo\1.1.0\Session2\session2_participant29\session2_participant29_gesture16_trial4,2,29,16,HC,3,4
..\data\raw\grabmyo\1.1.0\Session2\session2_participant29\session2_participant29_gesture16_trial5,2,29,16,HC,3,5
..\data\raw\grabmyo\1.1.0\Session2\session2_participant29\session2_participant29_gesture16_trial6,2,29,16,HC,3,6
..\data\raw\grabmyo\1.1.0\Session2\session2_participant29\session2_participant29_gesture16_trial7,2,29,16,HC,3,7
..\data\raw\grabmyo\1.1.0\Session3\session3_participant29\session3_participant29_gesture11_trial1,3,29,11,WF,0,1
..\data\raw\grabmyo\1.1.0\Session3\session3_participant29\session3_participant29_gesture11_trial2,3,29,11,WF,0,2
..\data\raw\grabmyo\1.1.0\Session3\session3_participant29\session3_participant29_gesture11_trial3,3,29,11,WF,0,3
..\data\raw\grabmyo\1.1.0\Session3\session3_participant29\session3_participant29_gesture11_trial4,3,29,11,WF,0,4
..\data\raw\grabmyo\1.1.0\Session3\session3_participant29\session3_participant29_gesture11_trial5,3,29,11,WF,0,5
..\data\raw\grabmyo\1.1.0\Session3\session3_participant29\session3_participant29_gesture11_trial6,3,29,11,WF,0,6
..\data\raw\grabmyo\1.1.0\Session3\session3_participant29\session3_participant29_gesture11_trial7,3,29,11,WF,0,7
..\data\raw\grabmyo\1.1.0\Session3\session3_participant29\session3_participant29_gesture12_trial1,3,29,12,WE,1,1
..\data\raw\grabmyo\1.1.0\Session3\session3_participant29\session3_participant29_gesture12_trial2,3,29,12,WE,1,2
..\data\raw\grabmyo\1.1.0\Session3\session3_participant29\session3_participant29_gesture12_trial3,3,29,12,WE,1,3
..\data\raw\grabmyo\1.1.0\Session3\session3_participant29\session3_participant29_gesture12_trial4,3,29,12,WE,1,4
..\data\raw\grabmyo\1.1.0\Session3\session3_participant29\session3_participant29_gesture12_trial5,3,29,12,WE,1,5
..\data\raw\grabmyo\1.1.0\Session3\session3_participant29\session3_participant29_gesture12_trial6,3,29,12,WE,1,6
..\data\raw\grabmyo\1.1.0\Session3\session3_participant29\session3_participant29_gesture12_trial7,3,29,12,WE,1,7
..\data\raw\grabmyo\1.1.0\Session3\session3_participant29\session3_participant29_gesture15_trial1,3,29,15,HO,2,1
..\data\raw\grabmyo\1.1.0\Session3\session3_participant29\session3_participant29_gesture15_trial2,3,29,15,HO,2,2
..\data\raw\grabmyo\1.1.0\Session3\session3_participant29\session3_participant29_gesture15_trial3,3,29,15,HO,2,3
..\data\raw\grabmyo\1.1.0\Session3\session3_participant29\session3_participant29_gesture15_trial4,3,29,15,HO,2,4
..\data\raw\grabmyo\1.1.0\Session3\session3_participant29\session3_participant29_gesture15_trial5,3,29,15,HO,2,5
..\data\raw\grabmyo\1.1.0\Session3\session3_participant29\session3_participant29_gesture15_trial6,3,29,15,HO,2,6
..\data\raw\grabmyo\1.1.0\Session3\session3_participant29\session3_participant29_gesture15_trial7,3,29,15,HO,2,7
..\data\raw\grabmyo\1.1.0\Session3\session3_participant29\session3_participant29_gesture16_trial1,3,29,16,HC,3,1
..\data\raw\grabmyo\1.1.0\Session3\session3_participant29\session3_participant29_gesture16_trial2,3,29,16,HC,3,2
..\data\raw\grabmyo\1.1.0\Session3\session3_participant29\session3_participant29_gesture16_trial3,3,29,16,HC,3,3
..\data\raw\grabmyo\1.1.0\Session3\session3_participant29\session3_participant29_gesture16_trial4,3,29,16,HC,3,4
..\data\raw\grabmyo\1.1.0\Session3\session3_participant29\session3_participant29_gesture16_trial5,3,29,16,HC,3,5
..\data\raw\grabmyo\1.1.0\Session3\session3_participant29\session3_participant29_gesture16_trial6,3,29,16,HC,3,6
..\data\raw\grabmyo\1.1.0\Session3\session3_participant29\session3_participant29_gesture16_trial7,3,29,16,HC,3,7
..\data\raw\grabmyo\1.1.0\Session1\session1_participant30\session1_participant30_gesture11_trial1,1,30,11,WF,0,1
..\data\raw\grabmyo\1.1.0\Session1\session1_participant30\session1_participant30_gesture11_trial2,1,30,11,WF,0,2
..\data\raw\grabmyo\1.1.0\Session1\session1_participant30\session1_participant30_gesture11_trial3,1,30,11,WF,0,3
..\data\raw\grabmyo\1.1.0\Session1\session1_participant30\session1_participant30_gesture11_trial4,1,30,11,WF,0,4
..\data\raw\grabmyo\1.1.0\Session1\session1_participant30\session1_participant30_gesture11_trial5,1,30,11,WF,0,5
..\data\raw\grabmyo\1.1.0\Session1\session1_participant30\session1_participant30_gesture11_trial6,1,30,11,WF,0,6
..\data\raw\grabmyo\1.1.0\Session1\session1_participant30\session1_participant30_gesture11_trial7,1,30,11,WF,0,7
..\data\raw\grabmyo\1.1.0\Session1\session1_participant30\session1_participant30_gesture12_trial1,1,30,12,WE,1,1
..\data\raw\grabmyo\1.1.0\Session1\session1_participant30\session1_participant30_gesture12_trial2,1,30,12,WE,1,2
..\data\raw\grabmyo\1.1.0\Session1\session1_participant30\session1_participant30_gesture12_trial3,1,30,12,WE,1,3
..\data\raw\grabmyo\1.1.0\Session1\session1_participant30\session1_participant30_gesture12_trial4,1,30,12,WE,1,4
..\data\raw\grabmyo\1.1.0\Session1\session1_participant30\session1_participant30_gesture12_trial5,1,30,12,WE,1,5
..\data\raw\grabmyo\1.1.0\Session1\session1_participant30\session1_participant30_gesture12_trial6,1,30,12,WE,1,6
..\data\raw\grabmyo\1.1.0\Session1\session1_participant30\session1_participant30_gesture12_trial7,1,30,12,WE,1,7
..\data\raw\grabmyo\1.1.0\Session1\session1_participant30\session1_participant30_gesture15_trial1,1,30,15,HO,2,1
..\data\raw\grabmyo\1.1.0\Session1\session1_participant30\session1_participant30_gesture15_trial2,1,30,15,HO,2,2
..\data\raw\grabmyo\1.1.0\Session1\session1_participant30\session1_participant30_gesture15_trial3,1,30,15,HO,2,3
..\data\raw\grabmyo\1.1.0\Session1\session1_participant30\session1_participant30_gesture15_trial4,1,30,15,HO,2,4
..\data\raw\grabmyo\1.1.0\Session1\session1_participant30\session1_participant30_gesture15_trial5,1,30,15,HO,2,5
..\data\raw\grabmyo\1.1.0\Session1\session1_participant30\session1_participant30_gesture15_trial6,1,30,15,HO,2,6
..\data\raw\grabmyo\1.1.0\Session1\session1_participant30\session1_participant30_gesture15_trial7,1,30,15,HO,2,7
..\data\raw\grabmyo\1.1.0\Session1\session1_participant30\session1_participant30_gesture16_trial1,1,30,16,HC,3,1
..\data\raw\grabmyo\1.1.0\Session1\session1_participant30\session1_participant30_gesture16_trial2,1,30,16,HC,3,2
..\data\raw\grabmyo\1.1.0\Session1\session1_participant30\session1_participant30_gesture16_trial3,1,30,16,HC,3,3
..\data\raw\grabmyo\1.1.0\Session1\session1_participant30\session1_participant30_gesture16_trial4,1,30,16,HC,3,4
..\data\raw\grabmyo\1.1.0\Session1\session1_participant30\session1_participant30_gesture16_trial5,1,30,16,HC,3,5
..\data\raw\grabmyo\1.1.0\Session1\session1_participant30\session1_participant30_gesture16_trial6,1,30,16,HC,3,6
..\data\raw\grabmyo\1.1.0\Session1\session1_participant30\session1_participant30_gesture16_trial7,1,30,16,HC,3,7
..\data\raw\grabmyo\1.1.0\Session2\session2_participant30\session2_participant30_gesture11_trial1,2,30,11,WF,0,1
..\data\raw\grabmyo\1.1.0\Session2\session2_participant30\session2_participant30_gesture11_trial2,2,30,11,WF,0,2
..\data\raw\grabmyo\1.1.0\Session2\session2_participant30\session2_participant30_gesture11_trial3,2,30,11,WF,0,3
..\data\raw\grabmyo\1.1.0\Session2\session2_participant30\session2_participant30_gesture11_trial4,2,30,11,WF,0,4
..\data\raw\grabmyo\1.1.0\Session2\session2_participant30\session2_participant30_gesture11_trial5,2,30,11,WF,0,5
..\data\raw\grabmyo\1.1.0\Session2\session2_participant30\session2_participant30_gesture11_trial6,2,30,11,WF,0,6
..\data\raw\grabmyo\1.1.0\Session2\session2_participant30\session2_participant30_gesture11_trial7,2,30,11,WF,0,7
..\data\raw\grabmyo\1.1.0\Session2\session2_participant30\session2_participant30_gesture12_trial1,2,30,12,WE,1,1
..\data\raw\grabmyo\1.1.0\Session2\session2_participant30\session2_participant30_gesture12_trial2,2,30,12,WE,1,2
..\data\raw\grabmyo\1.1.0\Session2\session2_participant30\session2_participant30_gesture12_trial3,2,30,12,WE,1,3
..\data\raw\grabmyo\1.1.0\Session2\session2_participant30\session2_participant30_gesture12_trial4,2,30,12,WE,1,4
..\data\raw\grabmyo\1.1.0\Session2\session2_participant30\session2_participant30_gesture12_trial5,2,30,12,WE,1,5
..\data\raw\grabmyo\1.1.0\Session2\session2_participant30\session2_participant30_gesture12_trial6,2,30,12,WE,1,6
..\data\raw\grabmyo\1.1.0\Session2\session2_participant30\session2_participant30_gesture12_trial7,2,30,12,WE,1,7
..\data\raw\grabmyo\1.1.0\Session2\session2_participant30\session2_participant30_gesture15_trial1,2,30,15,HO,2,1
..\data\raw\grabmyo\1.1.0\Session2\session2_participant30\session2_participant30_gesture15_trial2,2,30,15,HO,2,2
..\data\raw\grabmyo\1.1.0\Session2\session2_participant30\session2_participant30_gesture15_trial3,2,30,15,HO,2,3
..\data\raw\grabmyo\1.1.0\Session2\session2_participant30\session2_participant30_gesture15_trial4,2,30,15,HO,2,4
..\data\raw\grabmyo\1.1.0\Session2\session2_participant30\session2_participant30_gesture15_trial5,2,30,15,HO,2,5
..\data\raw\grabmyo\1.1.0\Session2\session2_participant30\session2_participant30_gesture15_trial6,2,30,15,HO,2,6
..\data\raw\grabmyo\1.1.0\Session2\session2_participant30\session2_participant30_gesture15_trial7,2,30,15,HO,2,7
..\data\raw\grabmyo\1.1.0\Session2\session2_participant30\session2_participant30_gesture16_trial1,2,30,16,HC,3,1
..\data\raw\grabmyo\1.1.0\Session2\session2_participant30\session2_participant30_gesture16_trial2,2,30,16,HC,3,2
..\data\raw\grabmyo\1.1.0\Session2\session2_participant30\session2_participant30_gesture16_trial3,2,30,16,HC,3,3
..\data\raw\grabmyo\1.1.0\Session2\session2_participant30\session2_participant30_gesture16_trial4,2,30,16,HC,3,4
..\data\raw\grabmyo\1.1.0\Session2\session2_participant30\session2_participant30_gesture16_trial5,2,30,16,HC,3,5
..\data\raw\grabmyo\1.1.0\Session2\session2_participant30\session2_participant30_gesture16_trial6,2,30,16,HC,3,6
..\data\raw\grabmyo\1.1.0\Session2\session2_participant30\session2_participant30_gesture16_trial7,2,30,16,HC,3,7
..\data\raw\grabmyo\1.1.0\Session3\session3_participant30\session3_participant30_gesture11_trial1,3,30,11,WF,0,1
..\data\raw\grabmyo\1.1.0\Session3\session3_participant30\session3_participant30_gesture11_trial2,3,30,11,WF,0,2
..\data\raw\grabmyo\1.1.0\Session3\session3_participant30\session3_participant30_gesture11_trial3,3,30,11,WF,0,3
..\data\raw\grabmyo\1.1.0\Session3\session3_participant30\session3_participant30_gesture11_trial4,3,30,11,WF,0,4
..\data\raw\grabmyo\1.1.0\Session3\session3_participant30\session3_participant30_gesture11_trial5,3,30,11,WF,0,5
..\data\raw\grabmyo\1.1.0\Session3\session3_participant30\session3_participant30_gesture11_trial6,3,30,11,WF,0,6
..\data\raw\grabmyo\1.1.0\Session3\session3_participant30\session3_participant30_gesture11_trial7,3,30,11,WF,0,7
..\data\raw\grabmyo\1.1.0\Session3\session3_participant30\session3_participant30_gesture12_trial1,3,30,12,WE,1,1
..\data\raw\grabmyo\1.1.0\Session3\session3_participant30\session3_participant30_gesture12_trial2,3,30,12,WE,1,2
..\data\raw\grabmyo\1.1.0\Session3\session3_participant30\session3_participant30_gesture12_trial3,3,30,12,WE,1,3
..\data\raw\grabmyo\1.1.0\Session3\session3_participant30\session3_participant30_gesture12_trial4,3,30,12,WE,1,4
..\data\raw\grabmyo\1.1.0\Session3\session3_participant30\session3_participant30_gesture12_trial5,3,30,12,WE,1,5
..\data\raw\grabmyo\1.1.0\Session3\session3_participant30\session3_participant30_gesture12_trial6,3,30,12,WE,1,6
..\data\raw\grabmyo\1.1.0\Session3\session3_participant30\session3_participant30_gesture12_trial7,3,30,12,WE,1,7
..\data\raw\grabmyo\1.1.0\Session3\session3_participant30\session3_participant30_gesture15_trial1,3,30,15,HO,2,1
..\data\raw\grabmyo\1.1.0\Session3\session3_participant30\session3_participant30_gesture15_trial2,3,30,15,HO,2,2
..\data\raw\grabmyo\1.1.0\Session3\session3_participant30\session3_participant30_gesture15_trial3,3,30,15,HO,2,3
..\data\raw\grabmyo\1.1.0\Session3\session3_participant30\session3_participant30_gesture15_trial4,3,30,15,HO,2,4
..\data\raw\grabmyo\1.1.0\Session3\session3_participant30\session3_participant30_gesture15_trial5,3,30,15,HO,2,5
..\data\raw\grabmyo\1.1.0\Session3\session3_participant30\session3_participant30_gesture15_trial6,3,30,15,HO,2,6
..\data\raw\grabmyo\1.1.0\Session3\session3_participant30\session3_participant30_gesture15_trial7,3,30,15,HO,2,7
..\data\raw\grabmyo\1.1.0\Session3\session3_participant30\session3_participant30_gesture16_trial1,3,30,16,HC,3,1
..\data\raw\grabmyo\1.1.0\Session3\session3_participant30\session3_participant30_gesture16_trial2,3,30,16,HC,3,2
..\data\raw\grabmyo\1.1.0\Session3\session3_participant30\session3_participant30_gesture16_trial3,3,30,16,HC,3,3
..\data\raw\grabmyo\1.1.0\Session3\session3_participant30\session3_participant30_gesture16_trial4,3,30,16,HC,3,4
..\data\raw\grabmyo\1.1.0\Session3\session3_participant30\session3_participant30_gesture16_trial5,3,30,16,HC,3,5
..\data\raw\grabmyo\1.1.0\Session3\session3_participant30\session3_participant30_gesture16_trial6,3,30,16,HC,3,6
..\data\raw\grabmyo\1.1.0\Session3\session3_participant30\session3_participant30_gesture16_trial7,3,30,16,HC,3,7
..\data\raw\grabmyo\1.1.0\Session1\session1_participant31\session1_participant31_gesture11_trial1,1,31,11,WF,0,1
..\data\raw\grabmyo\1.1.0\Session1\session1_participant31\session1_participant31_gesture11_trial2,1,31,11,WF,0,2
..\data\raw\grabmyo\1.1.0\Session1\session1_participant31\session1_participant31_gesture11_trial3,1,31,11,WF,0,3
..\data\raw\grabmyo\1.1.0\Session1\session1_participant31\session1_participant31_gesture11_trial4,1,31,11,WF,0,4
..\data\raw\grabmyo\1.1.0\Session1\session1_participant31\session1_participant31_gesture11_trial5,1,31,11,WF,0,5
..\data\raw\grabmyo\1.1.0\Session1\session1_participant31\session1_participant31_gesture11_trial6,1,31,11,WF,0,6
..\data\raw\grabmyo\1.1.0\Session1\session1_participant31\session1_participant31_gesture11_trial7,1,31,11,WF,0,7
..\data\raw\grabmyo\1.1.0\Session1\session1_participant31\session1_participant31_gesture12_trial1,1,31,12,WE,1,1
..\data\raw\grabmyo\1.1.0\Session1\session1_participant31\session1_participant31_gesture12_trial2,1,31,12,WE,1,2
..\data\raw\grabmyo\1.1.0\Session1\session1_participant31\session1_participant31_gesture12_trial3,1,31,12,WE,1,3
..\data\raw\grabmyo\1.1.0\Session1\session1_participant31\session1_participant31_gesture12_trial4,1,31,12,WE,1,4
..\data\raw\grabmyo\1.1.0\Session1\session1_participant31\session1_participant31_gesture12_trial5,1,31,12,WE,1,5
..\data\raw\grabmyo\1.1.0\Session1\session1_participant31\session1_participant31_gesture12_trial6,1,31,12,WE,1,6
..\data\raw\grabmyo\1.1.0\Session1\session1_participant31\session1_participant31_gesture12_trial7,1,31,12,WE,1,7
..\data\raw\grabmyo\1.1.0\Session1\session1_participant31\session1_participant31_gesture15_trial1,1,31,15,HO,2,1
..\data\raw\grabmyo\1.1.0\Session1\session1_participant31\session1_participant31_gesture15_trial2,1,31,15,HO,2,2
..\data\raw\grabmyo\1.1.0\Session1\session1_participant31\session1_participant31_gesture15_trial3,1,31,15,HO,2,3
..\data\raw\grabmyo\1.1.0\Session1\session1_participant31\session1_participant31_gesture15_trial4,1,31,15,HO,2,4
..\data\raw\grabmyo\1.1.0\Session1\session1_participant31\session1_participant31_gesture15_trial5,1,31,15,HO,2,5
..\data\raw\grabmyo\1.1.0\Session1\session1_participant31\session1_participant31_gesture15_trial6,1,31,15,HO,2,6
..\data\raw\grabmyo\1.1.0\Session1\session1_participant31\session1_participant31_gesture15_trial7,1,31,15,HO,2,7
..\data\raw\grabmyo\1.1.0\Session1\session1_participant31\session1_participant31_gesture16_trial1,1,31,16,HC,3,1
..\data\raw\grabmyo\1.1.0\Session1\session1_participant31\session1_participant31_gesture16_trial2,1,31,16,HC,3,2
..\data\raw\grabmyo\1.1.0\Session1\session1_participant31\session1_participant31_gesture16_trial3,1,31,16,HC,3,3
..\data\raw\grabmyo\1.1.0\Session1\session1_participant31\session1_participant31_gesture16_trial4,1,31,16,HC,3,4
..\data\raw\grabmyo\1.1.0\Session1\session1_participant31\session1_participant31_gesture16_trial5,1,31,16,HC,3,5
..\data\raw\grabmyo\1.1.0\Session1\session1_participant31\session1_participant31_gesture16_trial6,1,31,16,HC,3,6
..\data\raw\grabmyo\1.1.0\Session1\session1_participant31\session1_participant31_gesture16_trial7,1,31,16,HC,3,7
..\data\raw\grabmyo\1.1.0\Session2\session2_participant31\session2_participant31_gesture11_trial1,2,31,11,WF,0,1
..\data\raw\grabmyo\1.1.0\Session2\session2_participant31\session2_participant31_gesture11_trial2,2,31,11,WF,0,2
..\data\raw\grabmyo\1.1.0\Session2\session2_participant31\session2_participant31_gesture11_trial3,2,31,11,WF,0,3
..\data\raw\grabmyo\1.1.0\Session2\session2_participant31\session2_participant31_gesture11_trial4,2,31,11,WF,0,4
..\data\raw\grabmyo\1.1.0\Session2\session2_participant31\session2_participant31_gesture11_trial5,2,31,11,WF,0,5
..\data\raw\grabmyo\1.1.0\Session2\session2_participant31\session2_participant31_gesture11_trial6,2,31,11,WF,0,6
..\data\raw\grabmyo\1.1.0\Session2\session2_participant31\session2_participant31_gesture11_trial7,2,31,11,WF,0,7
..\data\raw\grabmyo\1.1.0\Session2\session2_participant31\session2_participant31_gesture12_trial1,2,31,12,WE,1,1
..\data\raw\grabmyo\1.1.0\Session2\session2_participant31\session2_participant31_gesture12_trial2,2,31,12,WE,1,2
..\data\raw\grabmyo\1.1.0\Session2\session2_participant31\session2_participant31_gesture12_trial3,2,31,12,WE,1,3
..\data\raw\grabmyo\1.1.0\Session2\session2_participant31\session2_participant31_gesture12_trial4,2,31,12,WE,1,4
..\data\raw\grabmyo\1.1.0\Session2\session2_participant31\session2_participant31_gesture12_trial5,2,31,12,WE,1,5
..\data\raw\grabmyo\1.1.0\Session2\session2_participant31\session2_participant31_gesture12_trial6,2,31,12,WE,1,6
..\data\raw\grabmyo\1.1.0\Session2\session2_participant31\session2_participant31_gesture12_trial7,2,31,12,WE,1,7
..\data\raw\grabmyo\1.1.0\Session2\session2_participant31\session2_participant31_gesture15_trial1,2,31,15,HO,2,1
..\data\raw\grabmyo\1.1.0\Session2\session2_participant31\session2_participant31_gesture15_trial2,2,31,15,HO,2,2
..\data\raw\grabmyo\1.1.0\Session2\session2_participant31\session2_participant31_gesture15_trial3,2,31,15,HO,2,3
..\data\raw\grabmyo\1.1.0\Session2\session2_participant31\session2_participant31_gesture15_trial4,2,31,15,HO,2,4
..\data\raw\grabmyo\1.1.0\Session2\session2_participant31\session2_participant31_gesture15_trial5,2,31,15,HO,2,5
..\data\raw\grabmyo\1.1.0\Session2\session2_participant31\session2_participant31_gesture15_trial6,2,31,15,HO,2,6
..\data\raw\grabmyo\1.1.0\Session2\session2_participant31\session2_participant31_gesture15_trial7,2,31,15,HO,2,7
..\data\raw\grabmyo\1.1.0\Session2\session2_participant31\session2_participant31_gesture16_trial1,2,31,16,HC,3,1
..\data\raw\grabmyo\1.1.0\Session2\session2_participant31\session2_participant31_gesture16_trial2,2,31,16,HC,3,2
..\data\raw\grabmyo\1.1.0\Session2\session2_participant31\session2_participant31_gesture16_trial3,2,31,16,HC,3,3
..\data\raw\grabmyo\1.1.0\Session2\session2_participant31\session2_participant31_gesture16_trial4,2,31,16,HC,3,4
..\data\raw\grabmyo\1.1.0\Session2\session2_participant31\session2_participant31_gesture16_trial5,2,31,16,HC,3,5
..\data\raw\grabmyo\1.1.0\Session2\session2_participant31\session2_participant31_gesture16_trial6,2,31,16,HC,3,6
..\data\raw\grabmyo\1.1.0\Session2\session2_participant31\session2_participant31_gesture16_trial7,2,31,16,HC,3,7
..\data\raw\grabmyo\1.1.0\Session3\session3_participant31\session3_participant31_gesture11_trial1,3,31,11,WF,0,1
..\data\raw\grabmyo\1.1.0\Session3\session3_participant31\session3_participant31_gesture11_trial2,3,31,11,WF,0,2
..\data\raw\grabmyo\1.1.0\Session3\session3_participant31\session3_participant31_gesture11_trial3,3,31,11,WF,0,3
..\data\raw\grabmyo\1.1.0\Session3\session3_participant31\session3_participant31_gesture11_trial4,3,31,11,WF,0,4
..\data\raw\grabmyo\1.1.0\Session3\session3_participant31\session3_participant31_gesture11_trial5,3,31,11,WF,0,5
..\data\raw\grabmyo\1.1.0\Session3\session3_participant31\session3_participant31_gesture11_trial6,3,31,11,WF,0,6
..\data\raw\grabmyo\1.1.0\Session3\session3_participant31\session3_participant31_gesture11_trial7,3,31,11,WF,0,7
..\data\raw\grabmyo\1.1.0\Session3\session3_participant31\session3_participant31_gesture12_trial1,3,31,12,WE,1,1
..\data\raw\grabmyo\1.1.0\Session3\session3_participant31\session3_participant31_gesture12_trial2,3,31,12,WE,1,2
..\data\raw\grabmyo\1.1.0\Session3\session3_participant31\session3_participant31_gesture12_trial3,3,31,12,WE,1,3
..\data\raw\grabmyo\1.1.0\Session3\session3_participant31\session3_participant31_gesture12_trial4,3,31,12,WE,1,4
..\data\raw\grabmyo\1.1.0\Session3\session3_participant31\session3_participant31_gesture12_trial5,3,31,12,WE,1,5
..\data\raw\grabmyo\1.1.0\Session3\session3_participant31\session3_participant31_gesture12_trial6,3,31,12,WE,1,6
..\data\raw\grabmyo\1.1.0\Session3\session3_participant31\session3_participant31_gesture12_trial7,3,31,12,WE,1,7
..\data\raw\grabmyo\1.1.0\Session3\session3_participant31\session3_participant31_gesture15_trial1,3,31,15,HO,2,1
..\data\raw\grabmyo\1.1.0\Session3\session3_participant31\session3_participant31_gesture15_trial2,3,31,15,HO,2,2
..\data\raw\grabmyo\1.1.0\Session3\session3_participant31\session3_participant31_gesture15_trial3,3,31,15,HO,2,3
..\data\raw\grabmyo\1.1.0\Session3\session3_participant31\session3_participant31_gesture15_trial4,3,31,15,HO,2,4
..\data\raw\grabmyo\1.1.0\Session3\session3_participant31\session3_participant31_gesture15_trial5,3,31,15,HO,2,5
..\data\raw\grabmyo\1.1.0\Session3\session3_participant31\session3_participant31_gesture15_trial6,3,31,15,HO,2,6
..\data\raw\grabmyo\1.1.0\Session3\session3_participant31\session3_participant31_gesture15_trial7,3,31,15,HO,2,7
..\data\raw\grabmyo\1.1.0\Session3\session3_participant31\session3_participant31_gesture16_trial1,3,31,16,HC,3,1
..\data\raw\grabmyo\1.1.0\Session3\session3_participant31\session3_participant31_gesture16_trial2,3,31,16,HC,3,2
..\data\raw\grabmyo\1.1.0\Session3\session3_participant31\session3_participant31_gesture16_trial3,3,31,16,HC,3,3
..\data\raw\grabmyo\1.1.0\Session3\session3_participant31\session3_participant31_gesture16_trial4,3,31,16,HC,3,4
..\data\raw\grabmyo\1.1.0\Session3\session3_participant31\session3_participant31_gesture16_trial5,3,31,16,HC,3,5
..\data\raw\grabmyo\1.1.0\Session3\session3_participant31\session3_participant31_gesture16_trial6,3,31,16,HC,3,6
..\data\raw\grabmyo\1.1.0\Session3\session3_participant31\session3_participant31_gesture16_trial7,3,31,16,HC,3,7
..\data\raw\grabmyo\1.1.0\Session1\session1_participant32\session1_participant32_gesture11_trial1,1,32,11,WF,0,1
..\data\raw\grabmyo\1.1.0\Session1\session1_participant32\session1_participant32_gesture11_trial2,1,32,11,WF,0,2
..\data\raw\grabmyo\1.1.0\Session1\session1_participant32\session1_participant32_gesture11_trial3,1,32,11,WF,0,3
..\data\raw\grabmyo\1.1.0\Session1\session1_participant32\session1_participant32_gesture11_trial4,1,32,11,WF,0,4
..\data\raw\grabmyo\1.1.0\Session1\session1_participant32\session1_participant32_gesture11_trial5,1,32,11,WF,0,5
..\data\raw\grabmyo\1.1.0\Session1\session1_participant32\session1_participant32_gesture11_trial6,1,32,11,WF,0,6
..\data\raw\grabmyo\1.1.0\Session1\session1_participant32\session1_participant32_gesture11_trial7,1,32,11,WF,0,7
..\data\raw\grabmyo\1.1.0\Session1\session1_participant32\session1_participant32_gesture12_trial1,1,32,12,WE,1,1
..\data\raw\grabmyo\1.1.0\Session1\session1_participant32\session1_participant32_gesture12_trial2,1,32,12,WE,1,2
..\data\raw\grabmyo\1.1.0\Session1\session1_participant32\session1_participant32_gesture12_trial3,1,32,12,WE,1,3
..\data\raw\grabmyo\1.1.0\Session1\session1_participant32\session1_participant32_gesture12_trial4,1,32,12,WE,1,4
..\data\raw\grabmyo\1.1.0\Session1\session1_participant32\session1_participant32_gesture12_trial5,1,32,12,WE,1,5
..\data\raw\grabmyo\1.1.0\Session1\session1_participant32\session1_participant32_gesture12_trial6,1,32,12,WE,1,6
..\data\raw\grabmyo\1.1.0\Session1\session1_participant32\session1_participant32_gesture12_trial7,1,32,12,WE,1,7
..\data\raw\grabmyo\1.1.0\Session1\session1_participant32\session1_participant32_gesture15_trial1,1,32,15,HO,2,1
..\data\raw\grabmyo\1.1.0\Session1\session1_participant32\session1_participant32_gesture15_trial2,1,32,15,HO,2,2
..\data\raw\grabmyo\1.1.0\Session1\session1_participant32\session1_participant32_gesture15_trial3,1,32,15,HO,2,3
..\data\raw\grabmyo\1.1.0\Session1\session1_participant32\session1_participant32_gesture15_trial4,1,32,15,HO,2,4
..\data\raw\grabmyo\1.1.0\Session1\session1_participant32\session1_participant32_gesture15_trial5,1,32,15,HO,2,5
..\data\raw\grabmyo\1.1.0\Session1\session1_participant32\session1_participant32_gesture15_trial6,1,32,15,HO,2,6
..\data\raw\grabmyo\1.1.0\Session1\session1_participant32\session1_participant32_gesture15_trial7,1,32,15,HO,2,7
..\data\raw\grabmyo\1.1.0\Session1\session1_participant32\session1_participant32_gesture16_trial1,1,32,16,HC,3,1
..\data\raw\grabmyo\1.1.0\Session1\session1_participant32\session1_participant32_gesture16_trial2,1,32,16,HC,3,2
..\data\raw\grabmyo\1.1.0\Session1\session1_participant32\session1_participant32_gesture16_trial3,1,32,16,HC,3,3
..\data\raw\grabmyo\1.1.0\Session1\session1_participant32\session1_participant32_gesture16_trial4,1,32,16,HC,3,4
..\data\raw\grabmyo\1.1.0\Session1\session1_participant32\session1_participant32_gesture16_trial5,1,32,16,HC,3,5
..\data\raw\grabmyo\1.1.0\Session1\session1_participant32\session1_participant32_gesture16_trial6,1,32,16,HC,3,6
..\data\raw\grabmyo\1.1.0\Session1\session1_participant32\session1_participant32_gesture16_trial7,1,32,16,HC,3,7
..\data\raw\grabmyo\1.1.0\Session2\session2_participant32\session2_participant32_gesture11_trial1,2,32,11,WF,0,1
..\data\raw\grabmyo\1.1.0\Session2\session2_participant32\session2_participant32_gesture11_trial2,2,32,11,WF,0,2
..\data\raw\grabmyo\1.1.0\Session2\session2_participant32\session2_participant32_gesture11_trial3,2,32,11,WF,0,3
..\data\raw\grabmyo\1.1.0\Session2\session2_participant32\session2_participant32_gesture11_trial4,2,32,11,WF,0,4
..\data\raw\grabmyo\1.1.0\Session2\session2_participant32\session2_participant32_gesture11_trial5,2,32,11,WF,0,5
..\data\raw\grabmyo\1.1.0\Session2\session2_participant32\session2_participant32_gesture11_trial6,2,32,11,WF,0,6
..\data\raw\grabmyo\1.1.0\Session2\session2_participant32\session2_participant32_gesture11_trial7,2,32,11,WF,0,7
..\data\raw\grabmyo\1.1.0\Session2\session2_participant32\session2_participant32_gesture12_trial1,2,32,12,WE,1,1
..\data\raw\grabmyo\1.1.0\Session2\session2_participant32\session2_participant32_gesture12_trial2,2,32,12,WE,1,2
..\data\raw\grabmyo\1.1.0\Session2\session2_participant32\session2_participant32_gesture12_trial3,2,32,12,WE,1,3
..\data\raw\grabmyo\1.1.0\Session2\session2_participant32\session2_participant32_gesture12_trial4,2,32,12,WE,1,4
..\data\raw\grabmyo\1.1.0\Session2\session2_participant32\session2_participant32_gesture12_trial5,2,32,12,WE,1,5
..\data\raw\grabmyo\1.1.0\Session2\session2_participant32\session2_participant32_gesture12_trial6,2,32,12,WE,1,6
..\data\raw\grabmyo\1.1.0\Session2\session2_participant32\session2_participant32_gesture12_trial7,2,32,12,WE,1,7
..\data\raw\grabmyo\1.1.0\Session2\session2_participant32\session2_participant32_gesture15_trial1,2,32,15,HO,2,1
..\data\raw\grabmyo\1.1.0\Session2\session2_participant32\session2_participant32_gesture15_trial2,2,32,15,HO,2,2
..\data\raw\grabmyo\1.1.0\Session2\session2_participant32\session2_participant32_gesture15_trial3,2,32,15,HO,2,3
..\data\raw\grabmyo\1.1.0\Session2\session2_participant32\session2_participant32_gesture15_trial4,2,32,15,HO,2,4
..\data\raw\grabmyo\1.1.0\Session2\session2_participant32\session2_participant32_gesture15_trial5,2,32,15,HO,2,5
..\data\raw\grabmyo\1.1.0\Session2\session2_participant32\session2_participant32_gesture15_trial6,2,32,15,HO,2,6
..\data\raw\grabmyo\1.1.0\Session2\session2_participant32\session2_participant32_gesture15_trial7,2,32,15,HO,2,7
..\data\raw\grabmyo\1.1.0\Session2\session2_participant32\session2_participant32_gesture16_trial1,2,32,16,HC,3,1
..\data\raw\grabmyo\1.1.0\Session2\session2_participant32\session2_participant32_gesture16_trial2,2,32,16,HC,3,2
..\data\raw\grabmyo\1.1.0\Session2\session2_participant32\session2_participant32_gesture16_trial3,2,32,16,HC,3,3
..\data\raw\grabmyo\1.1.0\Session2\session2_participant32\session2_participant32_gesture16_trial4,2,32,16,HC,3,4
..\data\raw\grabmyo\1.1.0\Session2\session2_participant32\session2_participant32_gesture16_trial5,2,32,16,HC,3,5
..\data\raw\grabmyo\1.1.0\Session2\session2_participant32\session2_participant32_gesture16_trial6,2,32,16,HC,3,6
..\data\raw\grabmyo\1.1.0\Session2\session2_participant32\session2_participant32_gesture16_trial7,2,32,16,HC,3,7
..\data\raw\grabmyo\1.1.0\Session3\session3_participant32\session3_participant32_gesture11_trial1,3,32,11,WF,0,1
..\data\raw\grabmyo\1.1.0\Session3\session3_participant32\session3_participant32_gesture11_trial2,3,32,11,WF,0,2
..\data\raw\grabmyo\1.1.0\Session3\session3_participant32\session3_participant32_gesture11_trial3,3,32,11,WF,0,3
..\data\raw\grabmyo\1.1.0\Session3\session3_participant32\session3_participant32_gesture11_trial4,3,32,11,WF,0,4
..\data\raw\grabmyo\1.1.0\Session3\session3_participant32\session3_participant32_gesture11_trial5,3,32,11,WF,0,5
..\data\raw\grabmyo\1.1.0\Session3\session3_participant32\session3_participant32_gesture11_trial6,3,32,11,WF,0,6
..\data\raw\grabmyo\1.1.0\Session3\session3_participant32\session3_participant32_gesture11_trial7,3,32,11,WF,0,7
..\data\raw\grabmyo\1.1.0\Session3\session3_participant32\session3_participant32_gesture12_trial1,3,32,12,WE,1,1
..\data\raw\grabmyo\1.1.0\Session3\session3_participant32\session3_participant32_gesture12_trial2,3,32,12,WE,1,2
..\data\raw\grabmyo\1.1.0\Session3\session3_participant32\session3_participant32_gesture12_trial3,3,32,12,WE,1,3
..\data\raw\grabmyo\1.1.0\Session3\session3_participant32\session3_participant32_gesture12_trial4,3,32,12,WE,1,4
..\data\raw\grabmyo\1.1.0\Session3\session3_participant32\session3_participant32_gesture12_trial5,3,32,12,WE,1,5
..\data\raw\grabmyo\1.1.0\Session3\session3_participant32\session3_participant32_gesture12_trial6,3,32,12,WE,1,6
..\data\raw\grabmyo\1.1.0\Session3\session3_participant32\session3_participant32_gesture12_trial7,3,32,12,WE,1,7
..\data\raw\grabmyo\1.1.0\Session3\session3_participant32\session3_participant32_gesture15_trial1,3,32,15,HO,2,1
..\data\raw\grabmyo\1.1.0\Session3\session3_participant32\session3_participant32_gesture15_trial2,3,32,15,HO,2,2
..\data\raw\grabmyo\1.1.0\Session3\session3_participant32\session3_participant32_gesture15_trial3,3,32,15,HO,2,3
..\data\raw\grabmyo\1.1.0\Session3\session3_participant32\session3_participant32_gesture15_trial4,3,32,15,HO,2,4
..\data\raw\grabmyo\1.1.0\Session3\session3_participant32\session3_participant32_gesture15_trial5,3,32,15,HO,2,5
..\data\raw\grabmyo\1.1.0\Session3\session3_participant32\session3_participant32_gesture15_trial6,3,32,15,HO,2,6
..\data\raw\grabmyo\1.1.0\Session3\session3_participant32\session3_participant32_gesture15_trial7,3,32,15,HO,2,7
..\data\raw\grabmyo\1.1.0\Session3\session3_participant32\session3_participant32_gesture16_trial1,3,32,16,HC,3,1
..\data\raw\grabmyo\1.1.0\Session3\session3_participant32\session3_participant32_gesture16_trial2,3,32,16,HC,3,2
..\data\raw\grabmyo\1.1.0\Session3\session3_participant32\session3_participant32_gesture16_trial3,3,32,16,HC,3,3
..\data\raw\grabmyo\1.1.0\Session3\session3_participant32\session3_participant32_gesture16_trial4,3,32,16,HC,3,4
..\data\raw\grabmyo\1.1.0\Session3\session3_participant32\session3_participant32_gesture16_trial5,3,32,16,HC,3,5
..\data\raw\grabmyo\1.1.0\Session3\session3_participant32\session3_participant32_gesture16_trial6,3,32,16,HC,3,6
..\data\raw\grabmyo\1.1.0\Session3\session3_participant32\session3_participant32_gesture16_trial7,3,32,16,HC,3,7
..\data\raw\grabmyo\1.1.0\Session1\session1_participant33\session1_participant33_gesture11_trial1,1,33,11,WF,0,1
..\data\raw\grabmyo\1.1.0\Session1\session1_participant33\session1_participant33_gesture11_trial2,1,33,11,WF,0,2
..\data\raw\grabmyo\1.1.0\Session1\session1_participant33\session1_participant33_gesture11_trial3,1,33,11,WF,0,3
..\data\raw\grabmyo\1.1.0\Session1\session1_participant33\session1_participant33_gesture11_trial4,1,33,11,WF,0,4
..\data\raw\grabmyo\1.1.0\Session1\session1_participant33\session1_participant33_gesture11_trial5,1,33,11,WF,0,5
..\data\raw\grabmyo\1.1.0\Session1\session1_participant33\session1_participant33_gesture11_trial6,1,33,11,WF,0,6
..\data\raw\grabmyo\1.1.0\Session1\session1_participant33\session1_participant33_gesture11_trial7,1,33,11,WF,0,7
..\data\raw\grabmyo\1.1.0\Session1\session1_participant33\session1_participant33_gesture12_trial1,1,33,12,WE,1,1
..\data\raw\grabmyo\1.1.0\Session1\session1_participant33\session1_participant33_gesture12_trial2,1,33,12,WE,1,2
..\data\raw\grabmyo\1.1.0\Session1\session1_participant33\session1_participant33_gesture12_trial3,1,33,12,WE,1,3
..\data\raw\grabmyo\1.1.0\Session1\session1_participant33\session1_participant33_gesture12_trial4,1,33,12,WE,1,4
..\data\raw\grabmyo\1.1.0\Session1\session1_participant33\session1_participant33_gesture12_trial5,1,33,12,WE,1,5
..\data\raw\grabmyo\1.1.0\Session1\session1_participant33\session1_participant33_gesture12_trial6,1,33,12,WE,1,6
..\data\raw\grabmyo\1.1.0\Session1\session1_participant33\session1_participant33_gesture12_trial7,1,33,12,WE,1,7
..\data\raw\grabmyo\1.1.0\Session1\session1_participant33\session1_participant33_gesture15_trial1,1,33,15,HO,2,1
..\data\raw\grabmyo\1.1.0\Session1\session1_participant33\session1_participant33_gesture15_trial2,1,33,15,HO,2,2
..\data\raw\grabmyo\1.1.0\Session1\session1_participant33\session1_participant33_gesture15_trial3,1,33,15,HO,2,3
..\data\raw\grabmyo\1.1.0\Session1\session1_participant33\session1_participant33_gesture15_trial4,1,33,15,HO,2,4
..\data\raw\grabmyo\1.1.0\Session1\session1_participant33\session1_participant33_gesture15_trial5,1,33,15,HO,2,5
..\data\raw\grabmyo\1.1.0\Session1\session1_participant33\session1_participant33_gesture15_trial6,1,33,15,HO,2,6
..\data\raw\grabmyo\1.1.0\Session1\session1_participant33\session1_participant33_gesture15_trial7,1,33,15,HO,2,7
..\data\raw\grabmyo\1.1.0\Session1\session1_participant33\session1_participant33_gesture16_trial1,1,33,16,HC,3,1
..\data\raw\grabmyo\1.1.0\Session1\session1_participant33\session1_participant33_gesture16_trial2,1,33,16,HC,3,2
..\data\raw\grabmyo\1.1.0\Session1\session1_participant33\session1_participant33_gesture16_trial3,1,33,16,HC,3,3
..\data\raw\grabmyo\1.1.0\Session1\session1_participant33\session1_participant33_gesture16_trial4,1,33,16,HC,3,4
..\data\raw\grabmyo\1.1.0\Session1\session1_participant33\session1_participant33_gesture16_trial5,1,33,16,HC,3,5
..\data\raw\grabmyo\1.1.0\Session1\session1_participant33\session1_participant33_gesture16_trial6,1,33,16,HC,3,6
..\data\raw\grabmyo\1.1.0\Session1\session1_participant33\session1_participant33_gesture16_trial7,1,33,16,HC,3,7
..\data\raw\grabmyo\1.1.0\Session2\session2_participant33\session2_participant33_gesture11_trial1,2,33,11,WF,0,1
..\data\raw\grabmyo\1.1.0\Session2\session2_participant33\session2_participant33_gesture11_trial2,2,33,11,WF,0,2
..\data\raw\grabmyo\1.1.0\Session2\session2_participant33\session2_participant33_gesture11_trial3,2,33,11,WF,0,3
..\data\raw\grabmyo\1.1.0\Session2\session2_participant33\session2_participant33_gesture11_trial4,2,33,11,WF,0,4
..\data\raw\grabmyo\1.1.0\Session2\session2_participant33\session2_participant33_gesture11_trial5,2,33,11,WF,0,5
..\data\raw\grabmyo\1.1.0\Session2\session2_participant33\session2_participant33_gesture11_trial6,2,33,11,WF,0,6
..\data\raw\grabmyo\1.1.0\Session2\session2_participant33\session2_participant33_gesture11_trial7,2,33,11,WF,0,7
..\data\raw\grabmyo\1.1.0\Session2\session2_participant33\session2_participant33_gesture12_trial1,2,33,12,WE,1,1
..\data\raw\grabmyo\1.1.0\Session2\session2_participant33\session2_participant33_gesture12_trial2,2,33,12,WE,1,2
..\data\raw\grabmyo\1.1.0\Session2\session2_participant33\session2_participant33_gesture12_trial3,2,33,12,WE,1,3
..\data\raw\grabmyo\1.1.0\Session2\session2_participant33\session2_participant33_gesture12_trial4,2,33,12,WE,1,4
..\data\raw\grabmyo\1.1.0\Session2\session2_participant33\session2_participant33_gesture12_trial5,2,33,12,WE,1,5
..\data\raw\grabmyo\1.1.0\Session2\session2_participant33\session2_participant33_gesture12_trial6,2,33,12,WE,1,6
..\data\raw\grabmyo\1.1.0\Session2\session2_participant33\session2_participant33_gesture12_trial7,2,33,12,WE,1,7
..\data\raw\grabmyo\1.1.0\Session2\session2_participant33\session2_participant33_gesture15_trial1,2,33,15,HO,2,1
..\data\raw\grabmyo\1.1.0\Session2\session2_participant33\session2_participant33_gesture15_trial2,2,33,15,HO,2,2
..\data\raw\grabmyo\1.1.0\Session2\session2_participant33\session2_participant33_gesture15_trial3,2,33,15,HO,2,3
..\data\raw\grabmyo\1.1.0\Session2\session2_participant33\session2_participant33_gesture15_trial4,2,33,15,HO,2,4
..\data\raw\grabmyo\1.1.0\Session2\session2_participant33\session2_participant33_gesture15_trial5,2,33,15,HO,2,5
..\data\raw\grabmyo\1.1.0\Session2\session2_participant33\session2_participant33_gesture15_trial6,2,33,15,HO,2,6
..\data\raw\grabmyo\1.1.0\Session2\session2_participant33\session2_participant33_gesture15_trial7,2,33,15,HO,2,7
..\data\raw\grabmyo\1.1.0\Session2\session2_participant33\session2_participant33_gesture16_trial1,2,33,16,HC,3,1
..\data\raw\grabmyo\1.1.0\Session2\session2_participant33\session2_participant33_gesture16_trial2,2,33,16,HC,3,2
..\data\raw\grabmyo\1.1.0\Session2\session2_participant33\session2_participant33_gesture16_trial3,2,33,16,HC,3,3
..\data\raw\grabmyo\1.1.0\Session2\session2_participant33\session2_participant33_gesture16_trial4,2,33,16,HC,3,4
..\data\raw\grabmyo\1.1.0\Session2\session2_participant33\session2_participant33_gesture16_trial5,2,33,16,HC,3,5
..\data\raw\grabmyo\1.1.0\Session2\session2_participant33\session2_participant33_gesture16_trial6,2,33,16,HC,3,6
..\data\raw\grabmyo\1.1.0\Session2\session2_participant33\session2_participant33_gesture16_trial7,2,33,16,HC,3,7
..\data\raw\grabmyo\1.1.0\Session3\session3_participant33\session3_participant33_gesture11_trial1,3,33,11,WF,0,1
..\data\raw\grabmyo\1.1.0\Session3\session3_participant33\session3_participant33_gesture11_trial2,3,33,11,WF,0,2
..\data\raw\grabmyo\1.1.0\Session3\session3_participant33\session3_participant33_gesture11_trial3,3,33,11,WF,0,3
..\data\raw\grabmyo\1.1.0\Session3\session3_participant33\session3_participant33_gesture11_trial4,3,33,11,WF,0,4
..\data\raw\grabmyo\1.1.0\Session3\session3_participant33\session3_participant33_gesture11_trial5,3,33,11,WF,0,5
..\data\raw\grabmyo\1.1.0\Session3\session3_participant33\session3_participant33_gesture11_trial6,3,33,11,WF,0,6
..\data\raw\grabmyo\1.1.0\Session3\session3_participant33\session3_participant33_gesture11_trial7,3,33,11,WF,0,7
..\data\raw\grabmyo\1.1.0\Session3\session3_participant33\session3_participant33_gesture12_trial1,3,33,12,WE,1,1
..\data\raw\grabmyo\1.1.0\Session3\session3_participant33\session3_participant33_gesture12_trial2,3,33,12,WE,1,2
..\data\raw\grabmyo\1.1.0\Session3\session3_participant33\session3_participant33_gesture12_trial3,3,33,12,WE,1,3
..\data\raw\grabmyo\1.1.0\Session3\session3_participant33\session3_participant33_gesture12_trial4,3,33,12,WE,1,4
..\data\raw\grabmyo\1.1.0\Session3\session3_participant33\session3_participant33_gesture12_trial5,3,33,12,WE,1,5
..\data\raw\grabmyo\1.1.0\Session3\session3_participant33\session3_participant33_gesture12_trial6,3,33,12,WE,1,6
..\data\raw\grabmyo\1.1.0\Session3\session3_participant33\session3_participant33_gesture12_trial7,3,33,12,WE,1,7
..\data\raw\grabmyo\1.1.0\Session3\session3_participant33\session3_participant33_gesture15_trial1,3,33,15,HO,2,1
..\data\raw\grabmyo\1.1.0\Session3\session3_participant33\session3_participant33_gesture15_trial2,3,33,15,HO,2,2
..\data\raw\grabmyo\1.1.0\Session3\session3_participant33\session3_participant33_gesture15_trial3,3,33,15,HO,2,3
..\data\raw\grabmyo\1.1.0\Session3\session3_participant33\session3_participant33_gesture15_trial4,3,33,15,HO,2,4
..\data\raw\grabmyo\1.1.0\Session3\session3_participant33\session3_participant33_gesture15_trial5,3,33,15,HO,2,5
..\data\raw\grabmyo\1.1.0\Session3\session3_participant33\session3_participant33_gesture15_trial6,3,33,15,HO,2,6
..\data\raw\grabmyo\1.1.0\Session3\session3_participant33\session3_participant33_gesture15_trial7,3,33,15,HO,2,7
..\data\raw\grabmyo\1.1.0\Session3\session3_participant33\session3_participant33_gesture16_trial1,3,33,16,HC,3,1
..\data\raw\grabmyo\1.1.0\Session3\session3_participant33\session3_participant33_gesture16_trial2,3,33,16,HC,3,2
..\data\raw\grabmyo\1.1.0\Session3\session3_participant33\session3_participant33_gesture16_trial3,3,33,16,HC,3,3
..\data\raw\grabmyo\1.1.0\Session3\session3_participant33\session3_participant33_gesture16_trial4,3,33,16,HC,3,4
..\data\raw\grabmyo\1.1.0\Session3\session3_participant33\session3_participant33_gesture16_trial5,3,33,16,HC,3,5
..\data\raw\grabmyo\1.1.0\Session3\session3_participant33\session3_participant33_gesture16_trial6,3,33,16,HC,3,6
..\data\raw\grabmyo\1.1.0\Session3\session3_participant33\session3_participant33_gesture16_trial7,3,33,16,HC,3,7
..\data\raw\grabmyo\1.1.0\Session1\session1_participant34\session1_participant34_gesture11_trial1,1,34,11,WF,0,1
..\data\raw\grabmyo\1.1.0\Session1\session1_participant34\session1_participant34_gesture11_trial2,1,34,11,WF,0,2
..\data\raw\grabmyo\1.1.0\Session1\session1_participant34\session1_participant34_gesture11_trial3,1,34,11,WF,0,3
..\data\raw\grabmyo\1.1.0\Session1\session1_participant34\session1_participant34_gesture11_trial4,1,34,11,WF,0,4
..\data\raw\grabmyo\1.1.0\Session1\session1_participant34\session1_participant34_gesture11_trial5,1,34,11,WF,0,5
..\data\raw\grabmyo\1.1.0\Session1\session1_participant34\session1_participant34_gesture11_trial6,1,34,11,WF,0,6
..\data\raw\grabmyo\1.1.0\Session1\session1_participant34\session1_participant34_gesture11_trial7,1,34,11,WF,0,7
..\data\raw\grabmyo\1.1.0\Session1\session1_participant34\session1_participant34_gesture12_trial1,1,34,12,WE,1,1
..\data\raw\grabmyo\1.1.0\Session1\session1_participant34\session1_participant34_gesture12_trial2,1,34,12,WE,1,2
..\data\raw\grabmyo\1.1.0\Session1\session1_participant34\session1_participant34_gesture12_trial3,1,34,12,WE,1,3
..\data\raw\grabmyo\1.1.0\Session1\session1_participant34\session1_participant34_gesture12_trial4,1,34,12,WE,1,4
..\data\raw\grabmyo\1.1.0\Session1\session1_participant34\session1_participant34_gesture12_trial5,1,34,12,WE,1,5
..\data\raw\grabmyo\1.1.0\Session1\session1_participant34\session1_participant34_gesture12_trial6,1,34,12,WE,1,6
..\data\raw\grabmyo\1.1.0\Session1\session1_participant34\session1_participant34_gesture12_trial7,1,34,12,WE,1,7
..\data\raw\grabmyo\1.1.0\Session1\session1_participant34\session1_participant34_gesture15_trial1,1,34,15,HO,2,1
..\data\raw\grabmyo\1.1.0\Session1\session1_participant34\session1_participant34_gesture15_trial2,1,34,15,HO,2,2
..\data\raw\grabmyo\1.1.0\Session1\session1_participant34\session1_participant34_gesture15_trial3,1,34,15,HO,2,3
..\data\raw\grabmyo\1.1.0\Session1\session1_participant34\session1_participant34_gesture15_trial4,1,34,15,HO,2,4
..\data\raw\grabmyo\1.1.0\Session1\session1_participant34\session1_participant34_gesture15_trial5,1,34,15,HO,2,5
..\data\raw\grabmyo\1.1.0\Session1\session1_participant34\session1_participant34_gesture15_trial6,1,34,15,HO,2,6
..\data\raw\grabmyo\1.1.0\Session1\session1_participant34\session1_participant34_gesture15_trial7,1,34,15,HO,2,7
..\data\raw\grabmyo\1.1.0\Session1\session1_participant34\session1_participant34_gesture16_trial1,1,34,16,HC,3,1
..\data\raw\grabmyo\1.1.0\Session1\session1_participant34\session1_participant34_gesture16_trial2,1,34,16,HC,3,2
..\data\raw\grabmyo\1.1.0\Session1\session1_participant34\session1_participant34_gesture16_trial3,1,34,16,HC,3,3
..\data\raw\grabmyo\1.1.0\Session1\session1_participant34\session1_participant34_gesture16_trial4,1,34,16,HC,3,4
..\data\raw\grabmyo\1.1.0\Session1\session1_participant34\session1_participant34_gesture16_trial5,1,34,16,HC,3,5
..\data\raw\grabmyo\1.1.0\Session1\session1_participant34\session1_participant34_gesture16_trial6,1,34,16,HC,3,6
..\data\raw\grabmyo\1.1.0\Session1\session1_participant34\session1_participant34_gesture16_trial7,1,34,16,HC,3,7
..\data\raw\grabmyo\1.1.0\Session2\session2_participant34\session2_participant34_gesture11_trial1,2,34,11,WF,0,1
..\data\raw\grabmyo\1.1.0\Session2\session2_participant34\session2_participant34_gesture11_trial2,2,34,11,WF,0,2
..\data\raw\grabmyo\1.1.0\Session2\session2_participant34\session2_participant34_gesture11_trial3,2,34,11,WF,0,3
..\data\raw\grabmyo\1.1.0\Session2\session2_participant34\session2_participant34_gesture11_trial4,2,34,11,WF,0,4
..\data\raw\grabmyo\1.1.0\Session2\session2_participant34\session2_participant34_gesture11_trial5,2,34,11,WF,0,5
..\data\raw\grabmyo\1.1.0\Session2\session2_participant34\session2_participant34_gesture11_trial6,2,34,11,WF,0,6
..\data\raw\grabmyo\1.1.0\Session2\session2_participant34\session2_participant34_gesture11_trial7,2,34,11,WF,0,7
..\data\raw\grabmyo\1.1.0\Session2\session2_participant34\session2_participant34_gesture12_trial1,2,34,12,WE,1,1
..\data\raw\grabmyo\1.1.0\Session2\session2_participant34\session2_participant34_gesture12_trial2,2,34,12,WE,1,2
..\data\raw\grabmyo\1.1.0\Session2\session2_participant34\session2_participant34_gesture12_trial3,2,34,12,WE,1,3
..\data\raw\grabmyo\1.1.0\Session2\session2_participant34\session2_participant34_gesture12_trial4,2,34,12,WE,1,4
..\data\raw\grabmyo\1.1.0\Session2\session2_participant34\session2_participant34_gesture12_trial5,2,34,12,WE,1,5
..\data\raw\grabmyo\1.1.0\Session2\session2_participant34\session2_participant34_gesture12_trial6,2,34,12,WE,1,6
..\data\raw\grabmyo\1.1.0\Session2\session2_participant34\session2_participant34_gesture12_trial7,2,34,12,WE,1,7
..\data\raw\grabmyo\1.1.0\Session2\session2_participant34\session2_participant34_gesture15_trial1,2,34,15,HO,2,1
..\data\raw\grabmyo\1.1.0\Session2\session2_participant34\session2_participant34_gesture15_trial2,2,34,15,HO,2,2
..\data\raw\grabmyo\1.1.0\Session2\session2_participant34\session2_participant34_gesture15_trial3,2,34,15,HO,2,3
..\data\raw\grabmyo\1.1.0\Session2\session2_participant34\session2_participant34_gesture15_trial4,2,34,15,HO,2,4
..\data\raw\grabmyo\1.1.0\Session2\session2_participant34\session2_participant34_gesture15_trial5,2,34,15,HO,2,5
..\data\raw\grabmyo\1.1.0\Session2\session2_participant34\session2_participant34_gesture15_trial6,2,34,15,HO,2,6
..\data\raw\grabmyo\1.1.0\Session2\session2_participant34\session2_participant34_gesture15_trial7,2,34,15,HO,2,7
..\data\raw\grabmyo\1.1.0\Session2\session2_participant34\session2_participant34_gesture16_trial1,2,34,16,HC,3,1
..\data\raw\grabmyo\1.1.0\Session2\session2_participant34\session2_participant34_gesture16_trial2,2,34,16,HC,3,2
..\data\raw\grabmyo\1.1.0\Session2\session2_participant34\session2_participant34_gesture16_trial3,2,34,16,HC,3,3
..\data\raw\grabmyo\1.1.0\Session2\session2_participant34\session2_participant34_gesture16_trial4,2,34,16,HC,3,4
..\data\raw\grabmyo\1.1.0\Session2\session2_participant34\session2_participant34_gesture16_trial5,2,34,16,HC,3,5
..\data\raw\grabmyo\1.1.0\Session2\session2_participant34\session2_participant34_gesture16_trial6,2,34,16,HC,3,6
..\data\raw\grabmyo\1.1.0\Session2\session2_participant34\session2_participant34_gesture16_trial7,2,34,16,HC,3,7
..\data\raw\grabmyo\1.1.0\Session3\session3_participant34\session3_participant34_gesture11_trial1,3,34,11,WF,0,1
..\data\raw\grabmyo\1.1.0\Session3\session3_participant34\session3_participant34_gesture11_trial2,3,34,11,WF,0,2
..\data\raw\grabmyo\1.1.0\Session3\session3_participant34\session3_participant34_gesture11_trial3,3,34,11,WF,0,3
..\data\raw\grabmyo\1.1.0\Session3\session3_participant34\session3_participant34_gesture11_trial4,3,34,11,WF,0,4
..\data\raw\grabmyo\1.1.0\Session3\session3_participant34\session3_participant34_gesture11_trial5,3,34,11,WF,0,5
..\data\raw\grabmyo\1.1.0\Session3\session3_participant34\session3_participant34_gesture11_trial6,3,34,11,WF,0,6
..\data\raw\grabmyo\1.1.0\Session3\session3_participant34\session3_participant34_gesture11_trial7,3,34,11,WF,0,7
..\data\raw\grabmyo\1.1.0\Session3\session3_participant34\session3_participant34_gesture12_trial1,3,34,12,WE,1,1
..\data\raw\grabmyo\1.1.0\Session3\session3_participant34\session3_participant34_gesture12_trial2,3,34,12,WE,1,2
..\data\raw\grabmyo\1.1.0\Session3\session3_participant34\session3_participant34_gesture12_trial3,3,34,12,WE,1,3
..\data\raw\grabmyo\1.1.0\Session3\session3_participant34\session3_participant34_gesture12_trial4,3,34,12,WE,1,4
..\data\raw\grabmyo\1.1.0\Session3\session3_participant34\session3_participant34_gesture12_trial5,3,34,12,WE,1,5
..\data\raw\grabmyo\1.1.0\Session3\session3_participant34\session3_participant34_gesture12_trial6,3,34,12,WE,1,6
..\data\raw\grabmyo\1.1.0\Session3\session3_participant34\session3_participant34_gesture12_trial7,3,34,12,WE,1,7
..\data\raw\grabmyo\1.1.0\Session3\session3_participant34\session3_participant34_gesture15_trial1,3,34,15,HO,2,1
..\data\raw\grabmyo\1.1.0\Session3\session3_participant34\session3_participant34_gesture15_trial2,3,34,15,HO,2,2
..\data\raw\grabmyo\1.1.0\Session3\session3_participant34\session3_participant34_gesture15_trial3,3,34,15,HO,2,3
..\data\raw\grabmyo\1.1.0\Session3\session3_participant34\session3_participant34_gesture15_trial4,3,34,15,HO,2,4
..\data\raw\grabmyo\1.1.0\Session3\session3_participant34\session3_participant34_gesture15_trial5,3,34,15,HO,2,5
..\data\raw\grabmyo\1.1.0\Session3\session3_participant34\session3_participant34_gesture15_trial6,3,34,15,HO,2,6
..\data\raw\grabmyo\1.1.0\Session3\session3_participant34\session3_participant34_gesture15_trial7,3,34,15,HO,2,7
..\data\raw\grabmyo\1.1.0\Session3\session3_participant34\session3_participant34_gesture16_trial1,3,34,16,HC,3,1
..\data\raw\grabmyo\1.1.0\Session3\session3_participant34\session3_participant34_gesture16_trial2,3,34,16,HC,3,2
..\data\raw\grabmyo\1.1.0\Session3\session3_participant34\session3_participant34_gesture16_trial3,3,34,16,HC,3,3
..\data\raw\grabmyo\1.1.0\Session3\session3_participant34\session3_participant34_gesture16_trial4,3,34,16,HC,3,4
..\data\raw\grabmyo\1.1.0\Session3\session3_participant34\session3_participant34_gesture16_trial5,3,34,16,HC,3,5
..\data\raw\grabmyo\1.1.0\Session3\session3_participant34\session3_participant34_gesture16_trial6,3,34,16,HC,3,6
..\data\raw\grabmyo\1.1.0\Session3\session3_participant34\session3_participant34_gesture16_trial7,3,34,16,HC,3,7
..\data\raw\grabmyo\1.1.0\Session1\session1_participant35\session1_participant35_gesture11_trial1,1,35,11,WF,0,1
..\data\raw\grabmyo\1.1.0\Session1\session1_participant35\session1_participant35_gesture11_trial2,1,35,11,WF,0,2
..\data\raw\grabmyo\1.1.0\Session1\session1_participant35\session1_participant35_gesture11_trial3,1,35,11,WF,0,3
..\data\raw\grabmyo\1.1.0\Session1\session1_participant35\session1_participant35_gesture11_trial4,1,35,11,WF,0,4
..\data\raw\grabmyo\1.1.0\Session1\session1_participant35\session1_participant35_gesture11_trial5,1,35,11,WF,0,5
..\data\raw\grabmyo\1.1.0\Session1\session1_participant35\session1_participant35_gesture11_trial6,1,35,11,WF,0,6
..\data\raw\grabmyo\1.1.0\Session1\session1_participant35\session1_participant35_gesture11_trial7,1,35,11,WF,0,7
..\data\raw\grabmyo\1.1.0\Session1\session1_participant35\session1_participant35_gesture12_trial1,1,35,12,WE,1,1
..\data\raw\grabmyo\1.1.0\Session1\session1_participant35\session1_participant35_gesture12_trial2,1,35,12,WE,1,2
..\data\raw\grabmyo\1.1.0\Session1\session1_participant35\session1_participant35_gesture12_trial3,1,35,12,WE,1,3
..\data\raw\grabmyo\1.1.0\Session1\session1_participant35\session1_participant35_gesture12_trial4,1,35,12,WE,1,4
..\data\raw\grabmyo\1.1.0\Session1\session1_participant35\session1_participant35_gesture12_trial5,1,35,12,WE,1,5
..\data\raw\grabmyo\1.1.0\Session1\session1_participant35\session1_participant35_gesture12_trial6,1,35,12,WE,1,6
..\data\raw\grabmyo\1.1.0\Session1\session1_participant35\session1_participant35_gesture12_trial7,1,35,12,WE,1,7
..\data\raw\grabmyo\1.1.0\Session1\session1_participant35\session1_participant35_gesture15_trial1,1,35,15,HO,2,1
..\data\raw\grabmyo\1.1.0\Session1\session1_participant35\session1_participant35_gesture15_trial2,1,35,15,HO,2,2
..\data\raw\grabmyo\1.1.0\Session1\session1_participant35\session1_participant35_gesture15_trial3,1,35,15,HO,2,3
..\data\raw\grabmyo\1.1.0\Session1\session1_participant35\session1_participant35_gesture15_trial4,1,35,15,HO,2,4
..\data\raw\grabmyo\1.1.0\Session1\session1_participant35\session1_participant35_gesture15_trial5,1,35,15,HO,2,5
..\data\raw\grabmyo\1.1.0\Session1\session1_participant35\session1_participant35_gesture15_trial6,1,35,15,HO,2,6
..\data\raw\grabmyo\1.1.0\Session1\session1_participant35\session1_participant35_gesture15_trial7,1,35,15,HO,2,7
..\data\raw\grabmyo\1.1.0\Session1\session1_participant35\session1_participant35_gesture16_trial1,1,35,16,HC,3,1
..\data\raw\grabmyo\1.1.0\Session1\session1_participant35\session1_participant35_gesture16_trial2,1,35,16,HC,3,2
..\data\raw\grabmyo\1.1.0\Session1\session1_participant35\session1_participant35_gesture16_trial3,1,35,16,HC,3,3
..\data\raw\grabmyo\1.1.0\Session1\session1_participant35\session1_participant35_gesture16_trial4,1,35,16,HC,3,4
..\data\raw\grabmyo\1.1.0\Session1\session1_participant35\session1_participant35_gesture16_trial5,1,35,16,HC,3,5
..\data\raw\grabmyo\1.1.0\Session1\session1_participant35\session1_participant35_gesture16_trial6,1,35,16,HC,3,6
..\data\raw\grabmyo\1.1.0\Session1\session1_participant35\session1_participant35_gesture16_trial7,1,35,16,HC,3,7
..\data\raw\grabmyo\1.1.0\Session2\session2_participant35\session2_participant35_gesture11_trial1,2,35,11,WF,0,1
..\data\raw\grabmyo\1.1.0\Session2\session2_participant35\session2_participant35_gesture11_trial2,2,35,11,WF,0,2
..\data\raw\grabmyo\1.1.0\Session2\session2_participant35\session2_participant35_gesture11_trial3,2,35,11,WF,0,3
..\data\raw\grabmyo\1.1.0\Session2\session2_participant35\session2_participant35_gesture11_trial4,2,35,11,WF,0,4
..\data\raw\grabmyo\1.1.0\Session2\session2_participant35\session2_participant35_gesture11_trial5,2,35,11,WF,0,5
..\data\raw\grabmyo\1.1.0\Session2\session2_participant35\session2_participant35_gesture11_trial6,2,35,11,WF,0,6
..\data\raw\grabmyo\1.1.0\Session2\session2_participant35\session2_participant35_gesture11_trial7,2,35,11,WF,0,7
..\data\raw\grabmyo\1.1.0\Session2\session2_participant35\session2_participant35_gesture12_trial1,2,35,12,WE,1,1
..\data\raw\grabmyo\1.1.0\Session2\session2_participant35\session2_participant35_gesture12_trial2,2,35,12,WE,1,2
..\data\raw\grabmyo\1.1.0\Session2\session2_participant35\session2_participant35_gesture12_trial3,2,35,12,WE,1,3
..\data\raw\grabmyo\1.1.0\Session2\session2_participant35\session2_participant35_gesture12_trial4,2,35,12,WE,1,4
..\data\raw\grabmyo\1.1.0\Session2\session2_participant35\session2_participant35_gesture12_trial5,2,35,12,WE,1,5
..\data\raw\grabmyo\1.1.0\Session2\session2_participant35\session2_participant35_gesture12_trial6,2,35,12,WE,1,6
..\data\raw\grabmyo\1.1.0\Session2\session2_participant35\session2_participant35_gesture12_trial7,2,35,12,WE,1,7
..\data\raw\grabmyo\1.1.0\Session2\session2_participant35\session2_participant35_gesture15_trial1,2,35,15,HO,2,1
..\data\raw\grabmyo\1.1.0\Session2\session2_participant35\session2_participant35_gesture15_trial2,2,35,15,HO,2,2
..\data\raw\grabmyo\1.1.0\Session2\session2_participant35\session2_participant35_gesture15_trial3,2,35,15,HO,2,3
..\data\raw\grabmyo\1.1.0\Session2\session2_participant35\session2_participant35_gesture15_trial4,2,35,15,HO,2,4
..\data\raw\grabmyo\1.1.0\Session2\session2_participant35\session2_participant35_gesture15_trial5,2,35,15,HO,2,5
..\data\raw\grabmyo\1.1.0\Session2\session2_participant35\session2_participant35_gesture15_trial6,2,35,15,HO,2,6
..\data\raw\grabmyo\1.1.0\Session2\session2_participant35\session2_participant35_gesture15_trial7,2,35,15,HO,2,7
..\data\raw\grabmyo\1.1.0\Session2\session2_participant35\session2_participant35_gesture16_trial1,2,35,16,HC,3,1
..\data\raw\grabmyo\1.1.0\Session2\session2_participant35\session2_participant35_gesture16_trial2,2,35,16,HC,3,2
..\data\raw\grabmyo\1.1.0\Session2\session2_participant35\session2_participant35_gesture16_trial3,2,35,16,HC,3,3
..\data\raw\grabmyo\1.1.0\Session2\session2_participant35\session2_participant35_gesture16_trial4,2,35,16,HC,3,4
..\data\raw\grabmyo\1.1.0\Session2\session2_participant35\session2_participant35_gesture16_trial5,2,35,16,HC,3,5
..\data\raw\grabmyo\1.1.0\Session2\session2_participant35\session2_participant35_gesture16_trial6,2,35,16,HC,3,6
..\data\raw\grabmyo\1.1.0\Session2\session2_participant35\session2_participant35_gesture16_trial7,2,35,16,HC,3,7
..\data\raw\grabmyo\1.1.0\Session3\session3_participant35\session3_participant35_gesture11_trial1,3,35,11,WF,0,1
..\data\raw\grabmyo\1.1.0\Session3\session3_participant35\session3_participant35_gesture11_trial2,3,35,11,WF,0,2
..\data\raw\grabmyo\1.1.0\Session3\session3_participant35\session3_participant35_gesture11_trial3,3,35,11,WF,0,3
..\data\raw\grabmyo\1.1.0\Session3\session3_participant35\session3_participant35_gesture11_trial4,3,35,11,WF,0,4
..\data\raw\grabmyo\1.1.0\Session3\session3_participant35\session3_participant35_gesture11_trial5,3,35,11,WF,0,5
..\data\raw\grabmyo\1.1.0\Session3\session3_participant35\session3_participant35_gesture11_trial6,3,35,11,WF,0,6
..\data\raw\grabmyo\1.1.0\Session3\session3_participant35\session3_participant35_gesture11_trial7,3,35,11,WF,0,7
..\data\raw\grabmyo\1.1.0\Session3\session3_participant35\session3_participant35_gesture12_trial1,3,35,12,WE,1,1
..\data\raw\grabmyo\1.1.0\Session3\session3_participant35\session3_participant35_gesture12_trial2,3,35,12,WE,1,2
..\data\raw\grabmyo\1.1.0\Session3\session3_participant35\session3_participant35_gesture12_trial3,3,35,12,WE,1,3
..\data\raw\grabmyo\1.1.0\Session3\session3_participant35\session3_participant35_gesture12_trial4,3,35,12,WE,1,4
..\data\raw\grabmyo\1.1.0\Session3\session3_participant35\session3_participant35_gesture12_trial5,3,35,12,WE,1,5
..\data\raw\grabmyo\1.1.0\Session3\session3_participant35\session3_participant35_gesture12_trial6,3,35,12,WE,1,6
..\data\raw\grabmyo\1.1.0\Session3\session3_participant35\session3_participant35_gesture12_trial7,3,35,12,WE,1,7
..\data\raw\grabmyo\1.1.0\Session3\session3_participant35\session3_participant35_gesture15_trial1,3,35,15,HO,2,1
..\data\raw\grabmyo\1.1.0\Session3\session3_participant35\session3_participant35_gesture15_trial2,3,35,15,HO,2,2
..\data\raw\grabmyo\1.1.0\Session3\session3_participant35\session3_participant35_gesture15_trial3,3,35,15,HO,2,3
..\data\raw\grabmyo\1.1.0\Session3\session3_participant35\session3_participant35_gesture15_trial4,3,35,15,HO,2,4
..\data\raw\grabmyo\1.1.0\Session3\session3_participant35\session3_participant35_gesture15_trial5,3,35,15,HO,2,5
..\data\raw\grabmyo\1.1.0\Session3\session3_participant35\session3_participant35_gesture15_trial6,3,35,15,HO,2,6
..\data\raw\grabmyo\1.1.0\Session3\session3_participant35\session3_participant35_gesture15_trial7,3,35,15,HO,2,7
..\data\raw\grabmyo\1.1.0\Session3\session3_participant35\session3_participant35_gesture16_trial1,3,35,16,HC,3,1
..\data\raw\grabmyo\1.1.0\Session3\session3_participant35\session3_participant35_gesture16_trial2,3,35,16,HC,3,2
..\data\raw\grabmyo\1.1.0\Session3\session3_participant35\session3_participant35_gesture16_trial3,3,35,16,HC,3,3
..\data\raw\grabmyo\1.1.0\Session3\session3_participant35\session3_participant35_gesture16_trial4,3,35,16,HC,3,4
..\data\raw\grabmyo\1.1.0\Session3\session3_participant35\session3_participant35_gesture16_trial5,3,35,16,HC,3,5
..\data\raw\grabmyo\1.1.0\Session3\session3_participant35\session3_participant35_gesture16_trial6,3,35,16,HC,3,6
..\data\raw\grabmyo\1.1.0\Session3\session3_participant35\session3_participant35_gesture16_trial7,3,35,16,HC,3,7
..\data\raw\grabmyo\1.1.0\Session1\session1_participant36\session1_participant36_gesture11_trial1,1,36,11,WF,0,1
..\data\raw\grabmyo\1.1.0\Session1\session1_participant36\session1_participant36_gesture11_trial2,1,36,11,WF,0,2
..\data\raw\grabmyo\1.1.0\Session1\session1_participant36\session1_participant36_gesture11_trial3,1,36,11,WF,0,3
..\data\raw\grabmyo\1.1.0\Session1\session1_participant36\session1_participant36_gesture11_trial4,1,36,11,WF,0,4
..\data\raw\grabmyo\1.1.0\Session1\session1_participant36\session1_participant36_gesture11_trial5,1,36,11,WF,0,5
..\data\raw\grabmyo\1.1.0\Session1\session1_participant36\session1_participant36_gesture11_trial6,1,36,11,WF,0,6
..\data\raw\grabmyo\1.1.0\Session1\session1_participant36\session1_participant36_gesture11_trial7,1,36,11,WF,0,7
..\data\raw\grabmyo\1.1.0\Session1\session1_participant36\session1_participant36_gesture12_trial1,1,36,12,WE,1,1
..\data\raw\grabmyo\1.1.0\Session1\session1_participant36\session1_participant36_gesture12_trial2,1,36,12,WE,1,2
..\data\raw\grabmyo\1.1.0\Session1\session1_participant36\session1_participant36_gesture12_trial3,1,36,12,WE,1,3
..\data\raw\grabmyo\1.1.0\Session1\session1_participant36\session1_participant36_gesture12_trial4,1,36,12,WE,1,4
..\data\raw\grabmyo\1.1.0\Session1\session1_participant36\session1_participant36_gesture12_trial5,1,36,12,WE,1,5
..\data\raw\grabmyo\1.1.0\Session1\session1_participant36\session1_participant36_gesture12_trial6,1,36,12,WE,1,6
..\data\raw\grabmyo\1.1.0\Session1\session1_participant36\session1_participant36_gesture12_trial7,1,36,12,WE,1,7
..\data\raw\grabmyo\1.1.0\Session1\session1_participant36\session1_participant36_gesture15_trial1,1,36,15,HO,2,1
..\data\raw\grabmyo\1.1.0\Session1\session1_participant36\session1_participant36_gesture15_trial2,1,36,15,HO,2,2
..\data\raw\grabmyo\1.1.0\Session1\session1_participant36\session1_participant36_gesture15_trial3,1,36,15,HO,2,3
..\data\raw\grabmyo\1.1.0\Session1\session1_participant36\session1_participant36_gesture15_trial4,1,36,15,HO,2,4
..\data\raw\grabmyo\1.1.0\Session1\session1_participant36\session1_participant36_gesture15_trial5,1,36,15,HO,2,5
..\data\raw\grabmyo\1.1.0\Session1\session1_participant36\session1_participant36_gesture15_trial6,1,36,15,HO,2,6
..\data\raw\grabmyo\1.1.0\Session1\session1_participant36\session1_participant36_gesture15_trial7,1,36,15,HO,2,7
..\data\raw\grabmyo\1.1.0\Session1\session1_participant36\session1_participant36_gesture16_trial1,1,36,16,HC,3,1
..\data\raw\grabmyo\1.1.0\Session1\session1_participant36\session1_participant36_gesture16_trial2,1,36,16,HC,3,2
..\data\raw\grabmyo\1.1.0\Session1\session1_participant36\session1_participant36_gesture16_trial3,1,36,16,HC,3,3
..\data\raw\grabmyo\1.1.0\Session1\session1_participant36\session1_participant36_gesture16_trial4,1,36,16,HC,3,4
..\data\raw\grabmyo\1.1.0\Session1\session1_participant36\session1_participant36_gesture16_trial5,1,36,16,HC,3,5
..\data\raw\grabmyo\1.1.0\Session1\session1_participant36\session1_participant36_gesture16_trial6,1,36,16,HC,3,6
..\data\raw\grabmyo\1.1.0\Session1\session1_participant36\session1_participant36_gesture16_trial7,1,36,16,HC,3,7
..\data\raw\grabmyo\1.1.0\Session2\session2_participant36\session2_participant36_gesture11_trial1,2,36,11,WF,0,1
..\data\raw\grabmyo\1.1.0\Session2\session2_participant36\session2_participant36_gesture11_trial2,2,36,11,WF,0,2
..\data\raw\grabmyo\1.1.0\Session2\session2_participant36\session2_participant36_gesture11_trial3,2,36,11,WF,0,3
..\data\raw\grabmyo\1.1.0\Session2\session2_participant36\session2_participant36_gesture11_trial4,2,36,11,WF,0,4
..\data\raw\grabmyo\1.1.0\Session2\session2_participant36\session2_participant36_gesture11_trial5,2,36,11,WF,0,5
..\data\raw\grabmyo\1.1.0\Session2\session2_participant36\session2_participant36_gesture11_trial6,2,36,11,WF,0,6
..\data\raw\grabmyo\1.1.0\Session2\session2_participant36\session2_participant36_gesture11_trial7,2,36,11,WF,0,7
..\data\raw\grabmyo\1.1.0\Session2\session2_participant36\session2_participant36_gesture12_trial1,2,36,12,WE,1,1
..\data\raw\grabmyo\1.1.0\Session2\session2_participant36\session2_participant36_gesture12_trial2,2,36,12,WE,1,2
..\data\raw\grabmyo\1.1.0\Session2\session2_participant36\session2_participant36_gesture12_trial3,2,36,12,WE,1,3
..\data\raw\grabmyo\1.1.0\Session2\session2_participant36\session2_participant36_gesture12_trial4,2,36,12,WE,1,4
..\data\raw\grabmyo\1.1.0\Session2\session2_participant36\session2_participant36_gesture12_trial5,2,36,12,WE,1,5
..\data\raw\grabmyo\1.1.0\Session2\session2_participant36\session2_participant36_gesture12_trial6,2,36,12,WE,1,6
..\data\raw\grabmyo\1.1.0\Session2\session2_participant36\session2_participant36_gesture12_trial7,2,36,12,WE,1,7
..\data\raw\grabmyo\1.1.0\Session2\session2_participant36\session2_participant36_gesture15_trial1,2,36,15,HO,2,1
..\data\raw\grabmyo\1.1.0\Session2\session2_participant36\session2_participant36_gesture15_trial2,2,36,15,HO,2,2
..\data\raw\grabmyo\1.1.0\Session2\session2_participant36\session2_participant36_gesture15_trial3,2,36,15,HO,2,3
..\data\raw\grabmyo\1.1.0\Session2\session2_participant36\session2_participant36_gesture15_trial4,2,36,15,HO,2,4
..\data\raw\grabmyo\1.1.0\Session2\session2_participant36\session2_participant36_gesture15_trial5,2,36,15,HO,2,5
..\data\raw\grabmyo\1.1.0\Session2\session2_participant36\session2_participant36_gesture15_trial6,2,36,15,HO,2,6
..\data\raw\grabmyo\1.1.0\Session2\session2_participant36\session2_participant36_gesture15_trial7,2,36,15,HO,2,7
..\data\raw\grabmyo\1.1.0\Session2\session2_participant36\session2_participant36_gesture16_trial1,2,36,16,HC,3,1
..\data\raw\grabmyo\1.1.0\Session2\session2_participant36\session2_participant36_gesture16_trial2,2,36,16,HC,3,2
..\data\raw\grabmyo\1.1.0\Session2\session2_participant36\session2_participant36_gesture16_trial3,2,36,16,HC,3,3
..\data\raw\grabmyo\1.1.0\Session2\session2_participant36\session2_participant36_gesture16_trial4,2,36,16,HC,3,4
..\data\raw\grabmyo\1.1.0\Session2\session2_participant36\session2_participant36_gesture16_trial5,2,36,16,HC,3,5
..\data\raw\grabmyo\1.1.0\Session2\session2_participant36\session2_participant36_gesture16_trial6,2,36,16,HC,3,6
..\data\raw\grabmyo\1.1.0\Session2\session2_participant36\session2_participant36_gesture16_trial7,2,36,16,HC,3,7
..\data\raw\grabmyo\1.1.0\Session3\session3_participant36\session3_participant36_gesture11_trial1,3,36,11,WF,0,1
..\data\raw\grabmyo\1.1.0\Session3\session3_participant36\session3_participant36_gesture11_trial2,3,36,11,WF,0,2
..\data\raw\grabmyo\1.1.0\Session3\session3_participant36\session3_participant36_gesture11_trial3,3,36,11,WF,0,3
..\data\raw\grabmyo\1.1.0\Session3\session3_participant36\session3_participant36_gesture11_trial4,3,36,11,WF,0,4
..\data\raw\grabmyo\1.1.0\Session3\session3_participant36\session3_participant36_gesture11_trial5,3,36,11,WF,0,5
..\data\raw\grabmyo\1.1.0\Session3\session3_participant36\session3_participant36_gesture11_trial6,3,36,11,WF,0,6
..\data\raw\grabmyo\1.1.0\Session3\session3_participant36\session3_participant36_gesture11_trial7,3,36,11,WF,0,7
..\data\raw\grabmyo\1.1.0\Session3\session3_participant36\session3_participant36_gesture12_trial1,3,36,12,WE,1,1
..\data\raw\grabmyo\1.1.0\Session3\session3_participant36\session3_participant36_gesture12_trial2,3,36,12,WE,1,2
..\data\raw\grabmyo\1.1.0\Session3\session3_participant36\session3_participant36_gesture12_trial3,3,36,12,WE,1,3
..\data\raw\grabmyo\1.1.0\Session3\session3_participant36\session3_participant36_gesture12_trial4,3,36,12,WE,1,4
..\data\raw\grabmyo\1.1.0\Session3\session3_participant36\session3_participant36_gesture12_trial5,3,36,12,WE,1,5
..\data\raw\grabmyo\1.1.0\Session3\session3_participant36\session3_participant36_gesture12_trial6,3,36,12,WE,1,6
..\data\raw\grabmyo\1.1.0\Session3\session3_participant36\session3_participant36_gesture12_trial7,3,36,12,WE,1,7
..\data\raw\grabmyo\1.1.0\Session3\session3_participant36\session3_participant36_gesture15_trial1,3,36,15,HO,2,1
..\data\raw\grabmyo\1.1.0\Session3\session3_participant36\session3_participant36_gesture15_trial2,3,36,15,HO,2,2
..\data\raw\grabmyo\1.1.0\Session3\session3_participant36\session3_participant36_gesture15_trial3,3,36,15,HO,2,3
..\data\raw\grabmyo\1.1.0\Session3\session3_participant36\session3_participant36_gesture15_trial4,3,36,15,HO,2,4
..\data\raw\grabmyo\1.1.0\Session3\session3_participant36\session3_participant36_gesture15_trial5,3,36,15,HO,2,5
..\data\raw\grabmyo\1.1.0\Session3\session3_participant36\session3_participant36_gesture15_trial6,3,36,15,HO,2,6
..\data\raw\grabmyo\1.1.0\Session3\session3_participant36\session3_participant36_gesture15_trial7,3,36,15,HO,2,7
..\data\raw\grabmyo\1.1.0\Session3\session3_participant36\session3_participant36_gesture16_trial1,3,36,16,HC,3,1
..\data\raw\grabmyo\1.1.0\Session3\session3_participant36\session3_participant36_gesture16_trial2,3,36,16,HC,3,2
..\data\raw\grabmyo\1.1.0\Session3\session3_participant36\session3_participant36_gesture16_trial3,3,36,16,HC,3,3
..\data\raw\grabmyo\1.1.0\Session3\session3_participant36\session3_participant36_gesture16_trial4,3,36,16,HC,3,4
..\data\raw\grabmyo\1.1.0\Session3\session3_participant36\session3_participant36_gesture16_trial5,3,36,16,HC,3,5
..\data\raw\grabmyo\1.1.0\Session3\session3_participant36\session3_participant36_gesture16_trial6,3,36,16,HC,3,6
..\data\raw\grabmyo\1.1.0\Session3\session3_participant36\session3_participant36_gesture16_trial7,3,36,16,HC,3,7
..\data\raw\grabmyo\1.1.0\Session1\session1_participant37\session1_participant37_gesture11_trial1,1,37,11,WF,0,1
..\data\raw\grabmyo\1.1.0\Session1\session1_participant37\session1_participant37_gesture11_trial2,1,37,11,WF,0,2
..\data\raw\grabmyo\1.1.0\Session1\session1_participant37\session1_participant37_gesture11_trial3,1,37,11,WF,0,3
..\data\raw\grabmyo\1.1.0\Session1\session1_participant37\session1_participant37_gesture11_trial4,1,37,11,WF,0,4
..\data\raw\grabmyo\1.1.0\Session1\session1_participant37\session1_participant37_gesture11_trial5,1,37,11,WF,0,5
..\data\raw\grabmyo\1.1.0\Session1\session1_participant37\session1_participant37_gesture11_trial6,1,37,11,WF,0,6
..\data\raw\grabmyo\1.1.0\Session1\session1_participant37\session1_participant37_gesture11_trial7,1,37,11,WF,0,7
..\data\raw\grabmyo\1.1.0\Session1\session1_participant37\session1_participant37_gesture12_trial1,1,37,12,WE,1,1
..\data\raw\grabmyo\1.1.0\Session1\session1_participant37\session1_participant37_gesture12_trial2,1,37,12,WE,1,2
..\data\raw\grabmyo\1.1.0\Session1\session1_participant37\session1_participant37_gesture12_trial3,1,37,12,WE,1,3
..\data\raw\grabmyo\1.1.0\Session1\session1_participant37\session1_participant37_gesture12_trial4,1,37,12,WE,1,4
..\data\raw\grabmyo\1.1.0\Session1\session1_participant37\session1_participant37_gesture12_trial5,1,37,12,WE,1,5
..\data\raw\grabmyo\1.1.0\Session1\session1_participant37\session1_participant37_gesture12_trial6,1,37,12,WE,1,6
..\data\raw\grabmyo\1.1.0\Session1\session1_participant37\session1_participant37_gesture12_trial7,1,37,12,WE,1,7
..\data\raw\grabmyo\1.1.0\Session1\session1_participant37\session1_participant37_gesture15_trial1,1,37,15,HO,2,1
..\data\raw\grabmyo\1.1.0\Session1\session1_participant37\session1_participant37_gesture15_trial2,1,37,15,HO,2,2
..\data\raw\grabmyo\1.1.0\Session1\session1_participant37\session1_participant37_gesture15_trial3,1,37,15,HO,2,3
..\data\raw\grabmyo\1.1.0\Session1\session1_participant37\session1_participant37_gesture15_trial4,1,37,15,HO,2,4
..\data\raw\grabmyo\1.1.0\Session1\session1_participant37\session1_participant37_gesture15_trial5,1,37,15,HO,2,5
..\data\raw\grabmyo\1.1.0\Session1\session1_participant37\session1_participant37_gesture15_trial6,1,37,15,HO,2,6
..\data\raw\grabmyo\1.1.0\Session1\session1_participant37\session1_participant37_gesture15_trial7,1,37,15,HO,2,7
..\data\raw\grabmyo\1.1.0\Session1\session1_participant37\session1_participant37_gesture16_trial1,1,37,16,HC,3,1
..\data\raw\grabmyo\1.1.0\Session1\session1_participant37\session1_participant37_gesture16_trial2,1,37,16,HC,3,2
..\data\raw\grabmyo\1.1.0\Session1\session1_participant37\session1_participant37_gesture16_trial3,1,37,16,HC,3,3
..\data\raw\grabmyo\1.1.0\Session1\session1_participant37\session1_participant37_gesture16_trial4,1,37,16,HC,3,4
..\data\raw\grabmyo\1.1.0\Session1\session1_participant37\session1_participant37_gesture16_trial5,1,37,16,HC,3,5
..\data\raw\grabmyo\1.1.0\Session1\session1_participant37\session1_participant37_gesture16_trial6,1,37,16,HC,3,6
..\data\raw\grabmyo\1.1.0\Session1\session1_participant37\session1_participant37_gesture16_trial7,1,37,16,HC,3,7
..\data\raw\grabmyo\1.1.0\Session2\session2_participant37\session2_participant37_gesture11_trial1,2,37,11,WF,0,1
..\data\raw\grabmyo\1.1.0\Session2\session2_participant37\session2_participant37_gesture11_trial2,2,37,11,WF,0,2
..\data\raw\grabmyo\1.1.0\Session2\session2_participant37\session2_participant37_gesture11_trial3,2,37,11,WF,0,3
..\data\raw\grabmyo\1.1.0\Session2\session2_participant37\session2_participant37_gesture11_trial4,2,37,11,WF,0,4
..\data\raw\grabmyo\1.1.0\Session2\session2_participant37\session2_participant37_gesture11_trial5,2,37,11,WF,0,5
..\data\raw\grabmyo\1.1.0\Session2\session2_participant37\session2_participant37_gesture11_trial6,2,37,11,WF,0,6
..\data\raw\grabmyo\1.1.0\Session2\session2_participant37\session2_participant37_gesture11_trial7,2,37,11,WF,0,7
..\data\raw\grabmyo\1.1.0\Session2\session2_participant37\session2_participant37_gesture12_trial1,2,37,12,WE,1,1
..\data\raw\grabmyo\1.1.0\Session2\session2_participant37\session2_participant37_gesture12_trial2,2,37,12,WE,1,2
..\data\raw\grabmyo\1.1.0\Session2\session2_participant37\session2_participant37_gesture12_trial3,2,37,12,WE,1,3
..\data\raw\grabmyo\1.1.0\Session2\session2_participant37\session2_participant37_gesture12_trial4,2,37,12,WE,1,4
..\data\raw\grabmyo\1.1.0\Session2\session2_participant37\session2_participant37_gesture12_trial5,2,37,12,WE,1,5
..\data\raw\grabmyo\1.1.0\Session2\session2_participant37\session2_participant37_gesture12_trial6,2,37,12,WE,1,6
..\data\raw\grabmyo\1.1.0\Session2\session2_participant37\session2_participant37_gesture12_trial7,2,37,12,WE,1,7
..\data\raw\grabmyo\1.1.0\Session2\session2_participant37\session2_participant37_gesture15_trial1,2,37,15,HO,2,1
..\data\raw\grabmyo\1.1.0\Session2\session2_participant37\session2_participant37_gesture15_trial2,2,37,15,HO,2,2
..\data\raw\grabmyo\1.1.0\Session2\session2_participant37\session2_participant37_gesture15_trial3,2,37,15,HO,2,3
..\data\raw\grabmyo\1.1.0\Session2\session2_participant37\session2_participant37_gesture15_trial4,2,37,15,HO,2,4
..\data\raw\grabmyo\1.1.0\Session2\session2_participant37\session2_participant37_gesture15_trial5,2,37,15,HO,2,5
..\data\raw\grabmyo\1.1.0\Session2\session2_participant37\session2_participant37_gesture15_trial6,2,37,15,HO,2,6
..\data\raw\grabmyo\1.1.0\Session2\session2_participant37\session2_participant37_gesture15_trial7,2,37,15,HO,2,7
..\data\raw\grabmyo\1.1.0\Session2\session2_participant37\session2_participant37_gesture16_trial1,2,37,16,HC,3,1
..\data\raw\grabmyo\1.1.0\Session2\session2_participant37\session2_participant37_gesture16_trial2,2,37,16,HC,3,2
..\data\raw\grabmyo\1.1.0\Session2\session2_participant37\session2_participant37_gesture16_trial3,2,37,16,HC,3,3
..\data\raw\grabmyo\1.1.0\Session2\session2_participant37\session2_participant37_gesture16_trial4,2,37,16,HC,3,4
..\data\raw\grabmyo\1.1.0\Session2\session2_participant37\session2_participant37_gesture16_trial5,2,37,16,HC,3,5
..\data\raw\grabmyo\1.1.0\Session2\session2_participant37\session2_participant37_gesture16_trial6,2,37,16,HC,3,6
..\data\raw\grabmyo\1.1.0\Session2\session2_participant37\session2_participant37_gesture16_trial7,2,37,16,HC,3,7
..\data\raw\grabmyo\1.1.0\Session3\session3_participant37\session3_participant37_gesture11_trial1,3,37,11,WF,0,1
..\data\raw\grabmyo\1.1.0\Session3\session3_participant37\session3_participant37_gesture11_trial2,3,37,11,WF,0,2
..\data\raw\grabmyo\1.1.0\Session3\session3_participant37\session3_participant37_gesture11_trial3,3,37,11,WF,0,3
..\data\raw\grabmyo\1.1.0\Session3\session3_participant37\session3_participant37_gesture11_trial4,3,37,11,WF,0,4
..\data\raw\grabmyo\1.1.0\Session3\session3_participant37\session3_participant37_gesture11_trial5,3,37,11,WF,0,5
..\data\raw\grabmyo\1.1.0\Session3\session3_participant37\session3_participant37_gesture11_trial6,3,37,11,WF,0,6
..\data\raw\grabmyo\1.1.0\Session3\session3_participant37\session3_participant37_gesture11_trial7,3,37,11,WF,0,7
..\data\raw\grabmyo\1.1.0\Session3\session3_participant37\session3_participant37_gesture12_trial1,3,37,12,WE,1,1
..\data\raw\grabmyo\1.1.0\Session3\session3_participant37\session3_participant37_gesture12_trial2,3,37,12,WE,1,2
..\data\raw\grabmyo\1.1.0\Session3\session3_participant37\session3_participant37_gesture12_trial3,3,37,12,WE,1,3
..\data\raw\grabmyo\1.1.0\Session3\session3_participant37\session3_participant37_gesture12_trial4,3,37,12,WE,1,4
..\data\raw\grabmyo\1.1.0\Session3\session3_participant37\session3_participant37_gesture12_trial5,3,37,12,WE,1,5
..\data\raw\grabmyo\1.1.0\Session3\session3_participant37\session3_participant37_gesture12_trial6,3,37,12,WE,1,6
..\data\raw\grabmyo\1.1.0\Session3\session3_participant37\session3_participant37_gesture12_trial7,3,37,12,WE,1,7
..\data\raw\grabmyo\1.1.0\Session3\session3_participant37\session3_participant37_gesture15_trial1,3,37,15,HO,2,1
..\data\raw\grabmyo\1.1.0\Session3\session3_participant37\session3_participant37_gesture15_trial2,3,37,15,HO,2,2
..\data\raw\grabmyo\1.1.0\Session3\session3_participant37\session3_participant37_gesture15_trial3,3,37,15,HO,2,3
..\data\raw\grabmyo\1.1.0\Session3\session3_participant37\session3_participant37_gesture15_trial4,3,37,15,HO,2,4
..\data\raw\grabmyo\1.1.0\Session3\session3_participant37\session3_participant37_gesture15_trial5,3,37,15,HO,2,5
..\data\raw\grabmyo\1.1.0\Session3\session3_participant37\session3_participant37_gesture15_trial6,3,37,15,HO,2,6
..\data\raw\grabmyo\1.1.0\Session3\session3_participant37\session3_participant37_gesture15_trial7,3,37,15,HO,2,7
..\data\raw\grabmyo\1.1.0\Session3\session3_participant37\session3_participant37_gesture16_trial1,3,37,16,HC,3,1
..\data\raw\grabmyo\1.1.0\Session3\session3_participant37\session3_participant37_gesture16_trial2,3,37,16,HC,3,2
..\data\raw\grabmyo\1.1.0\Session3\session3_participant37\session3_participant37_gesture16_trial3,3,37,16,HC,3,3
..\data\raw\grabmyo\1.1.0\Session3\session3_participant37\session3_participant37_gesture16_trial4,3,37,16,HC,3,4
..\data\raw\grabmyo\1.1.0\Session3\session3_participant37\session3_participant37_gesture16_trial5,3,37,16,HC,3,5
..\data\raw\grabmyo\1.1.0\Session3\session3_participant37\session3_participant37_gesture16_trial6,3,37,16,HC,3,6
..\data\raw\grabmyo\1.1.0\Session3\session3_participant37\session3_participant37_gesture16_trial7,3,37,16,HC,3,7
..\data\raw\grabmyo\1.1.0\Session1\session1_participant38\session1_participant38_gesture11_trial1,1,38,11,WF,0,1
..\data\raw\grabmyo\1.1.0\Session1\session1_participant38\session1_participant38_gesture11_trial2,1,38,11,WF,0,2
..\data\raw\grabmyo\1.1.0\Session1\session1_participant38\session1_participant38_gesture11_trial3,1,38,11,WF,0,3
..\data\raw\grabmyo\1.1.0\Session1\session1_participant38\session1_participant38_gesture11_trial4,1,38,11,WF,0,4
..\data\raw\grabmyo\1.1.0\Session1\session1_participant38\session1_participant38_gesture11_trial5,1,38,11,WF,0,5
..\data\raw\grabmyo\1.1.0\Session1\session1_participant38\session1_participant38_gesture11_trial6,1,38,11,WF,0,6
..\data\raw\grabmyo\1.1.0\Session1\session1_participant38\session1_participant38_gesture11_trial7,1,38,11,WF,0,7
..\data\raw\grabmyo\1.1.0\Session1\session1_participant38\session1_participant38_gesture12_trial1,1,38,12,WE,1,1
..\data\raw\grabmyo\1.1.0\Session1\session1_participant38\session1_participant38_gesture12_trial2,1,38,12,WE,1,2
..\data\raw\grabmyo\1.1.0\Session1\session1_participant38\session1_participant38_gesture12_trial3,1,38,12,WE,1,3
..\data\raw\grabmyo\1.1.0\Session1\session1_participant38\session1_participant38_gesture12_trial4,1,38,12,WE,1,4
..\data\raw\grabmyo\1.1.0\Session1\session1_participant38\session1_participant38_gesture12_trial5,1,38,12,WE,1,5
..\data\raw\grabmyo\1.1.0\Session1\session1_participant38\session1_participant38_gesture12_trial6,1,38,12,WE,1,6
..\data\raw\grabmyo\1.1.0\Session1\session1_participant38\session1_participant38_gesture12_trial7,1,38,12,WE,1,7
..\data\raw\grabmyo\1.1.0\Session1\session1_participant38\session1_participant38_gesture15_trial1,1,38,15,HO,2,1
..\data\raw\grabmyo\1.1.0\Session1\session1_participant38\session1_participant38_gesture15_trial2,1,38,15,HO,2,2
..\data\raw\grabmyo\1.1.0\Session1\session1_participant38\session1_participant38_gesture15_trial3,1,38,15,HO,2,3
..\data\raw\grabmyo\1.1.0\Session1\session1_participant38\session1_participant38_gesture15_trial4,1,38,15,HO,2,4
..\data\raw\grabmyo\1.1.0\Session1\session1_participant38\session1_participant38_gesture15_trial5,1,38,15,HO,2,5
..\data\raw\grabmyo\1.1.0\Session1\session1_participant38\session1_participant38_gesture15_trial6,1,38,15,HO,2,6
..\data\raw\grabmyo\1.1.0\Session1\session1_participant38\session1_participant38_gesture15_trial7,1,38,15,HO,2,7
..\data\raw\grabmyo\1.1.0\Session1\session1_participant38\session1_participant38_gesture16_trial1,1,38,16,HC,3,1
..\data\raw\grabmyo\1.1.0\Session1\session1_participant38\session1_participant38_gesture16_trial2,1,38,16,HC,3,2
..\data\raw\grabmyo\1.1.0\Session1\session1_participant38\session1_participant38_gesture16_trial3,1,38,16,HC,3,3
..\data\raw\grabmyo\1.1.0\Session1\session1_participant38\session1_participant38_gesture16_trial4,1,38,16,HC,3,4
..\data\raw\grabmyo\1.1.0\Session1\session1_participant38\session1_participant38_gesture16_trial5,1,38,16,HC,3,5
..\data\raw\grabmyo\1.1.0\Session1\session1_participant38\session1_participant38_gesture16_trial6,1,38,16,HC,3,6
..\data\raw\grabmyo\1.1.0\Session1\session1_participant38\session1_participant38_gesture16_trial7,1,38,16,HC,3,7
..\data\raw\grabmyo\1.1.0\Session2\session2_participant38\session2_participant38_gesture11_trial1,2,38,11,WF,0,1
..\data\raw\grabmyo\1.1.0\Session2\session2_participant38\session2_participant38_gesture11_trial2,2,38,11,WF,0,2
..\data\raw\grabmyo\1.1.0\Session2\session2_participant38\session2_participant38_gesture11_trial3,2,38,11,WF,0,3
..\data\raw\grabmyo\1.1.0\Session2\session2_participant38\session2_participant38_gesture11_trial4,2,38,11,WF,0,4
..\data\raw\grabmyo\1.1.0\Session2\session2_participant38\session2_participant38_gesture11_trial5,2,38,11,WF,0,5
..\data\raw\grabmyo\1.1.0\Session2\session2_participant38\session2_participant38_gesture11_trial6,2,38,11,WF,0,6
..\data\raw\grabmyo\1.1.0\Session2\session2_participant38\session2_participant38_gesture11_trial7,2,38,11,WF,0,7
..\data\raw\grabmyo\1.1.0\Session2\session2_participant38\session2_participant38_gesture12_trial1,2,38,12,WE,1,1
..\data\raw\grabmyo\1.1.0\Session2\session2_participant38\session2_participant38_gesture12_trial2,2,38,12,WE,1,2
..\data\raw\grabmyo\1.1.0\Session2\session2_participant38\session2_participant38_gesture12_trial3,2,38,12,WE,1,3
..\data\raw\grabmyo\1.1.0\Session2\session2_participant38\session2_participant38_gesture12_trial4,2,38,12,WE,1,4
..\data\raw\grabmyo\1.1.0\Session2\session2_participant38\session2_participant38_gesture12_trial5,2,38,12,WE,1,5
..\data\raw\grabmyo\1.1.0\Session2\session2_participant38\session2_participant38_gesture12_trial6,2,38,12,WE,1,6
..\data\raw\grabmyo\1.1.0\Session2\session2_participant38\session2_participant38_gesture12_trial7,2,38,12,WE,1,7
..\data\raw\grabmyo\1.1.0\Session2\session2_participant38\session2_participant38_gesture15_trial1,2,38,15,HO,2,1
..\data\raw\grabmyo\1.1.0\Session2\session2_participant38\session2_participant38_gesture15_trial2,2,38,15,HO,2,2
..\data\raw\grabmyo\1.1.0\Session2\session2_participant38\session2_participant38_gesture15_trial3,2,38,15,HO,2,3
..\data\raw\grabmyo\1.1.0\Session2\session2_participant38\session2_participant38_gesture15_trial4,2,38,15,HO,2,4
..\data\raw\grabmyo\1.1.0\Session2\session2_participant38\session2_participant38_gesture15_trial5,2,38,15,HO,2,5
..\data\raw\grabmyo\1.1.0\Session2\session2_participant38\session2_participant38_gesture15_trial6,2,38,15,HO,2,6
..\data\raw\grabmyo\1.1.0\Session2\session2_participant38\session2_participant38_gesture15_trial7,2,38,15,HO,2,7
..\data\raw\grabmyo\1.1.0\Session2\session2_participant38\session2_participant38_gesture16_trial1,2,38,16,HC,3,1
..\data\raw\grabmyo\1.1.0\Session2\session2_participant38\session2_participant38_gesture16_trial2,2,38,16,HC,3,2
..\data\raw\grabmyo\1.1.0\Session2\session2_participant38\session2_participant38_gesture16_trial3,2,38,16,HC,3,3
..\data\raw\grabmyo\1.1.0\Session2\session2_participant38\session2_participant38_gesture16_trial4,2,38,16,HC,3,4
..\data\raw\grabmyo\1.1.0\Session2\session2_participant38\session2_participant38_gesture16_trial5,2,38,16,HC,3,5
..\data\raw\grabmyo\1.1.0\Session2\session2_participant38\session2_participant38_gesture16_trial6,2,38,16,HC,3,6
..\data\raw\grabmyo\1.1.0\Session2\session2_participant38\session2_participant38_gesture16_trial7,2,38,16,HC,3,7
..\data\raw\grabmyo\1.1.0\Session3\session3_participant38\session3_participant38_gesture11_trial1,3,38,11,WF,0,1
..\data\raw\grabmyo\1.1.0\Session3\session3_participant38\session3_participant38_gesture11_trial2,3,38,11,WF,0,2
..\data\raw\grabmyo\1.1.0\Session3\session3_participant38\session3_participant38_gesture11_trial3,3,38,11,WF,0,3
..\data\raw\grabmyo\1.1.0\Session3\session3_participant38\session3_participant38_gesture11_trial4,3,38,11,WF,0,4
..\data\raw\grabmyo\1.1.0\Session3\session3_participant38\session3_participant38_gesture11_trial5,3,38,11,WF,0,5
..\data\raw\grabmyo\1.1.0\Session3\session3_participant38\session3_participant38_gesture11_trial6,3,38,11,WF,0,6
..\data\raw\grabmyo\1.1.0\Session3\session3_participant38\session3_participant38_gesture11_trial7,3,38,11,WF,0,7
..\data\raw\grabmyo\1.1.0\Session3\session3_participant38\session3_participant38_gesture12_trial1,3,38,12,WE,1,1
..\data\raw\grabmyo\1.1.0\Session3\session3_participant38\session3_participant38_gesture12_trial2,3,38,12,WE,1,2
..\data\raw\grabmyo\1.1.0\Session3\session3_participant38\session3_participant38_gesture12_trial3,3,38,12,WE,1,3
..\data\raw\grabmyo\1.1.0\Session3\session3_participant38\session3_participant38_gesture12_trial4,3,38,12,WE,1,4
..\data\raw\grabmyo\1.1.0\Session3\session3_participant38\session3_participant38_gesture12_trial5,3,38,12,WE,1,5
..\data\raw\grabmyo\1.1.0\Session3\session3_participant38\session3_participant38_gesture12_trial6,3,38,12,WE,1,6
..\data\raw\grabmyo\1.1.0\Session3\session3_participant38\session3_participant38_gesture12_trial7,3,38,12,WE,1,7
..\data\raw\grabmyo\1.1.0\Session3\session3_participant38\session3_participant38_gesture15_trial1,3,38,15,HO,2,1
..\data\raw\grabmyo\1.1.0\Session3\session3_participant38\session3_participant38_gesture15_trial2,3,38,15,HO,2,2
..\data\raw\grabmyo\1.1.0\Session3\session3_participant38\session3_participant38_gesture15_trial3,3,38,15,HO,2,3
..\data\raw\grabmyo\1.1.0\Session3\session3_participant38\session3_participant38_gesture15_trial4,3,38,15,HO,2,4
..\data\raw\grabmyo\1.1.0\Session3\session3_participant38\session3_participant38_gesture15_trial5,3,38,15,HO,2,5
..\data\raw\grabmyo\1.1.0\Session3\session3_participant38\session3_participant38_gesture15_trial6,3,38,15,HO,2,6
..\data\raw\grabmyo\1.1.0\Session3\session3_participant38\session3_participant38_gesture15_trial7,3,38,15,HO,2,7
..\data\raw\grabmyo\1.1.0\Session3\session3_participant38\session3_participant38_gesture16_trial1,3,38,16,HC,3,1
..\data\raw\grabmyo\1.1.0\Session3\session3_participant38\session3_participant38_gesture16_trial2,3,38,16,HC,3,2
..\data\raw\grabmyo\1.1.0\Session3\session3_participant38\session3_participant38_gesture16_trial3,3,38,16,HC,3,3
..\data\raw\grabmyo\1.1.0\Session3\session3_participant38\session3_participant38_gesture16_trial4,3,38,16,HC,3,4
..\data\raw\grabmyo\1.1.0\Session3\session3_participant38\session3_participant38_gesture16_trial5,3,38,16,HC,3,5
..\data\raw\grabmyo\1.1.0\Session3\session3_participant38\session3_participant38_gesture16_trial6,3,38,16,HC,3,6
..\data\raw\grabmyo\1.1.0\Session3\session3_participant38\session3_participant38_gesture16_trial7,3,38,16,HC,3,7
..\data\raw\grabmyo\1.1.0\Session1\session1_participant39\session1_participant39_gesture11_trial1,1,39,11,WF,0,1
..\data\raw\grabmyo\1.1.0\Session1\session1_participant39\session1_participant39_gesture11_trial2,1,39,11,WF,0,2
..\data\raw\grabmyo\1.1.0\Session1\session1_participant39\session1_participant39_gesture11_trial3,1,39,11,WF,0,3
..\data\raw\grabmyo\1.1.0\Session1\session1_participant39\session1_participant39_gesture11_trial4,1,39,11,WF,0,4
..\data\raw\grabmyo\1.1.0\Session1\session1_participant39\session1_participant39_gesture11_trial5,1,39,11,WF,0,5
..\data\raw\grabmyo\1.1.0\Session1\session1_participant39\session1_participant39_gesture11_trial6,1,39,11,WF,0,6
..\data\raw\grabmyo\1.1.0\Session1\session1_participant39\session1_participant39_gesture11_trial7,1,39,11,WF,0,7
..\data\raw\grabmyo\1.1.0\Session1\session1_participant39\session1_participant39_gesture12_trial1,1,39,12,WE,1,1
..\data\raw\grabmyo\1.1.0\Session1\session1_participant39\session1_participant39_gesture12_trial2,1,39,12,WE,1,2
..\data\raw\grabmyo\1.1.0\Session1\session1_participant39\session1_participant39_gesture12_trial3,1,39,12,WE,1,3
..\data\raw\grabmyo\1.1.0\Session1\session1_participant39\session1_participant39_gesture12_trial4,1,39,12,WE,1,4
..\data\raw\grabmyo\1.1.0\Session1\session1_participant39\session1_participant39_gesture12_trial5,1,39,12,WE,1,5
..\data\raw\grabmyo\1.1.0\Session1\session1_participant39\session1_participant39_gesture12_trial6,1,39,12,WE,1,6
..\data\raw\grabmyo\1.1.0\Session1\session1_participant39\session1_participant39_gesture12_trial7,1,39,12,WE,1,7
..\data\raw\grabmyo\1.1.0\Session1\session1_participant39\session1_participant39_gesture15_trial1,1,39,15,HO,2,1
..\data\raw\grabmyo\1.1.0\Session1\session1_participant39\session1_participant39_gesture15_trial2,1,39,15,HO,2,2
..\data\raw\grabmyo\1.1.0\Session1\session1_participant39\session1_participant39_gesture15_trial3,1,39,15,HO,2,3
..\data\raw\grabmyo\1.1.0\Session1\session1_participant39\session1_participant39_gesture15_trial4,1,39,15,HO,2,4
..\data\raw\grabmyo\1.1.0\Session1\session1_participant39\session1_participant39_gesture15_trial5,1,39,15,HO,2,5
..\data\raw\grabmyo\1.1.0\Session1\session1_participant39\session1_participant39_gesture15_trial6,1,39,15,HO,2,6
..\data\raw\grabmyo\1.1.0\Session1\session1_participant39\session1_participant39_gesture15_trial7,1,39,15,HO,2,7
..\data\raw\grabmyo\1.1.0\Session1\session1_participant39\session1_participant39_gesture16_trial1,1,39,16,HC,3,1
..\data\raw\grabmyo\1.1.0\Session1\session1_participant39\session1_participant39_gesture16_trial2,1,39,16,HC,3,2
..\data\raw\grabmyo\1.1.0\Session1\session1_participant39\session1_participant39_gesture16_trial3,1,39,16,HC,3,3
..\data\raw\grabmyo\1.1.0\Session1\session1_participant39\session1_participant39_gesture16_trial4,1,39,16,HC,3,4
..\data\raw\grabmyo\1.1.0\Session1\session1_participant39\session1_participant39_gesture16_trial5,1,39,16,HC,3,5
..\data\raw\grabmyo\1.1.0\Session1\session1_participant39\session1_participant39_gesture16_trial6,1,39,16,HC,3,6
..\data\raw\grabmyo\1.1.0\Session1\session1_participant39\session1_participant39_gesture16_trial7,1,39,16,HC,3,7
..\data\raw\grabmyo\1.1.0\Session2\session2_participant39\session2_participant39_gesture11_trial1,2,39,11,WF,0,1
..\data\raw\grabmyo\1.1.0\Session2\session2_participant39\session2_participant39_gesture11_trial2,2,39,11,WF,0,2
..\data\raw\grabmyo\1.1.0\Session2\session2_participant39\session2_participant39_gesture11_trial3,2,39,11,WF,0,3
..\data\raw\grabmyo\1.1.0\Session2\session2_participant39\session2_participant39_gesture11_trial4,2,39,11,WF,0,4
..\data\raw\grabmyo\1.1.0\Session2\session2_participant39\session2_participant39_gesture11_trial5,2,39,11,WF,0,5
..\data\raw\grabmyo\1.1.0\Session2\session2_participant39\session2_participant39_gesture11_trial6,2,39,11,WF,0,6
..\data\raw\grabmyo\1.1.0\Session2\session2_participant39\session2_participant39_gesture11_trial7,2,39,11,WF,0,7
..\data\raw\grabmyo\1.1.0\Session2\session2_participant39\session2_participant39_gesture12_trial1,2,39,12,WE,1,1
..\data\raw\grabmyo\1.1.0\Session2\session2_participant39\session2_participant39_gesture12_trial2,2,39,12,WE,1,2
..\data\raw\grabmyo\1.1.0\Session2\session2_participant39\session2_participant39_gesture12_trial3,2,39,12,WE,1,3
..\data\raw\grabmyo\1.1.0\Session2\session2_participant39\session2_participant39_gesture12_trial4,2,39,12,WE,1,4
..\data\raw\grabmyo\1.1.0\Session2\session2_participant39\session2_participant39_gesture12_trial5,2,39,12,WE,1,5
..\data\raw\grabmyo\1.1.0\Session2\session2_participant39\session2_participant39_gesture12_trial6,2,39,12,WE,1,6
..\data\raw\grabmyo\1.1.0\Session2\session2_participant39\session2_participant39_gesture12_trial7,2,39,12,WE,1,7
..\data\raw\grabmyo\1.1.0\Session2\session2_participant39\session2_participant39_gesture15_trial1,2,39,15,HO,2,1
..\data\raw\grabmyo\1.1.0\Session2\session2_participant39\session2_participant39_gesture15_trial2,2,39,15,HO,2,2
..\data\raw\grabmyo\1.1.0\Session2\session2_participant39\session2_participant39_gesture15_trial3,2,39,15,HO,2,3
..\data\raw\grabmyo\1.1.0\Session2\session2_participant39\session2_participant39_gesture15_trial4,2,39,15,HO,2,4
..\data\raw\grabmyo\1.1.0\Session2\session2_participant39\session2_participant39_gesture15_trial5,2,39,15,HO,2,5
..\data\raw\grabmyo\1.1.0\Session2\session2_participant39\session2_participant39_gesture15_trial6,2,39,15,HO,2,6
..\data\raw\grabmyo\1.1.0\Session2\session2_participant39\session2_participant39_gesture15_trial7,2,39,15,HO,2,7
..\data\raw\grabmyo\1.1.0\Session2\session2_participant39\session2_participant39_gesture16_trial1,2,39,16,HC,3,1
..\data\raw\grabmyo\1.1.0\Session2\session2_participant39\session2_participant39_gesture16_trial2,2,39,16,HC,3,2
..\data\raw\grabmyo\1.1.0\Session2\session2_participant39\session2_participant39_gesture16_trial3,2,39,16,HC,3,3
..\data\raw\grabmyo\1.1.0\Session2\session2_participant39\session2_participant39_gesture16_trial4,2,39,16,HC,3,4
..\data\raw\grabmyo\1.1.0\Session2\session2_participant39\session2_participant39_gesture16_trial5,2,39,16,HC,3,5
..\data\raw\grabmyo\1.1.0\Session2\session2_participant39\session2_participant39_gesture16_trial6,2,39,16,HC,3,6
..\data\raw\grabmyo\1.1.0\Session2\session2_participant39\session2_participant39_gesture16_trial7,2,39,16,HC,3,7
..\data\raw\grabmyo\1.1.0\Session3\session3_participant39\session3_participant39_gesture11_trial1,3,39,11,WF,0,1
..\data\raw\grabmyo\1.1.0\Session3\session3_participant39\session3_participant39_gesture11_trial2,3,39,11,WF,0,2
..\data\raw\grabmyo\1.1.0\Session3\session3_participant39\session3_participant39_gesture11_trial3,3,39,11,WF,0,3
..\data\raw\grabmyo\1.1.0\Session3\session3_participant39\session3_participant39_gesture11_trial4,3,39,11,WF,0,4
..\data\raw\grabmyo\1.1.0\Session3\session3_participant39\session3_participant39_gesture11_trial5,3,39,11,WF,0,5
..\data\raw\grabmyo\1.1.0\Session3\session3_participant39\session3_participant39_gesture11_trial6,3,39,11,WF,0,6
..\data\raw\grabmyo\1.1.0\Session3\session3_participant39\session3_participant39_gesture11_trial7,3,39,11,WF,0,7
..\data\raw\grabmyo\1.1.0\Session3\session3_participant39\session3_participant39_gesture12_trial1,3,39,12,WE,1,1
..\data\raw\grabmyo\1.1.0\Session3\session3_participant39\session3_participant39_gesture12_trial2,3,39,12,WE,1,2
..\data\raw\grabmyo\1.1.0\Session3\session3_participant39\session3_participant39_gesture12_trial3,3,39,12,WE,1,3
..\data\raw\grabmyo\1.1.0\Session3\session3_participant39\session3_participant39_gesture12_trial4,3,39,12,WE,1,4
..\data\raw\grabmyo\1.1.0\Session3\session3_participant39\session3_participant39_gesture12_trial5,3,39,12,WE,1,5
..\data\raw\grabmyo\1.1.0\Session3\session3_participant39\session3_participant39_gesture12_trial6,3,39,12,WE,1,6
..\data\raw\grabmyo\1.1.0\Session3\session3_participant39\session3_participant39_gesture12_trial7,3,39,12,WE,1,7
..\data\raw\grabmyo\1.1.0\Session3\session3_participant39\session3_participant39_gesture15_trial1,3,39,15,HO,2,1
..\data\raw\grabmyo\1.1.0\Session3\session3_participant39\session3_participant39_gesture15_trial2,3,39,15,HO,2,2
..\data\raw\grabmyo\1.1.0\Session3\session3_participant39\session3_participant39_gesture15_trial3,3,39,15,HO,2,3
..\data\raw\grabmyo\1.1.0\Session3\session3_participant39\session3_participant39_gesture15_trial4,3,39,15,HO,2,4
..\data\raw\grabmyo\1.1.0\Session3\session3_participant39\session3_participant39_gesture15_trial5,3,39,15,HO,2,5
..\data\raw\grabmyo\1.1.0\Session3\session3_participant39\session3_participant39_gesture15_trial6,3,39,15,HO,2,6
..\data\raw\grabmyo\1.1.0\Session3\session3_participant39\session3_participant39_gesture15_trial7,3,39,15,HO,2,7
..\data\raw\grabmyo\1.1.0\Session3\session3_participant39\session3_participant39_gesture16_trial1,3,39,16,HC,3,1
..\data\raw\grabmyo\1.1.0\Session3\session3_participant39\session3_participant39_gesture16_trial2,3,39,16,HC,3,2
..\data\raw\grabmyo\1.1.0\Session3\session3_participant39\session3_participant39_gesture16_trial3,3,39,16,HC,3,3
..\data\raw\grabmyo\1.1.0\Session3\session3_participant39\session3_participant39_gesture16_trial4,3,39,16,HC,3,4
..\data\raw\grabmyo\1.1.0\Session3\session3_participant39\session3_participant39_gesture16_trial5,3,39,16,HC,3,5
..\data\raw\grabmyo\1.1.0\Session3\session3_participant39\session3_participant39_gesture16_trial6,3,39,16,HC,3,6
..\data\raw\grabmyo\1.1.0\Session3\session3_participant39\session3_participant39_gesture16_trial7,3,39,16,HC,3,7
..\data\raw\grabmyo\1.1.0\Session1\session1_participant40\session1_participant40_gesture11_trial1,1,40,11,WF,0,1
..\data\raw\grabmyo\1.1.0\Session1\session1_participant40\session1_participant40_gesture11_trial2,1,40,11,WF,0,2
..\data\raw\grabmyo\1.1.0\Session1\session1_participant40\session1_participant40_gesture11_trial3,1,40,11,WF,0,3
..\data\raw\grabmyo\1.1.0\Session1\session1_participant40\session1_participant40_gesture11_trial4,1,40,11,WF,0,4
..\data\raw\grabmyo\1.1.0\Session1\session1_participant40\session1_participant40_gesture11_trial5,1,40,11,WF,0,5
..\data\raw\grabmyo\1.1.0\Session1\session1_participant40\session1_participant40_gesture11_trial6,1,40,11,WF,0,6
..\data\raw\grabmyo\1.1.0\Session1\session1_participant40\session1_participant40_gesture11_trial7,1,40,11,WF,0,7
..\data\raw\grabmyo\1.1.0\Session1\session1_participant40\session1_participant40_gesture12_trial1,1,40,12,WE,1,1
..\data\raw\grabmyo\1.1.0\Session1\session1_participant40\session1_participant40_gesture12_trial2,1,40,12,WE,1,2
..\data\raw\grabmyo\1.1.0\Session1\session1_participant40\session1_participant40_gesture12_trial3,1,40,12,WE,1,3
..\data\raw\grabmyo\1.1.0\Session1\session1_participant40\session1_participant40_gesture12_trial4,1,40,12,WE,1,4
..\data\raw\grabmyo\1.1.0\Session1\session1_participant40\session1_participant40_gesture12_trial5,1,40,12,WE,1,5
..\data\raw\grabmyo\1.1.0\Session1\session1_participant40\session1_participant40_gesture12_trial6,1,40,12,WE,1,6
..\data\raw\grabmyo\1.1.0\Session1\session1_participant40\session1_participant40_gesture12_trial7,1,40,12,WE,1,7
..\data\raw\grabmyo\1.1.0\Session1\session1_participant40\session1_participant40_gesture15_trial1,1,40,15,HO,2,1
..\data\raw\grabmyo\1.1.0\Session1\session1_participant40\session1_participant40_gesture15_trial2,1,40,15,HO,2,2
..\data\raw\grabmyo\1.1.0\Session1\session1_participant40\session1_participant40_gesture15_trial3,1,40,15,HO,2,3
..\data\raw\grabmyo\1.1.0\Session1\session1_participant40\session1_participant40_gesture15_trial4,1,40,15,HO,2,4
..\data\raw\grabmyo\1.1.0\Session1\session1_participant40\session1_participant40_gesture15_trial5,1,40,15,HO,2,5
..\data\raw\grabmyo\1.1.0\Session1\session1_participant40\session1_participant40_gesture15_trial6,1,40,15,HO,2,6
..\data\raw\grabmyo\1.1.0\Session1\session1_participant40\session1_participant40_gesture15_trial7,1,40,15,HO,2,7
..\data\raw\grabmyo\1.1.0\Session1\session1_participant40\session1_participant40_gesture16_trial1,1,40,16,HC,3,1
..\data\raw\grabmyo\1.1.0\Session1\session1_participant40\session1_participant40_gesture16_trial2,1,40,16,HC,3,2
..\data\raw\grabmyo\1.1.0\Session1\session1_participant40\session1_participant40_gesture16_trial3,1,40,16,HC,3,3
..\data\raw\grabmyo\1.1.0\Session1\session1_participant40\session1_participant40_gesture16_trial4,1,40,16,HC,3,4
..\data\raw\grabmyo\1.1.0\Session1\session1_participant40\session1_participant40_gesture16_trial5,1,40,16,HC,3,5
..\data\raw\grabmyo\1.1.0\Session1\session1_participant40\session1_participant40_gesture16_trial6,1,40,16,HC,3,6
..\data\raw\grabmyo\1.1.0\Session1\session1_participant40\session1_participant40_gesture16_trial7,1,40,16,HC,3,7
..\data\raw\grabmyo\1.1.0\Session2\session2_participant40\session2_participant40_gesture11_trial1,2,40,11,WF,0,1
..\data\raw\grabmyo\1.1.0\Session2\session2_participant40\session2_participant40_gesture11_trial2,2,40,11,WF,0,2
..\data\raw\grabmyo\1.1.0\Session2\session2_participant40\session2_participant40_gesture11_trial3,2,40,11,WF,0,3
..\data\raw\grabmyo\1.1.0\Session2\session2_participant40\session2_participant40_gesture11_trial4,2,40,11,WF,0,4
..\data\raw\grabmyo\1.1.0\Session2\session2_participant40\session2_participant40_gesture11_trial5,2,40,11,WF,0,5
..\data\raw\grabmyo\1.1.0\Session2\session2_participant40\session2_participant40_gesture11_trial6,2,40,11,WF,0,6
..\data\raw\grabmyo\1.1.0\Session2\session2_participant40\session2_participant40_gesture11_trial7,2,40,11,WF,0,7
..\data\raw\grabmyo\1.1.0\Session2\session2_participant40\session2_participant40_gesture12_trial1,2,40,12,WE,1,1
..\data\raw\grabmyo\1.1.0\Session2\session2_participant40\session2_participant40_gesture12_trial2,2,40,12,WE,1,2
..\data\raw\grabmyo\1.1.0\Session2\session2_participant40\session2_participant40_gesture12_trial3,2,40,12,WE,1,3
..\data\raw\grabmyo\1.1.0\Session2\session2_participant40\session2_participant40_gesture12_trial4,2,40,12,WE,1,4
..\data\raw\grabmyo\1.1.0\Session2\session2_participant40\session2_participant40_gesture12_trial5,2,40,12,WE,1,5
..\data\raw\grabmyo\1.1.0\Session2\session2_participant40\session2_participant40_gesture12_trial6,2,40,12,WE,1,6
..\data\raw\grabmyo\1.1.0\Session2\session2_participant40\session2_participant40_gesture12_trial7,2,40,12,WE,1,7
..\data\raw\grabmyo\1.1.0\Session2\session2_participant40\session2_participant40_gesture15_trial1,2,40,15,HO,2,1
..\data\raw\grabmyo\1.1.0\Session2\session2_participant40\session2_participant40_gesture15_trial2,2,40,15,HO,2,2
..\data\raw\grabmyo\1.1.0\Session2\session2_participant40\session2_participant40_gesture15_trial3,2,40,15,HO,2,3
..\data\raw\grabmyo\1.1.0\Session2\session2_participant40\session2_participant40_gesture15_trial4,2,40,15,HO,2,4
..\data\raw\grabmyo\1.1.0\Session2\session2_participant40\session2_participant40_gesture15_trial5,2,40,15,HO,2,5
..\data\raw\grabmyo\1.1.0\Session2\session2_participant40\session2_participant40_gesture15_trial6,2,40,15,HO,2,6
..\data\raw\grabmyo\1.1.0\Session2\session2_participant40\session2_participant40_gesture15_trial7,2,40,15,HO,2,7
..\data\raw\grabmyo\1.1.0\Session2\session2_participant40\session2_participant40_gesture16_trial1,2,40,16,HC,3,1
..\data\raw\grabmyo\1.1.0\Session2\session2_participant40\session2_participant40_gesture16_trial2,2,40,16,HC,3,2
..\data\raw\grabmyo\1.1.0\Session2\session2_participant40\session2_participant40_gesture16_trial3,2,40,16,HC,3,3
..\data\raw\grabmyo\1.1.0\Session2\session2_participant40\session2_participant40_gesture16_trial4,2,40,16,HC,3,4
..\data\raw\grabmyo\1.1.0\Session2\session2_participant40\session2_participant40_gesture16_trial5,2,40,16,HC,3,5
..\data\raw\grabmyo\1.1.0\Session2\session2_participant40\session2_participant40_gesture16_trial6,2,40,16,HC,3,6
..\data\raw\grabmyo\1.1.0\Session2\session2_participant40\session2_participant40_gesture16_trial7,2,40,16,HC,3,7
..\data\raw\grabmyo\1.1.0\Session3\session3_participant40\session3_participant40_gesture11_trial1,3,40,11,WF,0,1
..\data\raw\grabmyo\1.1.0\Session3\session3_participant40\session3_participant40_gesture11_trial2,3,40,11,WF,0,2
..\data\raw\grabmyo\1.1.0\Session3\session3_participant40\session3_participant40_gesture11_trial3,3,40,11,WF,0,3
..\data\raw\grabmyo\1.1.0\Session3\session3_participant40\session3_participant40_gesture11_trial4,3,40,11,WF,0,4
..\data\raw\grabmyo\1.1.0\Session3\session3_participant40\session3_participant40_gesture11_trial5,3,40,11,WF,0,5
..\data\raw\grabmyo\1.1.0\Session3\session3_participant40\session3_participant40_gesture11_trial6,3,40,11,WF,0,6
..\data\raw\grabmyo\1.1.0\Session3\session3_participant40\session3_participant40_gesture11_trial7,3,40,11,WF,0,7
..\data\raw\grabmyo\1.1.0\Session3\session3_participant40\session3_participant40_gesture12_trial1,3,40,12,WE,1,1
..\data\raw\grabmyo\1.1.0\Session3\session3_participant40\session3_participant40_gesture12_trial2,3,40,12,WE,1,2
..\data\raw\grabmyo\1.1.0\Session3\session3_participant40\session3_participant40_gesture12_trial3,3,40,12,WE,1,3
..\data\raw\grabmyo\1.1.0\Session3\session3_participant40\session3_participant40_gesture12_trial4,3,40,12,WE,1,4
..\data\raw\grabmyo\1.1.0\Session3\session3_participant40\session3_participant40_gesture12_trial5,3,40,12,WE,1,5
..\data\raw\grabmyo\1.1.0\Session3\session3_participant40\session3_participant40_gesture12_trial6,3,40,12,WE,1,6
..\data\raw\grabmyo\1.1.0\Session3\session3_participant40\session3_participant40_gesture12_trial7,3,40,12,WE,1,7
..\data\raw\grabmyo\1.1.0\Session3\session3_participant40\session3_participant40_gesture15_trial1,3,40,15,HO,2,1
..\data\raw\grabmyo\1.1.0\Session3\session3_participant40\session3_participant40_gesture15_trial2,3,40,15,HO,2,2
..\data\raw\grabmyo\1.1.0\Session3\session3_participant40\session3_participant40_gesture15_trial3,3,40,15,HO,2,3
..\data\raw\grabmyo\1.1.0\Session3\session3_participant40\session3_participant40_gesture15_trial4,3,40,15,HO,2,4
..\data\raw\grabmyo\1.1.0\Session3\session3_participant40\session3_participant40_gesture15_trial5,3,40,15,HO,2,5
..\data\raw\grabmyo\1.1.0\Session3\session3_participant40\session3_participant40_gesture15_trial6,3,40,15,HO,2,6
..\data\raw\grabmyo\1.1.0\Session3\session3_participant40\session3_participant40_gesture15_trial7,3,40,15,HO,2,7
..\data\raw\grabmyo\1.1.0\Session3\session3_participant40\session3_participant40_gesture16_trial1,3,40,16,HC,3,1
..\data\raw\grabmyo\1.1.0\Session3\session3_participant40\session3_participant40_gesture16_trial2,3,40,16,HC,3,2
..\data\raw\grabmyo\1.1.0\Session3\session3_participant40\session3_participant40_gesture16_trial3,3,40,16,HC,3,3
..\data\raw\grabmyo\1.1.0\Session3\session3_participant40\session3_participant40_gesture16_trial4,3,40,16,HC,3,4
..\data\raw\grabmyo\1.1.0\Session3\session3_participant40\session3_participant40_gesture16_trial5,3,40,16,HC,3,5
..\data\raw\grabmyo\1.1.0\Session3\session3_participant40\session3_participant40_gesture16_trial6,3,40,16,HC,3,6
..\data\raw\grabmyo\1.1.0\Session3\session3_participant40\session3_participant40_gesture16_trial7,3,40,16,HC,3,7
..\data\raw\grabmyo\1.1.0\Session1\session1_participant41\session1_participant41_gesture11_trial1,1,41,11,WF,0,1
..\data\raw\grabmyo\1.1.0\Session1\session1_participant41\session1_participant41_gesture11_trial2,1,41,11,WF,0,2
..\data\raw\grabmyo\1.1.0\Session1\session1_participant41\session1_participant41_gesture11_trial3,1,41,11,WF,0,3
..\data\raw\grabmyo\1.1.0\Session1\session1_participant41\session1_participant41_gesture11_trial4,1,41,11,WF,0,4
..\data\raw\grabmyo\1.1.0\Session1\session1_participant41\session1_participant41_gesture11_trial5,1,41,11,WF,0,5
..\data\raw\grabmyo\1.1.0\Session1\session1_participant41\session1_participant41_gesture11_trial6,1,41,11,WF,0,6
..\data\raw\grabmyo\1.1.0\Session1\session1_participant41\session1_participant41_gesture11_trial7,1,41,11,WF,0,7
..\data\raw\grabmyo\1.1.0\Session1\session1_participant41\session1_participant41_gesture12_trial1,1,41,12,WE,1,1
..\data\raw\grabmyo\1.1.0\Session1\session1_participant41\session1_participant41_gesture12_trial2,1,41,12,WE,1,2
..\data\raw\grabmyo\1.1.0\Session1\session1_participant41\session1_participant41_gesture12_trial3,1,41,12,WE,1,3
..\data\raw\grabmyo\1.1.0\Session1\session1_participant41\session1_participant41_gesture12_trial4,1,41,12,WE,1,4
..\data\raw\grabmyo\1.1.0\Session1\session1_participant41\session1_participant41_gesture12_trial5,1,41,12,WE,1,5
..\data\raw\grabmyo\1.1.0\Session1\session1_participant41\session1_participant41_gesture12_trial6,1,41,12,WE,1,6
..\data\raw\grabmyo\1.1.0\Session1\session1_participant41\session1_participant41_gesture12_trial7,1,41,12,WE,1,7
..\data\raw\grabmyo\1.1.0\Session1\session1_participant41\session1_participant41_gesture15_trial1,1,41,15,HO,2,1
..\data\raw\grabmyo\1.1.0\Session1\session1_participant41\session1_participant41_gesture15_trial2,1,41,15,HO,2,2
..\data\raw\grabmyo\1.1.0\Session1\session1_participant41\session1_participant41_gesture15_trial3,1,41,15,HO,2,3
..\data\raw\grabmyo\1.1.0\Session1\session1_participant41\session1_participant41_gesture15_trial4,1,41,15,HO,2,4
..\data\raw\grabmyo\1.1.0\Session1\session1_participant41\session1_participant41_gesture15_trial5,1,41,15,HO,2,5
..\data\raw\grabmyo\1.1.0\Session1\session1_participant41\session1_participant41_gesture15_trial6,1,41,15,HO,2,6
..\data\raw\grabmyo\1.1.0\Session1\session1_participant41\session1_participant41_gesture15_trial7,1,41,15,HO,2,7
..\data\raw\grabmyo\1.1.0\Session1\session1_participant41\session1_participant41_gesture16_trial1,1,41,16,HC,3,1
..\data\raw\grabmyo\1.1.0\Session1\session1_participant41\session1_participant41_gesture16_trial2,1,41,16,HC,3,2
..\data\raw\grabmyo\1.1.0\Session1\session1_participant41\session1_participant41_gesture16_trial3,1,41,16,HC,3,3
..\data\raw\grabmyo\1.1.0\Session1\session1_participant41\session1_participant41_gesture16_trial4,1,41,16,HC,3,4
..\data\raw\grabmyo\1.1.0\Session1\session1_participant41\session1_participant41_gesture16_trial5,1,41,16,HC,3,5
..\data\raw\grabmyo\1.1.0\Session1\session1_participant41\session1_participant41_gesture16_trial6,1,41,16,HC,3,6
..\data\raw\grabmyo\1.1.0\Session1\session1_participant41\session1_participant41_gesture16_trial7,1,41,16,HC,3,7
..\data\raw\grabmyo\1.1.0\Session2\session2_participant41\session2_participant41_gesture11_trial1,2,41,11,WF,0,1
..\data\raw\grabmyo\1.1.0\Session2\session2_participant41\session2_participant41_gesture11_trial2,2,41,11,WF,0,2
..\data\raw\grabmyo\1.1.0\Session2\session2_participant41\session2_participant41_gesture11_trial3,2,41,11,WF,0,3
..\data\raw\grabmyo\1.1.0\Session2\session2_participant41\session2_participant41_gesture11_trial4,2,41,11,WF,0,4
..\data\raw\grabmyo\1.1.0\Session2\session2_participant41\session2_participant41_gesture11_trial5,2,41,11,WF,0,5
..\data\raw\grabmyo\1.1.0\Session2\session2_participant41\session2_participant41_gesture11_trial6,2,41,11,WF,0,6
..\data\raw\grabmyo\1.1.0\Session2\session2_participant41\session2_participant41_gesture11_trial7,2,41,11,WF,0,7
..\data\raw\grabmyo\1.1.0\Session2\session2_participant41\session2_participant41_gesture12_trial1,2,41,12,WE,1,1
..\data\raw\grabmyo\1.1.0\Session2\session2_participant41\session2_participant41_gesture12_trial2,2,41,12,WE,1,2
..\data\raw\grabmyo\1.1.0\Session2\session2_participant41\session2_participant41_gesture12_trial3,2,41,12,WE,1,3
..\data\raw\grabmyo\1.1.0\Session2\session2_participant41\session2_participant41_gesture12_trial4,2,41,12,WE,1,4
..\data\raw\grabmyo\1.1.0\Session2\session2_participant41\session2_participant41_gesture12_trial5,2,41,12,WE,1,5
..\data\raw\grabmyo\1.1.0\Session2\session2_participant41\session2_participant41_gesture12_trial6,2,41,12,WE,1,6
..\data\raw\grabmyo\1.1.0\Session2\session2_participant41\session2_participant41_gesture12_trial7,2,41,12,WE,1,7
..\data\raw\grabmyo\1.1.0\Session2\session2_participant41\session2_participant41_gesture15_trial1,2,41,15,HO,2,1
..\data\raw\grabmyo\1.1.0\Session2\session2_participant41\session2_participant41_gesture15_trial2,2,41,15,HO,2,2
..\data\raw\grabmyo\1.1.0\Session2\session2_participant41\session2_participant41_gesture15_trial3,2,41,15,HO,2,3
..\data\raw\grabmyo\1.1.0\Session2\session2_participant41\session2_participant41_gesture15_trial4,2,41,15,HO,2,4
..\data\raw\grabmyo\1.1.0\Session2\session2_participant41\session2_participant41_gesture15_trial5,2,41,15,HO,2,5
..\data\raw\grabmyo\1.1.0\Session2\session2_participant41\session2_participant41_gesture15_trial6,2,41,15,HO,2,6
..\data\raw\grabmyo\1.1.0\Session2\session2_participant41\session2_participant41_gesture15_trial7,2,41,15,HO,2,7
..\data\raw\grabmyo\1.1.0\Session2\session2_participant41\session2_participant41_gesture16_trial1,2,41,16,HC,3,1
..\data\raw\grabmyo\1.1.0\Session2\session2_participant41\session2_participant41_gesture16_trial2,2,41,16,HC,3,2
..\data\raw\grabmyo\1.1.0\Session2\session2_participant41\session2_participant41_gesture16_trial3,2,41,16,HC,3,3
..\data\raw\grabmyo\1.1.0\Session2\session2_participant41\session2_participant41_gesture16_trial4,2,41,16,HC,3,4
..\data\raw\grabmyo\1.1.0\Session2\session2_participant41\session2_participant41_gesture16_trial5,2,41,16,HC,3,5
..\data\raw\grabmyo\1.1.0\Session2\session2_participant41\session2_participant41_gesture16_trial6,2,41,16,HC,3,6
..\data\raw\grabmyo\1.1.0\Session2\session2_participant41\session2_participant41_gesture16_trial7,2,41,16,HC,3,7
..\data\raw\grabmyo\1.1.0\Session3\session3_participant41\session3_participant41_gesture11_trial1,3,41,11,WF,0,1
..\data\raw\grabmyo\1.1.0\Session3\session3_participant41\session3_participant41_gesture11_trial2,3,41,11,WF,0,2
..\data\raw\grabmyo\1.1.0\Session3\session3_participant41\session3_participant41_gesture11_trial3,3,41,11,WF,0,3
..\data\raw\grabmyo\1.1.0\Session3\session3_participant41\session3_participant41_gesture11_trial4,3,41,11,WF,0,4
..\data\raw\grabmyo\1.1.0\Session3\session3_participant41\session3_participant41_gesture11_trial5,3,41,11,WF,0,5
..\data\raw\grabmyo\1.1.0\Session3\session3_participant41\session3_participant41_gesture11_trial6,3,41,11,WF,0,6
..\data\raw\grabmyo\1.1.0\Session3\session3_participant41\session3_participant41_gesture11_trial7,3,41,11,WF,0,7
..\data\raw\grabmyo\1.1.0\Session3\session3_participant41\session3_participant41_gesture12_trial1,3,41,12,WE,1,1
..\data\raw\grabmyo\1.1.0\Session3\session3_participant41\session3_participant41_gesture12_trial2,3,41,12,WE,1,2
..\data\raw\grabmyo\1.1.0\Session3\session3_participant41\session3_participant41_gesture12_trial3,3,41,12,WE,1,3
..\data\raw\grabmyo\1.1.0\Session3\session3_participant41\session3_participant41_gesture12_trial4,3,41,12,WE,1,4
..\data\raw\grabmyo\1.1.0\Session3\session3_participant41\session3_participant41_gesture12_trial5,3,41,12,WE,1,5
..\data\raw\grabmyo\1.1.0\Session3\session3_participant41\session3_participant41_gesture12_trial6,3,41,12,WE,1,6
..\data\raw\grabmyo\1.1.0\Session3\session3_participant41\session3_participant41_gesture12_trial7,3,41,12,WE,1,7
..\data\raw\grabmyo\1.1.0\Session3\session3_participant41\session3_participant41_gesture15_trial1,3,41,15,HO,2,1
..\data\raw\grabmyo\1.1.0\Session3\session3_participant41\session3_participant41_gesture15_trial2,3,41,15,HO,2,2
..\data\raw\grabmyo\1.1.0\Session3\session3_participant41\session3_participant41_gesture15_trial3,3,41,15,HO,2,3
..\data\raw\grabmyo\1.1.0\Session3\session3_participant41\session3_participant41_gesture15_trial4,3,41,15,HO,2,4
..\data\raw\grabmyo\1.1.0\Session3\session3_participant41\session3_participant41_gesture15_trial5,3,41,15,HO,2,5
..\data\raw\grabmyo\1.1.0\Session3\session3_participant41\session3_participant41_gesture15_trial6,3,41,15,HO,2,6
..\data\raw\grabmyo\1.1.0\Session3\session3_participant41\session3_participant41_gesture15_trial7,3,41,15,HO,2,7
..\data\raw\grabmyo\1.1.0\Session3\session3_participant41\session3_participant41_gesture16_trial1,3,41,16,HC,3,1
..\data\raw\grabmyo\1.1.0\Session3\session3_participant41\session3_participant41_gesture16_trial2,3,41,16,HC,3,2
..\data\raw\grabmyo\1.1.0\Session3\session3_participant41\session3_participant41_gesture16_trial3,3,41,16,HC,3,3
..\data\raw\grabmyo\1.1.0\Session3\session3_participant41\session3_participant41_gesture16_trial4,3,41,16,HC,3,4
..\data\raw\grabmyo\1.1.0\Session3\session3_participant41\session3_participant41_gesture16_trial5,3,41,16,HC,3,5
..\data\raw\grabmyo\1.1.0\Session3\session3_participant41\session3_participant41_gesture16_trial6,3,41,16,HC,3,6
..\data\raw\grabmyo\1.1.0\Session3\session3_participant41\session3_participant41_gesture16_trial7,3,41,16,HC,3,7
..\data\raw\grabmyo\1.1.0\Session1\session1_participant42\session1_participant42_gesture11_trial1,1,42,11,WF,0,1
..\data\raw\grabmyo\1.1.0\Session1\session1_participant42\session1_participant42_gesture11_trial2,1,42,11,WF,0,2
..\data\raw\grabmyo\1.1.0\Session1\session1_participant42\session1_participant42_gesture11_trial3,1,42,11,WF,0,3
..\data\raw\grabmyo\1.1.0\Session1\session1_participant42\session1_participant42_gesture11_trial4,1,42,11,WF,0,4
..\data\raw\grabmyo\1.1.0\Session1\session1_participant42\session1_participant42_gesture11_trial5,1,42,11,WF,0,5
..\data\raw\grabmyo\1.1.0\Session1\session1_participant42\session1_participant42_gesture11_trial6,1,42,11,WF,0,6
..\data\raw\grabmyo\1.1.0\Session1\session1_participant42\session1_participant42_gesture11_trial7,1,42,11,WF,0,7
..\data\raw\grabmyo\1.1.0\Session1\session1_participant42\session1_participant42_gesture12_trial1,1,42,12,WE,1,1
..\data\raw\grabmyo\1.1.0\Session1\session1_participant42\session1_participant42_gesture12_trial2,1,42,12,WE,1,2
..\data\raw\grabmyo\1.1.0\Session1\session1_participant42\session1_participant42_gesture12_trial3,1,42,12,WE,1,3
..\data\raw\grabmyo\1.1.0\Session1\session1_participant42\session1_participant42_gesture12_trial4,1,42,12,WE,1,4
..\data\raw\grabmyo\1.1.0\Session1\session1_participant42\session1_participant42_gesture12_trial5,1,42,12,WE,1,5
..\data\raw\grabmyo\1.1.0\Session1\session1_participant42\session1_participant42_gesture12_trial6,1,42,12,WE,1,6
..\data\raw\grabmyo\1.1.0\Session1\session1_participant42\session1_participant42_gesture12_trial7,1,42,12,WE,1,7
..\data\raw\grabmyo\1.1.0\Session1\session1_participant42\session1_participant42_gesture15_trial1,1,42,15,HO,2,1
..\data\raw\grabmyo\1.1.0\Session1\session1_participant42\session1_participant42_gesture15_trial2,1,42,15,HO,2,2
..\data\raw\grabmyo\1.1.0\Session1\session1_participant42\session1_participant42_gesture15_trial3,1,42,15,HO,2,3
..\data\raw\grabmyo\1.1.0\Session1\session1_participant42\session1_participant42_gesture15_trial4,1,42,15,HO,2,4
..\data\raw\grabmyo\1.1.0\Session1\session1_participant42\session1_participant42_gesture15_trial5,1,42,15,HO,2,5
..\data\raw\grabmyo\1.1.0\Session1\session1_participant42\session1_participant42_gesture15_trial6,1,42,15,HO,2,6
..\data\raw\grabmyo\1.1.0\Session1\session1_participant42\session1_participant42_gesture15_trial7,1,42,15,HO,2,7
..\data\raw\grabmyo\1.1.0\Session1\session1_participant42\session1_participant42_gesture16_trial1,1,42,16,HC,3,1
..\data\raw\grabmyo\1.1.0\Session1\session1_participant42\session1_participant42_gesture16_trial2,1,42,16,HC,3,2
..\data\raw\grabmyo\1.1.0\Session1\session1_participant42\session1_participant42_gesture16_trial3,1,42,16,HC,3,3
..\data\raw\grabmyo\1.1.0\Session1\session1_participant42\session1_participant42_gesture16_trial4,1,42,16,HC,3,4
..\data\raw\grabmyo\1.1.0\Session1\session1_participant42\session1_participant42_gesture16_trial5,1,42,16,HC,3,5
..\data\raw\grabmyo\1.1.0\Session1\session1_participant42\session1_participant42_gesture16_trial6,1,42,16,HC,3,6
..\data\raw\grabmyo\1.1.0\Session1\session1_participant42\session1_participant42_gesture16_trial7,1,42,16,HC,3,7
..\data\raw\grabmyo\1.1.0\Session2\session2_participant42\session2_participant42_gesture11_trial1,2,42,11,WF,0,1
..\data\raw\grabmyo\1.1.0\Session2\session2_participant42\session2_participant42_gesture11_trial2,2,42,11,WF,0,2
..\data\raw\grabmyo\1.1.0\Session2\session2_participant42\session2_participant42_gesture11_trial3,2,42,11,WF,0,3
..\data\raw\grabmyo\1.1.0\Session2\session2_participant42\session2_participant42_gesture11_trial4,2,42,11,WF,0,4
..\data\raw\grabmyo\1.1.0\Session2\session2_participant42\session2_participant42_gesture11_trial5,2,42,11,WF,0,5
..\data\raw\grabmyo\1.1.0\Session2\session2_participant42\session2_participant42_gesture11_trial6,2,42,11,WF,0,6
..\data\raw\grabmyo\1.1.0\Session2\session2_participant42\session2_participant42_gesture11_trial7,2,42,11,WF,0,7
..\data\raw\grabmyo\1.1.0\Session2\session2_participant42\session2_participant42_gesture12_trial1,2,42,12,WE,1,1
..\data\raw\grabmyo\1.1.0\Session2\session2_participant42\session2_participant42_gesture12_trial2,2,42,12,WE,1,2
..\data\raw\grabmyo\1.1.0\Session2\session2_participant42\session2_participant42_gesture12_trial3,2,42,12,WE,1,3
..\data\raw\grabmyo\1.1.0\Session2\session2_participant42\session2_participant42_gesture12_trial4,2,42,12,WE,1,4
..\data\raw\grabmyo\1.1.0\Session2\session2_participant42\session2_participant42_gesture12_trial5,2,42,12,WE,1,5
..\data\raw\grabmyo\1.1.0\Session2\session2_participant42\session2_participant42_gesture12_trial6,2,42,12,WE,1,6
..\data\raw\grabmyo\1.1.0\Session2\session2_participant42\session2_participant42_gesture12_trial7,2,42,12,WE,1,7
..\data\raw\grabmyo\1.1.0\Session2\session2_participant42\session2_participant42_gesture15_trial1,2,42,15,HO,2,1
..\data\raw\grabmyo\1.1.0\Session2\session2_participant42\session2_participant42_gesture15_trial2,2,42,15,HO,2,2
..\data\raw\grabmyo\1.1.0\Session2\session2_participant42\session2_participant42_gesture15_trial3,2,42,15,HO,2,3
..\data\raw\grabmyo\1.1.0\Session2\session2_participant42\session2_participant42_gesture15_trial4,2,42,15,HO,2,4
..\data\raw\grabmyo\1.1.0\Session2\session2_participant42\session2_participant42_gesture15_trial5,2,42,15,HO,2,5
..\data\raw\grabmyo\1.1.0\Session2\session2_participant42\session2_participant42_gesture15_trial6,2,42,15,HO,2,6
..\data\raw\grabmyo\1.1.0\Session2\session2_participant42\session2_participant42_gesture15_trial7,2,42,15,HO,2,7
..\data\raw\grabmyo\1.1.0\Session2\session2_participant42\session2_participant42_gesture16_trial1,2,42,16,HC,3,1
..\data\raw\grabmyo\1.1.0\Session2\session2_participant42\session2_participant42_gesture16_trial2,2,42,16,HC,3,2
..\data\raw\grabmyo\1.1.0\Session2\session2_participant42\session2_participant42_gesture16_trial3,2,42,16,HC,3,3
..\data\raw\grabmyo\1.1.0\Session2\session2_participant42\session2_participant42_gesture16_trial4,2,42,16,HC,3,4
..\data\raw\grabmyo\1.1.0\Session2\session2_participant42\session2_participant42_gesture16_trial5,2,42,16,HC,3,5
..\data\raw\grabmyo\1.1.0\Session2\session2_participant42\session2_participant42_gesture16_trial6,2,42,16,HC,3,6
..\data\raw\grabmyo\1.1.0\Session2\session2_participant42\session2_participant42_gesture16_trial7,2,42,16,HC,3,7
..\data\raw\grabmyo\1.1.0\Session3\session3_participant42\session3_participant42_gesture11_trial1,3,42,11,WF,0,1
..\data\raw\grabmyo\1.1.0\Session3\session3_participant42\session3_participant42_gesture11_trial2,3,42,11,WF,0,2
..\data\raw\grabmyo\1.1.0\Session3\session3_participant42\session3_participant42_gesture11_trial3,3,42,11,WF,0,3
..\data\raw\grabmyo\1.1.0\Session3\session3_participant42\session3_participant42_gesture11_trial4,3,42,11,WF,0,4
..\data\raw\grabmyo\1.1.0\Session3\session3_participant42\session3_participant42_gesture11_trial5,3,42,11,WF,0,5
..\data\raw\grabmyo\1.1.0\Session3\session3_participant42\session3_participant42_gesture11_trial6,3,42,11,WF,0,6
..\data\raw\grabmyo\1.1.0\Session3\session3_participant42\session3_participant42_gesture11_trial7,3,42,11,WF,0,7
..\data\raw\grabmyo\1.1.0\Session3\session3_participant42\session3_participant42_gesture12_trial1,3,42,12,WE,1,1
..\data\raw\grabmyo\1.1.0\Session3\session3_participant42\session3_participant42_gesture12_trial2,3,42,12,WE,1,2
..\data\raw\grabmyo\1.1.0\Session3\session3_participant42\session3_participant42_gesture12_trial3,3,42,12,WE,1,3
..\data\raw\grabmyo\1.1.0\Session3\session3_participant42\session3_participant42_gesture12_trial4,3,42,12,WE,1,4
..\data\raw\grabmyo\1.1.0\Session3\session3_participant42\session3_participant42_gesture12_trial5,3,42,12,WE,1,5
..\data\raw\grabmyo\1.1.0\Session3\session3_participant42\session3_participant42_gesture12_trial6,3,42,12,WE,1,6
..\data\raw\grabmyo\1.1.0\Session3\session3_participant42\session3_participant42_gesture12_trial7,3,42,12,WE,1,7
..\data\raw\grabmyo\1.1.0\Session3\session3_participant42\session3_participant42_gesture15_trial1,3,42,15,HO,2,1
..\data\raw\grabmyo\1.1.0\Session3\session3_participant42\session3_participant42_gesture15_trial2,3,42,15,HO,2,2
..\data\raw\grabmyo\1.1.0\Session3\session3_participant42\session3_participant42_gesture15_trial3,3,42,15,HO,2,3
..\data\raw\grabmyo\1.1.0\Session3\session3_participant42\session3_participant42_gesture15_trial4,3,42,15,HO,2,4
..\data\raw\grabmyo\1.1.0\Session3\session3_participant42\session3_participant42_gesture15_trial5,3,42,15,HO,2,5
..\data\raw\grabmyo\1.1.0\Session3\session3_participant42\session3_participant42_gesture15_trial6,3,42,15,HO,2,6
..\data\raw\grabmyo\1.1.0\Session3\session3_participant42\session3_participant42_gesture15_trial7,3,42,15,HO,2,7
..\data\raw\grabmyo\1.1.0\Session3\session3_participant42\session3_participant42_gesture16_trial1,3,42,16,HC,3,1
..\data\raw\grabmyo\1.1.0\Session3\session3_participant42\session3_participant42_gesture16_trial2,3,42,16,HC,3,2
..\data\raw\grabmyo\1.1.0\Session3\session3_participant42\session3_participant42_gesture16_trial3,3,42,16,HC,3,3
..\data\raw\grabmyo\1.1.0\Session3\session3_participant42\session3_participant42_gesture16_trial4,3,42,16,HC,3,4
..\data\raw\grabmyo\1.1.0\Session3\session3_participant42\session3_participant42_gesture16_trial5,3,42,16,HC,3,5
..\data\raw\grabmyo\1.1.0\Session3\session3_participant42\session3_participant42_gesture16_trial6,3,42,16,HC,3,6
..\data\raw\grabmyo\1.1.0\Session3\session3_participant42\session3_participant42_gesture16_trial7,3,42,16,HC,3,7
..\data\raw\grabmyo\1.1.0\Session1\session1_participant43\session1_participant43_gesture11_trial1,1,43,11,WF,0,1
..\data\raw\grabmyo\1.1.0\Session1\session1_participant43\session1_participant43_gesture11_trial2,1,43,11,WF,0,2
..\data\raw\grabmyo\1.1.0\Session1\session1_participant43\session1_participant43_gesture11_trial3,1,43,11,WF,0,3
..\data\raw\grabmyo\1.1.0\Session1\session1_participant43\session1_participant43_gesture11_trial4,1,43,11,WF,0,4
..\data\raw\grabmyo\1.1.0\Session1\session1_participant43\session1_participant43_gesture11_trial5,1,43,11,WF,0,5
..\data\raw\grabmyo\1.1.0\Session1\session1_participant43\session1_participant43_gesture11_trial6,1,43,11,WF,0,6
..\data\raw\grabmyo\1.1.0\Session1\session1_participant43\session1_participant43_gesture11_trial7,1,43,11,WF,0,7
..\data\raw\grabmyo\1.1.0\Session1\session1_participant43\session1_participant43_gesture12_trial1,1,43,12,WE,1,1
..\data\raw\grabmyo\1.1.0\Session1\session1_participant43\session1_participant43_gesture12_trial2,1,43,12,WE,1,2
..\data\raw\grabmyo\1.1.0\Session1\session1_participant43\session1_participant43_gesture12_trial3,1,43,12,WE,1,3
..\data\raw\grabmyo\1.1.0\Session1\session1_participant43\session1_participant43_gesture12_trial4,1,43,12,WE,1,4
..\data\raw\grabmyo\1.1.0\Session1\session1_participant43\session1_participant43_gesture12_trial5,1,43,12,WE,1,5
..\data\raw\grabmyo\1.1.0\Session1\session1_participant43\session1_participant43_gesture12_trial6,1,43,12,WE,1,6
..\data\raw\grabmyo\1.1.0\Session1\session1_participant43\session1_participant43_gesture12_trial7,1,43,12,WE,1,7
..\data\raw\grabmyo\1.1.0\Session1\session1_participant43\session1_participant43_gesture15_trial1,1,43,15,HO,2,1
..\data\raw\grabmyo\1.1.0\Session1\session1_participant43\session1_participant43_gesture15_trial2,1,43,15,HO,2,2
..\data\raw\grabmyo\1.1.0\Session1\session1_participant43\session1_participant43_gesture15_trial3,1,43,15,HO,2,3
..\data\raw\grabmyo\1.1.0\Session1\session1_participant43\session1_participant43_gesture15_trial4,1,43,15,HO,2,4
..\data\raw\grabmyo\1.1.0\Session1\session1_participant43\session1_participant43_gesture15_trial5,1,43,15,HO,2,5
..\data\raw\grabmyo\1.1.0\Session1\session1_participant43\session1_participant43_gesture15_trial6,1,43,15,HO,2,6
..\data\raw\grabmyo\1.1.0\Session1\session1_participant43\session1_participant43_gesture15_trial7,1,43,15,HO,2,7
..\data\raw\grabmyo\1.1.0\Session1\session1_participant43\session1_participant43_gesture16_trial1,1,43,16,HC,3,1
..\data\raw\grabmyo\1.1.0\Session1\session1_participant43\session1_participant43_gesture16_trial2,1,43,16,HC,3,2
..\data\raw\grabmyo\1.1.0\Session1\session1_participant43\session1_participant43_gesture16_trial3,1,43,16,HC,3,3
..\data\raw\grabmyo\1.1.0\Session1\session1_participant43\session1_participant43_gesture16_trial4,1,43,16,HC,3,4
..\data\raw\grabmyo\1.1.0\Session1\session1_participant43\session1_participant43_gesture16_trial5,1,43,16,HC,3,5
..\data\raw\grabmyo\1.1.0\Session1\session1_participant43\session1_participant43_gesture16_trial6,1,43,16,HC,3,6
..\data\raw\grabmyo\1.1.0\Session1\session1_participant43\session1_participant43_gesture16_trial7,1,43,16,HC,3,7
..\data\raw\grabmyo\1.1.0\Session2\session2_participant43\session2_participant43_gesture11_trial1,2,43,11,WF,0,1
..\data\raw\grabmyo\1.1.0\Session2\session2_participant43\session2_participant43_gesture11_trial2,2,43,11,WF,0,2
..\data\raw\grabmyo\1.1.0\Session2\session2_participant43\session2_participant43_gesture11_trial3,2,43,11,WF,0,3
..\data\raw\grabmyo\1.1.0\Session2\session2_participant43\session2_participant43_gesture11_trial4,2,43,11,WF,0,4
..\data\raw\grabmyo\1.1.0\Session2\session2_participant43\session2_participant43_gesture11_trial5,2,43,11,WF,0,5
..\data\raw\grabmyo\1.1.0\Session2\session2_participant43\session2_participant43_gesture11_trial6,2,43,11,WF,0,6
..\data\raw\grabmyo\1.1.0\Session2\session2_participant43\session2_participant43_gesture11_trial7,2,43,11,WF,0,7
..\data\raw\grabmyo\1.1.0\Session2\session2_participant43\session2_participant43_gesture12_trial1,2,43,12,WE,1,1
..\data\raw\grabmyo\1.1.0\Session2\session2_participant43\session2_participant43_gesture12_trial2,2,43,12,WE,1,2
..\data\raw\grabmyo\1.1.0\Session2\session2_participant43\session2_participant43_gesture12_trial3,2,43,12,WE,1,3
..\data\raw\grabmyo\1.1.0\Session2\session2_participant43\session2_participant43_gesture12_trial4,2,43,12,WE,1,4
..\data\raw\grabmyo\1.1.0\Session2\session2_participant43\session2_participant43_gesture12_trial5,2,43,12,WE,1,5
..\data\raw\grabmyo\1.1.0\Session2\session2_participant43\session2_participant43_gesture12_trial6,2,43,12,WE,1,6
..\data\raw\grabmyo\1.1.0\Session2\session2_participant43\session2_participant43_gesture12_trial7,2,43,12,WE,1,7
..\data\raw\grabmyo\1.1.0\Session2\session2_participant43\session2_participant43_gesture15_trial1,2,43,15,HO,2,1
..\data\raw\grabmyo\1.1.0\Session2\session2_participant43\session2_participant43_gesture15_trial2,2,43,15,HO,2,2
..\data\raw\grabmyo\1.1.0\Session2\session2_participant43\session2_participant43_gesture15_trial3,2,43,15,HO,2,3
..\data\raw\grabmyo\1.1.0\Session2\session2_participant43\session2_participant43_gesture15_trial4,2,43,15,HO,2,4
..\data\raw\grabmyo\1.1.0\Session2\session2_participant43\session2_participant43_gesture15_trial5,2,43,15,HO,2,5
..\data\raw\grabmyo\1.1.0\Session2\session2_participant43\session2_participant43_gesture15_trial6,2,43,15,HO,2,6
..\data\raw\grabmyo\1.1.0\Session2\session2_participant43\session2_participant43_gesture15_trial7,2,43,15,HO,2,7
..\data\raw\grabmyo\1.1.0\Session2\session2_participant43\session2_participant43_gesture16_trial1,2,43,16,HC,3,1
..\data\raw\grabmyo\1.1.0\Session2\session2_participant43\session2_participant43_gesture16_trial2,2,43,16,HC,3,2
..\data\raw\grabmyo\1.1.0\Session2\session2_participant43\session2_participant43_gesture16_trial3,2,43,16,HC,3,3
..\data\raw\grabmyo\1.1.0\Session2\session2_participant43\session2_participant43_gesture16_trial4,2,43,16,HC,3,4
..\data\raw\grabmyo\1.1.0\Session2\session2_participant43\session2_participant43_gesture16_trial5,2,43,16,HC,3,5
..\data\raw\grabmyo\1.1.0\Session2\session2_participant43\session2_participant43_gesture16_trial6,2,43,16,HC,3,6
..\data\raw\grabmyo\1.1.0\Session2\session2_participant43\session2_participant43_gesture16_trial7,2,43,16,HC,3,7
..\data\raw\grabmyo\1.1.0\Session3\session3_participant43\session3_participant43_gesture11_trial1,3,43,11,WF,0,1
..\data\raw\grabmyo\1.1.0\Session3\session3_participant43\session3_participant43_gesture11_trial2,3,43,11,WF,0,2
..\data\raw\grabmyo\1.1.0\Session3\session3_participant43\session3_participant43_gesture11_trial3,3,43,11,WF,0,3
..\data\raw\grabmyo\1.1.0\Session3\session3_participant43\session3_participant43_gesture11_trial4,3,43,11,WF,0,4
..\data\raw\grabmyo\1.1.0\Session3\session3_participant43\session3_participant43_gesture11_trial5,3,43,11,WF,0,5
..\data\raw\grabmyo\1.1.0\Session3\session3_participant43\session3_participant43_gesture11_trial6,3,43,11,WF,0,6
..\data\raw\grabmyo\1.1.0\Session3\session3_participant43\session3_participant43_gesture11_trial7,3,43,11,WF,0,7
..\data\raw\grabmyo\1.1.0\Session3\session3_participant43\session3_participant43_gesture12_trial1,3,43,12,WE,1,1
..\data\raw\grabmyo\1.1.0\Session3\session3_participant43\session3_participant43_gesture12_trial2,3,43,12,WE,1,2
..\data\raw\grabmyo\1.1.0\Session3\session3_participant43\session3_participant43_gesture12_trial3,3,43,12,WE,1,3
..\data\raw\grabmyo\1.1.0\Session3\session3_participant43\session3_participant43_gesture12_trial4,3,43,12,WE,1,4
..\data\raw\grabmyo\1.1.0\Session3\session3_participant43\session3_participant43_gesture12_trial5,3,43,12,WE,1,5
..\data\raw\grabmyo\1.1.0\Session3\session3_participant43\session3_participant43_gesture12_trial6,3,43,12,WE,1,6
..\data\raw\grabmyo\1.1.0\Session3\session3_participant43\session3_participant43_gesture12_trial7,3,43,12,WE,1,7
..\data\raw\grabmyo\1.1.0\Session3\session3_participant43\session3_participant43_gesture15_trial1,3,43,15,HO,2,1
..\data\raw\grabmyo\1.1.0\Session3\session3_participant43\session3_participant43_gesture15_trial2,3,43,15,HO,2,2
..\data\raw\grabmyo\1.1.0\Session3\session3_participant43\session3_participant43_gesture15_trial3,3,43,15,HO,2,3
..\data\raw\grabmyo\1.1.0\Session3\session3_participant43\session3_participant43_gesture15_trial4,3,43,15,HO,2,4
..\data\raw\grabmyo\1.1.0\Session3\session3_participant43\session3_participant43_gesture15_trial5,3,43,15,HO,2,5
..\data\raw\grabmyo\1.1.0\Session3\session3_participant43\session3_participant43_gesture15_trial6,3,43,15,HO,2,6
..\data\raw\grabmyo\1.1.0\Session3\session3_participant43\session3_participant43_gesture15_trial7,3,43,15,HO,2,7
..\data\raw\grabmyo\1.1.0\Session3\session3_participant43\session3_participant43_gesture16_trial1,3,43,16,HC,3,1
..\data\raw\grabmyo\1.1.0\Session3\session3_participant43\session3_participant43_gesture16_trial2,3,43,16,HC,3,2
..\data\raw\grabmyo\1.1.0\Session3\session3_participant43\session3_participant43_gesture16_trial3,3,43,16,HC,3,3
..\data\raw\grabmyo\1.1.0\Session3\session3_participant43\session3_participant43_gesture16_trial4,3,43,16,HC,3,4
..\data\raw\grabmyo\1.1.0\Session3\session3_participant43\session3_participant43_gesture16_trial5,3,43,16,HC,3,5
..\data\raw\grabmyo\1.1.0\Session3\session3_participant43\session3_participant43_gesture16_trial6,3,43,16,HC,3,6
..\data\raw\grabmyo\1.1.0\Session3\session3_participant43\session3_participant43_gesture16_trial7,3,43,16,HC,3,7
